Time (s),Vds (V),IDS,VG,IGS,cycle_id,diff_VG,direction,log_IDS
35.548,-1.0,2.871211712829336e-08,-0.959999978542328,-2.347227301413568e-08,0,-0.06000000238418579,ida,-7.541934783009042
36.547,-1.0,4.696464728226601e-08,-1.019999980926514,-2.4214148908185962e-08,0,-0.0600000023841859,ida,-7.328228934989083
37.548,-1.0,7.603619422980044e-08,-1.080000042915344,-2.489364092639335e-08,0,-0.06000006198883012,ida,-7.118979628607752
38.547,-1.0,1.246713452474069e-07,-1.139999985694885,-2.5334120579145754e-08,0,-0.059999942779541016,ida,-6.904233354307904
39.565,-1.0,2.072190028457044e-07,-1.200000047683716,-2.417607269933342e-08,0,-0.06000006198883101,ida,-6.683570420487573
41.063,-1.0,2.828257095188746e-07,-1.2599999904632573,-2.7974582650358567e-08,0,-0.05999994277954124,ida,-6.548481114695933
41.546,-1.0,4.206094672554173e-07,-1.320000052452087,-2.876910087934448e-08,0,-0.06000006198882968,ida,-6.37612095625618
42.549,-1.0,6.000534540362423e-07,-1.379999995231628,-3.031927420238389e-08,0,-0.059999942779541016,ida,-6.221810060018134
43.546,-1.0,8.312671297971975e-07,-1.440000057220459,-3.220350919264092e-08,0,-0.06000006198883101,ida,-6.080259392155308
44.547,-1.0,1.1279296359134607e-06,-1.5,-3.414837124182668e-08,0,-0.059999942779541016,ida,-5.9477179922743675
45.565,-1.0,1.4732909221493167e-06,-1.559999942779541,-3.678836790754759e-08,0,-0.059999942779541016,ida,-5.831711487095659
46.548,-1.0,1.885218580355286e-06,-1.620000004768372,-3.9440060106699086e-08,0,-0.06000006198883101,ida,-5.724638288567607
47.548,-1.0,2.3569202767248494e-06,-1.679999947547913,-4.235723238821265e-08,0,-0.059999942779541016,ida,-5.627655107320412
48.548,-1.0,2.872860250136e-06,-1.7400000095367427,-4.5593132824706124e-08,0,-0.06000006198882968,ida,-5.541685499685376
49.547,-1.0,3.4204958865302606e-06,-1.799999952316284,-4.915774098890324e-08,0,-0.05999994277954124,ida,-5.465910927519298
50.548,-1.0,3.987478976341663e-06,-1.8600000143051152,-5.305402339672582e-08,0,-0.06000006198883123,ida,-5.399301593711032
51.547,-1.0,4.55962072010152e-06,-1.919999957084656,-5.7246982265724e-08,0,-0.059999942779540794,ida,-5.341071281462249
52.548,-1.0,5.132867954671383e-06,-1.980000019073486,-6.171987365632958e-08,0,-0.06000006198883012,ida,-5.289639908015724
53.547,-1.0,5.707674063160084e-06,-2.039999961853027,-6.639826466425802e-08,0,-0.059999942779540794,ida,-5.243540835244256
54.548,-1.0,6.276692147366704e-06,-2.099999904632568,-7.124690881710194e-08,0,-0.059999942779541016,ida,-5.202269171648569
55.548,-1.0,6.840568403276848e-06,-2.160000085830688,-7.59046301368471e-08,0,-0.06000018119812012,ida,-5.1649078099538
56.613,-1.0,7.404451025649905e-06,-2.2200000286102286,-8.157467590308441e-08,0,-0.05999994277954057,ida,-5.130507135031897
57.548,-1.0,7.958963578857947e-06,-2.2799999713897714,-8.702480869260398e-08,0,-0.05999994277954279,ida,-5.099143482675469
58.546,-1.0,8.668804184708279e-06,-2.339999914169312,-8.962104658394311e-08,0,-0.05999994277954057,ida,-5.062040806999077
60.575,-1.0,9.2177151600481e-06,-2.400000095367432,-9.626116792560424e-08,0,-0.06000018119812012,ida,-5.035376716295099
61.546,-1.0,9.755198334460145e-06,-2.4600000381469727,-1.0432195551857151e-07,0,-0.05999994277954057,ida,-5.010763896470797
62.565,-1.0,1.030340172292199e-05,-2.519999980926514,-1.0954141771435391e-07,0,-0.05999994277954146,ida,-4.987019366985145
115.548,-1.0,1.8447661176423935e-08,0.47999998927116394,3.3163249923973126e-08,0,-0.06000003218650818,ida,-7.734058686554187
116.547,-1.0,1.600124832634719e-08,0.4199999868869781,2.458510373060108e-08,0,-0.060000002384185847,ida,-7.795846134838059
117.548,-1.0,1.382789616144464e-08,0.3600000143051147,1.732970567047687e-08,0,-0.0599999725818634,ida,-7.859243890388014
119.316,-1.0,1.1732018023735692e-08,0.300000011920929,1.125017412562102e-08,0,-0.06000000238418568,ida,-7.930627278490417
119.547,-1.0,1.018348960712956e-08,0.239999994635582,8.245659266492565e-09,0,-0.06000001728534701,ida,-7.992103375493631
120.615,-1.0,8.519804417517206e-09,0.1800000071525574,4.667651598566636e-09,0,-0.0599999874830246,ida,-8.06957037487743
121.547,-1.0,7.273352142789235e-09,0.119999997317791,1.891744094706382e-09,0,-0.0600000098347664,ida,-8.138265385346486
122.548,-1.0,6.197536261964841e-09,0.059999998658895486,-4.759192484549145e-10,0,-0.05999999865889551,ida,-8.207780923483067
123.547,-1.0,5.316126205912041e-09,0.0,-2.5281430282575457e-09,0,-0.059999998658895486,ida,-8.274404717368025
124.547,-1.0,4.664647779151209e-09,-0.059999998658895486,-4.3626546819552906e-09,0,-0.059999998658895486,ida,-8.331181143631538
125.547,-1.0,3.744232479618858e-09,-0.119999997317791,-5.972075722837643e-09,0,-0.05999999865889551,ida,-8.426637193726371
126.548,-1.0,3.1858087279346137e-09,-0.1800000071525574,-7.585966521617138e-09,0,-0.0600000098347664,ida,-8.496780302262493
127.548,-1.0,2.6860953461493856e-09,-0.239999994635582,-9.222829611132962e-09,0,-0.0599999874830246,ida,-8.570878575594474
128.546,-1.0,2.291202561011119e-09,-0.300000011920929,-1.086339995737262e-08,0,-0.06000001728534701,ida,-8.639936513935622
129.546,-1.0,2.0026087454994004e-09,-0.3600000143051147,-1.25122667782307e-08,0,-0.06000000238418568,ida,-8.698403891579293
130.546,-1.0,1.8343806473808397e-09,-0.4199999868869781,-1.413376349290729e-08,0,-0.0599999725818634,ida,-8.736510540037846
131.546,-1.0,1.8015742231369807e-09,-0.47999998927116394,-1.566411356179742e-08,0,-0.060000002384185847,ida,-8.744347840655045
132.547,-1.0,1.965034135409383e-09,-0.5400000214576721,-1.708729335803127e-08,0,-0.06000003218650818,ida,-8.70662990091646
133.547,-1.0,2.4033188772421e-09,-0.6000000238418579,-1.8359161302328175e-08,0,-0.06000000238418579,ida,-8.61918860229685
134.548,-1.0,3.182578200977559e-09,-0.6600000262260437,-1.9438147091932482e-08,0,-0.06000000238418579,ida,-8.497220916241227
135.548,-1.0,4.698622380061578e-09,-0.7200000286102295,-2.0063769312628207e-08,0,-0.06000000238418579,ida,-8.328029457050992
136.615,-1.0,7.170891880292628e-09,-0.7799999713897705,-2.1396720839561567e-08,0,-0.059999942779541016,ida,-8.144426825559401
137.547,-1.0,1.319017428613734e-08,-0.8399999737739563,-2.03202841220218e-08,0,-0.06000000238418579,ida,-7.879749465939029
138.991,-1.0,1.847788055897581e-08,-0.8999999761581422,-2.3554015626814362e-08,0,-0.0600000023841859,ida,-7.7333478444973345
139.549,-1.0,3.067026099756731e-08,-0.959999978542328,-2.394565434826745e-08,1,-0.06000000238418579,ida,-7.5132825282457185
140.549,-1.0,5.026879534852924e-08,-1.019999980926514,-2.457666425925709e-08,1,-0.0600000023841859,ida,-7.298701522167091
141.548,-1.0,8.149222452402682e-08,-1.080000042915344,-2.512058117076776e-08,1,-0.06000006198883012,ida,-7.088883826933679
142.548,-1.0,1.335997552587287e-07,-1.139999985694885,-2.54788048437149e-08,1,-0.059999942779541016,ida,-6.874194337443415
143.566,-1.0,2.0436299053017143e-07,-1.200000047683716,-2.629435158496563e-08,1,-0.06000006198883101,ida,-6.6895977507282325
144.55,-1.0,3.0990599952929193e-07,-1.2599999904632573,-2.724250514063442e-08,1,-0.05999994277954124,ida,-6.508770016089712
145.548,-1.0,4.553818655494979e-07,-1.320000052452087,-2.8504359761427616e-08,1,-0.06000006198882968,ida,-6.3416242680744075
146.547,-1.0,6.48172374440037e-07,-1.379999995231628,-3.013573746102338e-08,1,-0.059999942779541016,ida,-6.188309482843953
147.548,-1.0,8.958530202107796e-07,-1.440000057220459,-3.210204724268806e-08,1,-0.06000006198883101,ida,-6.04776323782395
148.547,-1.0,1.2121116697016987e-06,-1.5,-3.407044601999587e-08,1,-0.059999942779541016,ida,-5.916457367544997
149.565,-1.0,1.57853116888873e-06,-1.559999942779541,-3.675544135717246e-08,1,-0.059999942779541016,ida,-5.801746838324986
150.547,-1.0,2.017443193835788e-06,-1.620000004768372,-3.94382482227229e-08,1,-0.06000006198883101,ida,-5.695198685082216
151.548,-1.0,2.514808102205279e-06,-1.679999947547913,-4.195983294152938e-08,1,-0.059999942779541016,ida,-5.599495149110233
152.618,-1.0,3.056458126593498e-06,-1.7400000095367427,-4.562599542623502e-08,1,-0.06000006198882968,ida,-5.514781549657925
153.547,-1.0,3.6306939819041864e-06,-1.799999952316284,-4.896649130614605e-08,1,-0.05999994277954124,ida,-5.440010354659438
154.566,-1.0,4.2239271351718335e-06,-1.8600000143051152,-5.3099405761258816e-08,1,-0.06000006198883123,ida,-5.374283582203823
155.548,-1.0,4.8213682930509086e-06,-1.919999957084656,-5.7292950828014e-08,1,-0.059999942779540794,ida,-5.316829692509823
156.548,-1.0,5.588417934632162e-06,-1.980000019073486,-5.878291275962511e-08,1,-0.06000006198883012,ida,-5.252711122257693
158.615,-1.0,6.167783794808201e-06,-2.039999961853027,-6.432888710605766e-08,1,-0.059999942779540794,ida,-5.20987085842783
159.548,-1.0,6.752974968549097e-06,-2.099999904632568,-6.956594944540484e-08,1,-0.059999942779541016,ida,-5.170504860088961
160.549,-1.0,7.329753316298592e-06,-2.160000085830688,-7.491064479836494e-08,1,-0.06000018119812012,ida,-5.134910641344284
161.548,-1.0,7.904860467533581e-06,-2.2200000286102286,-8.035986809318274e-08,1,-0.05999994277954057,ida,-5.1021057916033765
162.548,-1.0,8.467260158795396e-06,-2.2799999713897714,-8.597651657282766e-08,1,-0.05999994277954279,ida,-5.072257096211163
163.546,-1.0,9.02820647752378e-06,-2.339999914169312,-9.173628257030941e-08,1,-0.05999994277954057,ida,-5.044398517048441
164.547,-1.0,9.581479389453305e-06,-2.400000095367432,-9.765198427658106e-08,1,-0.06000018119812012,ida,-5.018567430266652
165.547,-1.0,1.014204008242814e-05,-2.4600000381469727,-1.052980422855399e-07,1,-0.05999994277954057,ida,-4.993874677406469
166.582,-1.0,1.065863307303516e-05,-2.519999980926514,-1.1023616508509801e-07,1,-0.05999994277954146,ida,-4.972298488264691
220.547,-1.0,1.881885580701237e-08,0.47999998927116394,3.184839414416274e-08,1,-0.06000003218650818,ida,-7.725406785361834
221.548,-1.0,1.625020473738914e-08,0.4199999868869781,2.351642791609265e-08,1,-0.060000002384185847,ida,-7.78914116294614
222.548,-1.0,1.3915622432136841e-08,0.3600000143051147,1.71056395714686e-08,1,-0.0599999725818634,ida,-7.856497363329453
223.548,-1.0,1.1859321524809728e-08,0.300000011920929,1.199259802575625e-08,1,-0.06000000238418568,ida,-7.92594015637309
224.548,-1.0,1.007299399446993e-08,0.239999994635582,7.84040654622231e-09,1,-0.06000001728534701,ida,-7.996841424975908
225.548,-1.0,8.553779018427575e-09,0.1800000071525574,4.4615031669081864e-09,1,-0.0599999874830246,ida,-8.067841973662699
226.549,-1.0,7.275211988400086e-09,0.119999997317791,1.652371905969119e-09,1,-0.0600000098347664,ida,-8.138154347489676
227.549,-1.0,6.326496659880831e-09,0.059999998658895486,-7.505059351764486e-10,1,-0.05999999865889551,ida,-8.198836716913055
228.548,-1.0,5.287170257162187e-09,0.0,-2.7088404852548816e-09,1,-0.059999998658895486,ida,-8.27677670424299
229.549,-1.0,4.3315053765979875e-09,-0.059999998658895486,-4.447698653819998e-09,1,-0.059999998658895486,ida,-8.36336114218489
230.549,-1.0,2.9559970027293044e-09,-0.119999997317791,-6.665754614942897e-09,1,-0.05999999865889551,ida,-8.529296010635393
231.548,-1.0,2.337336546531787e-09,-0.1800000071525574,-8.51564418979933e-09,1,-0.0600000098347664,ida,-8.631278750261368
232.548,-1.0,2.251708597356128e-09,-0.239999994635582,-9.284770285944431e-09,1,-0.0599999874830246,ida,-8.647487813975602
233.613,-1.0,2.279245903125116e-09,-0.300000011920929,-1.113142999997763e-08,1,-0.06000001728534701,ida,-8.64220881715872
234.547,-1.0,2.127301668153336e-09,-0.3600000143051147,-1.286723616544805e-08,1,-0.06000000238418568,ida,-8.672170919347579
235.547,-1.0,1.986444120305464e-09,-0.4199999868869781,-1.259927806529504e-08,1,-0.0599999725818634,ida,-8.701923647363879
237.341,-1.0,1.5021562882466808e-09,-0.47999998927116394,-1.7538654972781842e-08,1,-0.060000002384185847,ida,-8.82328487985379
237.547,-1.0,1.9790888927673214e-09,-0.5400000214576721,-1.763761048323431e-08,1,-0.06000003218650818,ida,-8.70353469858223
238.623,-1.0,2.3625970069218734e-09,-0.6000000238418579,-1.8967604376030074e-08,1,-0.06000000238418579,ida,-8.62661035056221
239.548,-1.0,3.2105327285592003e-09,-0.6600000262260437,-1.9992018707171162e-08,1,-0.06000000238418579,ida,-8.49342289847441
240.55,-1.0,4.661822483598144e-09,-0.7200000286102295,-2.093881334985781e-08,1,-0.06000000238418579,ida,-8.33144426789429
241.55,-1.0,7.261776957534492e-09,-0.7799999713897705,-2.181993785654868e-08,1,-0.059999942779541016,ida,-8.13895709439305
242.549,-1.0,1.1722218751231141e-08,-0.8399999737739563,-2.260222409233847e-08,1,-0.06000000238418579,ida,-7.930990178401751
243.549,-1.0,1.9203652001920087e-08,-0.8999999761581422,-2.33449224396054e-08,1,-0.0600000023841859,ida,-7.716616172678668
244.549,-1.0,3.158712402751007e-08,-0.959999978542328,-2.404472887462816e-08,2,-0.06000000238418579,ida,-7.50048991432409
245.548,-1.0,5.1760377317577884e-08,-1.019999980926514,-2.472375726370046e-08,2,-0.0600000023841859,ida,-7.286002566451707
246.549,-1.0,8.393438122311635e-08,-1.080000042915344,-2.5284826676852393e-08,2,-0.06000006198883012,ida,-7.076060106907594
247.548,-1.0,1.375068450215622e-07,-1.139999985694885,-2.5590241037320993e-08,2,-0.059999942779541016,ida,-6.861675682334805
248.567,-1.0,2.108584595816865e-07,-1.200000047683716,-2.594869208394357e-08,2,-0.06000006198883101,ida,-6.6760089705279615
249.614,-1.0,3.208814973731933e-07,-1.2599999904632573,-2.7247011757935976e-08,2,-0.05999994277954124,ida,-6.493655324413975
250.55,-1.0,4.7226106403286394e-07,-1.320000052452087,-2.852764247052164e-08,2,-0.06000006198882968,ida,-6.325817858727179
251.548,-1.0,6.73280453611369e-07,-1.379999995231628,-3.01323659357422e-08,2,-0.059999942779541016,ida,-6.171803993599699
252.55,-1.0,9.308963058174413e-07,-1.440000057220459,-3.213468957596888e-08,2,-0.06000006198883101,ida,-6.031098693153346
253.547,-1.0,1.26749989703967e-06,-1.5,-3.38497656571235e-08,2,-0.059999942779541016,ida,-5.897052067272816
254.589,-1.0,1.9092738057224774e-06,-1.559999942779541,-3.063086140286941e-08,2,-0.059999942779541016,ida,-5.719131785704043
256.795,-1.0,2.2719787011737935e-06,-1.620000004768372,-3.66588359668185e-08,2,-0.06000006198883101,ida,-5.643595744266499
257.548,-1.0,2.783490344882011e-06,-1.679999947547913,-4.049614688028669e-08,2,-0.059999942779541016,ida,-5.555410280795605
258.55,-1.0,3.33904495164461e-06,-1.7400000095367427,-4.428429534186762e-08,2,-0.06000006198882968,ida,-5.476377734249074
259.547,-1.0,3.925690634787317e-06,-1.799999952316284,-4.822884847044406e-08,2,-0.05999994277954124,ida,-5.40608392809276
260.548,-1.0,4.52739959655446e-06,-1.8600000143051152,-5.245199119485733e-08,2,-0.06000006198883123,ida,-5.344151172189137
261.548,-1.0,5.135966603120323e-06,-1.919999957084656,-5.694022320312797e-08,2,-0.059999942779540794,ida,-5.289377808951608
262.547,-1.0,5.74122168472968e-06,-1.980000019073486,-6.160498600138453e-08,2,-0.06000006198883012,ida,-5.240995683476215
263.547,-1.0,6.343876066239318e-06,-2.039999961853027,-6.642413552526705e-08,2,-0.059999942779540794,ida,-5.1976453099707385
264.548,-1.0,6.945184395590331e-06,-2.099999904632568,-7.098419985140936e-08,2,-0.059999942779541016,ida,-5.15831621919573
265.615,-1.0,7.536458724644035e-06,-2.160000085830688,-7.665165924208851e-08,2,-0.06000018119812012,ida,-5.1228326750349185
266.548,-1.0,8.123094630718697e-06,-2.2200000286102286,-8.196927581138878e-08,2,-0.05999994277954057,ida,-5.090278487383707
267.549,-1.0,8.701983460923657e-06,-2.2799999713897714,-8.749821489573151e-08,2,-0.05999994277954279,ida,-5.0603817464669305
268.547,-1.0,9.276265700464137e-06,-2.339999914169312,-9.315522930819496e-08,2,-0.05999994277954057,ida,-5.032626820340992
269.547,-1.0,9.839099220698701e-06,-2.400000095367432,-9.901136621692784e-08,2,-0.06000018119812012,ida,-5.00704465983969
270.548,-1.0,1.040873485180782e-05,-2.4600000381469727,-1.0664832217344161e-07,2,-0.05999994277954057,ida,-4.98260205437698
271.581,-1.0,1.092300408345181e-05,-2.519999980926514,-1.113775951466778e-07,2,-0.05999994277954146,ida,-4.961657903989875
325.548,-1.0,1.878464317428552e-08,0.47999998927116394,3.34117657985189e-08,2,-0.06000003218650818,ida,-7.726197050209893
326.548,-1.0,1.6260802482293e-08,0.4199999868869781,2.433834112025579e-08,2,-0.060000002384185847,ida,-7.78885802546816
327.779,-1.0,1.3965821388239872e-08,0.3600000143051147,1.784908754132175e-08,2,-0.0599999725818634,ida,-7.854933516540875
328.549,-1.0,1.1942589139835041e-08,0.300000011920929,1.298741114652557e-08,2,-0.06000000238418568,ida,-7.922901508445781
329.615,-1.0,1.0175585707372652e-08,0.239999994635582,8.436369824948995e-09,2,-0.06000001728534701,ida,-7.992440583364752
330.549,-1.0,8.666884987462707e-09,0.1800000071525574,4.933476294155525e-09,2,-0.0599999874830246,ida,-8.062136966634677
331.548,-1.0,7.394540535443638e-09,0.119999997317791,2.0367740827254006e-09,2,-0.0600000098347664,ida,-8.131088805997136
332.549,-1.0,6.286466014415736e-09,0.059999998658895486,-4.161953837122923e-10,2,-0.05999999865889551,ida,-8.201593427965657
333.547,-1.0,5.462908791997733e-09,0.0,-1.1294126744942899e-09,2,-0.059999998658895486,ida,-8.262576050348086
335.372,-1.0,4.340231285482331e-09,-0.059999998658895486,-6.221795079142112e-09,2,-0.059999998658895486,ida,-8.362487126862524
335.549,-1.0,3.816783333832063e-09,-0.119999997317791,-6.654822914953228e-09,2,-0.05999999865889551,ida,-8.418302492812726
336.548,-1.0,3.240585355612779e-09,-0.1800000071525574,-7.990598405172022e-09,2,-0.0600000098347664,ida,-8.489376534931884
337.548,-1.0,2.752482908263687e-09,-0.239999994635582,-9.530616296160588e-09,2,-0.0599999874830246,ida,-8.560275369129984
338.546,-1.0,2.3663402348717e-09,-0.300000011920929,-1.112781777834471e-08,2,-0.06000001728534701,ida,-8.625922811904147
339.547,-1.0,2.0804762357329305e-09,-0.3600000143051147,-1.2795483783634152e-08,2,-0.06000000238418568,ida,-8.681837240577114
340.546,-1.0,1.9407391249615094e-09,-0.4199999868869781,-1.4417267379940308e-08,2,-0.0599999725818634,ida,-8.712032838750757
341.548,-1.0,1.9322634603469165e-09,-0.47999998927116394,-1.599944887686888e-08,2,-0.060000002384185847,ida,-8.713933658679283
342.548,-1.0,2.125799758445623e-09,-0.5400000214576721,-1.7453778866638462e-08,2,-0.06000003218650818,ida,-8.672477646632007
343.549,-1.0,2.6001811814779777e-09,-0.6000000238418579,-1.879987721054022e-08,2,-0.06000000238418579,ida,-8.584996389192794
344.548,-1.0,3.4880043298102237e-09,-0.6600000262260437,-1.953429062950818e-08,2,-0.06000000238418579,ida,-8.457422984630663
345.616,-1.0,5.0494910475151755e-09,-0.7200000286102295,-2.1044074927090154e-08,2,-0.06000000238418579,ida,-8.296752393444649
346.547,-1.0,7.778811372816108e-09,-0.7799999713897705,-2.192748738139016e-08,2,-0.059999942779541016,ida,-8.10908675952247
347.549,-1.0,1.245566583207847e-08,-0.8399999737739563,-2.272542687364876e-08,2,-0.06000000238418579,ida,-7.904633051791182
348.55,-1.0,2.026592582637932e-08,-0.8999999761581422,-2.3501778301238122e-08,2,-0.0600000023841859,ida,-7.693233551206607
349.548,-1.0,3.313981267183408e-08,-0.959999978542328,-2.418073385968e-08,3,-0.06000000238418579,ida,-7.479649950829739
350.548,-1.0,5.40743343435679e-08,-1.019999980926514,-2.482860139707554e-08,3,-0.0600000023841859,ida,-7.2670088180320915
351.549,-1.0,8.757640301837456e-08,-1.080000042915344,-2.537219501164145e-08,3,-0.06000006198883012,ida,-7.057612896336765
352.548,-1.0,1.4275526893925422e-07,-1.139999985694885,-2.561504786058322e-08,3,-0.059999942779541016,ida,-6.845407853456796
353.569,-1.0,2.38466157043149e-07,-1.200000047683716,-2.4785864027876408e-08,3,-0.06000006198883101,ida,-6.622573247031892
354.985,-1.0,3.2720421927479043e-07,-1.2599999904632573,-2.8068244617429634e-08,3,-0.05999994277954124,ida,-6.48518110476861
355.549,-1.0,4.854572921431101e-07,-1.320000052452087,-2.879064098237905e-08,3,-0.06000006198882968,ida,-6.313848970910298
356.556,-1.0,6.928153197804933e-07,-1.379999995231628,-3.038892870677046e-08,3,-0.059999942779541016,ida,-6.1593825176094
357.549,-1.0,9.582263373886237e-07,-1.440000057220459,-3.232013057186123e-08,3,-0.06000006198883101,ida,-6.018531896486271
358.549,-1.0,1.296982759413368e-06,-1.5,-3.433486384096796e-08,3,-0.059999942779541016,ida,-5.887065796885391
359.564,-1.0,1.6913652416405973e-06,-1.559999942779541,-3.7020065235537913e-08,3,-0.059999942779541016,ida,-5.771762598611017
360.548,-1.0,2.160569465559092e-06,-1.620000004768372,-3.9335418478003696e-08,3,-0.06000006198883101,ida,-5.665431765907248
361.613,-1.0,2.692286898309248e-06,-1.679999947547913,-4.2721879367491056e-08,3,-0.059999942779541016,ida,-5.569878662236491
362.548,-1.0,3.2746088436397254e-06,-1.7400000095367427,-4.597597325073366e-08,3,-0.06000006198882968,ida,-5.4848405696247005
363.548,-1.0,3.890595507982653e-06,-1.799999952316284,-4.9588742001560604e-08,3,-0.05999994277954124,ida,-5.40998391897334
364.547,-1.0,4.524743417277932e-06,-1.8600000143051152,-5.3495206486786635e-08,3,-0.06000006198883123,ida,-5.344406043115079
365.549,-1.0,5.165022685105214e-06,-1.919999957084656,-5.773385680640786e-08,3,-0.059999942779540794,ida,-5.286927766691432
366.549,-1.0,5.800440249004168e-06,-1.980000019073486,-6.222839488145837e-08,3,-0.06000006198883012,ida,-5.2365390425651475
367.549,-1.0,6.430846497096353e-06,-2.039999961853027,-6.691416842841136e-08,3,-0.059999942779540794,ida,-5.191731856808096
368.548,-1.0,7.056552021822426e-06,-2.099999904632568,-7.184321759723389e-08,3,-0.059999942779541016,ida,-5.1514074524434275
369.548,-1.0,7.679587724851443e-06,-2.160000085830688,-7.690363190704375e-08,3,-0.06000018119812012,ida,-5.114662094242972
370.549,-1.0,8.287095624837093e-06,-2.2200000286102286,-8.217324420911609e-08,3,-0.05999994277954057,ida,-5.081597649801228
371.547,-1.0,8.89150032890029e-06,-2.2799999713897714,-8.756965286238483e-08,3,-0.05999994277954279,ida,-5.0510249511123515
372.55,-1.0,9.657118425820954e-06,-2.339999914169312,-9.07955808315819e-08,3,-0.05999994277954057,ida,-5.015152442782857
374.564,-1.0,1.027141752274474e-05,-2.400000095367432,-9.759161656575088e-08,3,-0.06000018119812012,ida,-4.988369616789858
375.565,-1.0,1.081995924323564e-05,-2.4600000381469727,-1.0601484490280201e-07,3,-0.05999994277954057,ida,-4.965774375132518
376.564,-1.0,1.136740411311621e-05,-2.519999980926514,-1.10501048311562e-07,3,-0.05999994277954146,ida,-4.9443387004894825
429.548,-1.0,1.954846418072975e-08,0.47999998927116394,3.447282281854314e-08,3,-0.06000003218650818,ida,-7.708887357144576
430.548,-1.0,1.679533667697797e-08,0.4199999868869781,2.5505650924628753e-08,3,-0.060000002384185847,ida,-7.774811285928409
431.548,-1.0,1.4400494130484281e-08,0.3600000143051147,1.789791603812318e-08,3,-0.0599999725818634,ida,-7.841622605511637
433.469,-1.0,1.2260246151640792e-08,0.300000011920929,1.246013692224324e-08,3,-0.06000000238418568,ida,-7.911500810304867
434.549,-1.0,1.040040231714556e-08,0.239999994635582,8.108794524730456e-09,3,-0.06000001728534701,ida,-7.98294986063037
435.549,-1.0,8.833670683827675e-09,0.1800000071525574,4.6086432448078085e-09,3,-0.0599999874830246,ida,-8.053858795123165
436.548,-1.0,7.502293897232447e-09,0.119999997317791,1.729345333600918e-09,3,-0.0600000098347664,ida,-8.124805926662741
437.548,-1.0,6.366503324528593e-09,0.059999998658895486,-6.733894553079267e-10,3,-0.05999999865889551,ida,-8.196099029801658
438.547,-1.0,5.41102895823542e-09,0.0,-2.679824806506304e-09,3,-0.059999998658895486,ida,-8.266720141844873
439.55,-1.0,4.5923354008436945e-09,-0.059999998658895486,-4.532385133870775e-09,3,-0.059999998658895486,ida,-8.337966400789465
440.548,-1.0,3.890764599390195e-09,-0.119999997317791,-5.801916280745444e-09,3,-0.05999999865889551,ida,-8.409965044261405
441.615,-1.0,3.2851339426542836e-09,-0.1800000071525574,-7.853233618959619e-09,3,-0.0600000098347664,ida,-8.483446918533499
442.548,-1.0,2.795338627237243e-09,-0.239999994635582,-9.473001938431478e-09,3,-0.0599999874830246,ida,-8.55356557417021
443.55,-1.0,2.3913622193560964e-09,-0.300000011920929,-1.117196113398222e-08,3,-0.06000001728534701,ida,-8.62135463636723
444.549,-1.0,2.108812457990439e-09,-0.3600000143051147,-1.2890374989638081e-08,3,-0.06000000238418568,ida,-8.67596204144661
445.548,-1.0,1.9485950630837574e-09,-0.4199999868869781,-1.459192056074698e-08,3,-0.0599999725818634,ida,-8.710278402103455
446.547,-1.0,1.9436479092860277e-09,-0.47999998927116394,-1.619118528140007e-08,3,-0.060000002384185847,ida,-8.71138240448343
447.548,-1.0,2.159702860993207e-09,-0.5400000214576721,-1.767320689793905e-08,3,-0.06000003218650818,ida,-8.665605996399012
448.549,-1.0,2.6111603990131016e-09,-0.6000000238418579,-1.905273272484465e-08,3,-0.06000000238418579,ida,-8.583166449407736
449.547,-1.0,3.5295248945743643e-09,-0.6600000262260437,-2.023179490606708e-08,3,-0.06000000238418579,ida,-8.452283750575736
450.549,-1.0,5.1166297865279375e-09,-0.7200000286102295,-2.129307929976676e-08,3,-0.06000000238418579,ida,-8.29101600524492
451.549,-1.0,8.993398914469708e-09,-0.7799999713897705,-1.995903353702033e-08,3,-0.059999942779541016,ida,-8.046076142435467
453.224,-1.0,1.1890292306304668e-08,-0.8399999737739563,-2.436444823672446e-08,3,-0.06000000238418579,ida,-7.924807468724056
453.548,-1.0,1.9806433826374807e-08,-0.8999999761581422,-2.4377346363735345e-08,3,-0.0600000023841859,ida,-7.703193712697067
454.549,-1.0,3.263380676798988e-08,-0.959999978542328,-2.487394823447175e-08,4,-0.06000000238418579,ida,-7.4863322623475534
455.548,-1.0,5.348696774376549e-08,-1.019999980926514,-2.5415147320018153e-08,4,-0.0600000023841859,ida,-7.271752022211133
456.549,-1.0,8.697301012716707e-08,-1.080000042915344,-2.536151377796614e-08,4,-0.06000006198883012,ida,-7.060615498776716
457.616,-1.0,1.426944749027825e-07,-1.139999985694885,-2.604857662902305e-08,4,-0.059999942779541016,ida,-6.8455928423421675
458.567,-1.0,2.196151029920657e-07,-1.200000047683716,-2.6791179053020642e-08,4,-0.06000006198883101,ida,-6.658337796641927
459.548,-1.0,3.346927144320944e-07,-1.2599999904632573,-2.75941260952095e-08,4,-0.05999994277954124,ida,-6.475353741231635
460.548,-1.0,4.93811114665732e-07,-1.320000052452087,-2.883189864633096e-08,4,-0.06000006198882968,ida,-6.3064391392245165
461.547,-1.0,7.052238970572945e-07,-1.379999995231628,-3.0422270924646e-08,4,-0.059999942779541016,ida,-6.151672979718893
462.551,-1.0,9.764748938323464e-07,-1.440000057220459,-3.241061108383292e-08,4,-0.06000006198883101,ida,-6.01033891838764
463.549,-1.0,1.3221549579611753e-06,-1.5,-3.442014673282756e-08,4,-0.059999942779541016,ida,-5.878717642094214
464.565,-1.0,1.723258492347668e-06,-1.559999942779541,-3.7132526387040337e-08,4,-0.059999942779541016,ida,-5.763649572592579
465.548,-1.0,2.202308223786531e-06,-1.620000004768372,-3.9899028081435966e-08,4,-0.06000006198883101,ida,-5.657121899477767
466.548,-1.0,2.744415951383417e-06,-1.679999947547913,-4.289432808946003e-08,4,-0.059999942779541016,ida,-5.561550065086166
467.548,-1.0,3.335911060275976e-06,-1.7400000095367427,-4.616963877879243e-08,4,-0.06000006198882968,ida,-5.476785536735219
468.549,-1.0,3.960782123613171e-06,-1.799999952316284,-4.9825917614043647e-08,4,-0.05999994277954124,ida,-5.402219046794143
469.548,-1.0,4.606729817169253e-06,-1.8600000143051152,-5.379134648819672e-08,4,-0.06000006198883123,ida,-5.3366072581951975
470.549,-1.0,5.581661298492691e-06,-1.919999957084656,-5.204761066579522e-08,4,-0.059999942779540794,ida,-5.253236520527167
472.798,-1.0,6.075684723327868e-06,-1.980000019073486,-5.973697625449859e-08,4,-0.06000006198883012,ida,-5.2164047704365535
473.547,-1.0,6.716906682413537e-06,-2.039999961853027,-6.501949201265234e-08,4,-0.059999942779540794,ida,-5.172830685286894
474.549,-1.0,7.345157882809872e-06,-2.099999904632568,-7.044729244398695e-08,4,-0.059999942779541016,ida,-5.133998864693849
475.547,-1.0,7.972700586833525e-06,-2.160000085830688,-7.584307581964822e-08,4,-0.06000018119812012,ida,-5.098394545442284
476.55,-1.0,8.586564945289865e-06,-2.2200000286102286,-8.135268814157826e-08,4,-0.05999994277954057,ida,-5.06618054090312
477.55,-1.0,9.18822297535371e-06,-2.2799999713897714,-8.702343734512397e-08,4,-0.05999994277954279,ida,-5.036768474100573
478.549,-1.0,9.78389198280638e-06,-2.339999914169312,-9.286146251952233e-08,4,-0.05999994277954057,ida,-5.0094883506907095
479.548,-1.0,1.038565642375033e-05,-2.400000095367432,-9.8670504655729e-08,4,-0.06000018119812012,ida,-4.9835660487482265
480.565,-1.0,1.0942125300061892e-05,-2.4600000381469727,-1.0674106931674031e-07,4,-0.05999994277954057,ida,-4.960898316353113
481.564,-1.0,1.15088814709452e-05,-2.519999980926514,-1.1148357259571641e-07,4,-0.05999994277954146,ida,-4.938966882677873
535.548,-1.0,1.921397441151385e-08,0.47999998927116394,3.29510925212162e-08,4,-0.06000003218650818,ida,-7.7163827920118795
536.614,-1.0,1.664218984842591e-08,0.4199999868869781,2.43704327829164e-08,4,-0.060000002384185847,ida,-7.778789528014405
537.547,-1.0,1.42934322155952e-08,0.3600000143051147,1.78572410192146e-08,4,-0.0599999725818634,ida,-7.844863473566282
538.549,-1.0,1.2192749920814088e-08,0.300000011920929,1.25810979412222e-08,4,-0.06000000238418568,ida,-7.913898333696776
539.547,-1.0,1.039162889071577e-08,0.239999994635582,8.323263855913865e-09,4,-0.06000001728534701,ida,-7.983316371326116
540.548,-1.0,8.824539321494738e-09,0.1800000071525574,4.805815301267558e-09,4,-0.0599999874830246,ida,-8.054307957368462
541.547,-1.0,7.465028595277088e-09,0.119999997317791,1.908242674986127e-09,4,-0.0600000098347664,ida,-8.126968524342537
542.548,-1.0,6.374084815519153e-09,0.059999998658895486,-5.468011043952004e-10,4,-0.05999999865889551,ida,-8.195582161968831
543.547,-1.0,5.42924416535584e-09,0.0,-2.600479165337788e-09,4,-0.059999998658895486,ida,-8.265260626702718
544.547,-1.0,4.608070813816312e-09,-0.059999998658895486,-4.4279335753572005e-09,4,-0.059999998658895486,ida,-8.33648085558021
545.548,-1.0,3.917634661121383e-09,-0.119999997317791,-6.153070941650184e-09,4,-0.05999999865889551,ida,-8.406976066569182
546.547,-1.0,3.3214926364877324e-09,-0.1800000071525574,-7.779884292347106e-09,4,-0.0600000098347664,ida,-8.478666706021254
547.548,-1.0,2.8132201013164596e-09,-0.239999994635582,-9.467208350599775e-09,4,-0.0599999874830246,ida,-8.550796288080887
548.546,-1.0,2.4227500006190886e-09,-0.300000011920929,-1.116921932720061e-08,4,-0.06000001728534701,ida,-8.615691397646714
549.546,-1.0,2.317142477892276e-09,-0.3600000143051147,-1.1082089024228032e-08,4,-0.06000000238418568,ida,-8.635047261220818
551.446,-1.0,2.0827890523378297e-09,-0.4199999868869781,-1.278425454387389e-08,4,-0.0599999725818634,ida,-8.681354713751178
552.613,-1.0,2.0523072130629316e-09,-0.47999998927116394,-1.521583747887689e-08,4,-0.060000002384185847,ida,-8.687757628476641
553.548,-1.0,2.270841514828703e-09,-0.5400000214576721,-1.698260376770122e-08,4,-0.06000003218650818,ida,-8.643813174735415
554.547,-1.0,2.7437090377446785e-09,-0.6000000238418579,-1.8482852581769287e-08,4,-0.06000000238418579,ida,-8.561661946172983
555.548,-1.0,3.69162567182002e-09,-0.6600000262260437,-1.9847250953830553e-08,4,-0.06000000238418579,ida,-8.432782342560774
556.547,-1.0,5.3340794003986494e-09,-0.7200000286102295,-2.100395057880178e-08,4,-0.06000000238418579,ida,-8.272940523910796
557.548,-1.0,8.134615647747976e-09,-0.7799999713897705,-2.2031819923995496e-08,4,-0.059999942779541016,ida,-8.089662962211516
558.547,-1.0,1.292948770270641e-08,-0.8399999737739563,-2.2928512422026873e-08,4,-0.06000000238418579,ida,-7.888418682567045
559.548,-1.0,2.10144879275731e-08,-0.8999999761581422,-2.3728489395580248e-08,4,-0.0600000023841859,ida,-7.677481188239504
560.548,-1.0,3.428546335726423e-08,-0.959999978542328,-2.449698399686895e-08,5,-0.06000000238418579,ida,-7.464889976805484
561.547,-1.0,5.263338209715585e-08,-1.019999980926514,-2.529467302281319e-08,5,-0.0600000023841859,ida,-7.278738722345645
562.548,-1.0,8.278500018832345e-08,-1.080000042915344,-2.5763881694729207e-08,5,-0.06000006198883012,ida,-7.0820483458911
563.547,-1.0,1.3680731569820642e-07,-1.139999985694885,-2.5981211848602473e-08,5,-0.059999942779541016,ida,-6.863890678329264
564.565,-1.0,2.208144707083193e-07,-1.200000047683716,-2.6595603941359514e-08,5,-0.06000006198883101,ida,-6.655972469245175
565.546,-1.0,3.441482760990766e-07,-1.2599999904632573,-2.763628970114951e-08,5,-0.05999994277954124,ida,-6.463254401564362
566.546,-1.0,5.091689558867074e-07,-1.320000052452087,-2.864954495862548e-08,5,-0.06000006198882968,ida,-6.293138083215748
567.547,-1.0,7.283563832061191e-07,-1.379999995231628,-2.997991899178487e-08,5,-0.059999942779541016,ida,-6.137656069329706
568.612,-1.0,1.016437977341411e-06,-1.440000057220459,-3.216502619807216e-08,5,-0.06000006198883101,ida,-5.992919116701473
569.564,-1.0,1.441107997379731e-06,-1.5,-3.300544193507449e-08,5,-0.059999942779541016,ida,-5.841303471713021
571.075,-1.0,1.764768285283935e-06,-1.559999942779541,-3.807405235534134e-08,5,-0.059999942779541016,ida,-5.7533123095559375
571.547,-1.0,2.2694516701449166e-06,-1.620000004768372,-4.034472667058253e-08,5,-0.06000006198883101,ida,-5.644079061483752
572.55,-1.0,2.8303550152486415e-06,-1.679999947547913,-4.3283524320258955e-08,5,-0.059999942779541016,ida,-5.54815908691617
573.548,-1.0,3.440974751356407e-06,-1.7400000095367427,-4.657839625110682e-08,5,-0.06000006198882968,ida,-5.463318514065155
574.547,-1.0,4.084190095454687e-06,-1.799999952316284,-5.022269533583312e-08,5,-0.05999994277954124,ida,-5.388894052215467
575.548,-1.0,4.748531409859424e-06,-1.8600000143051152,-5.422195314963574e-08,5,-0.06000006198883123,ida,-5.323440684945902
576.547,-1.0,5.415686246124096e-06,-1.919999957084656,-5.848270845376646e-08,5,-0.059999942779540794,ida,-5.266346504131629
577.548,-1.0,6.081429546611616e-06,-1.980000019073486,-6.308200539706377e-08,5,-0.06000006198883012,ida,-5.215994320196151
578.547,-1.0,6.744310667272657e-06,-2.039999961853027,-6.781974803971025e-08,5,-0.059999942779540794,ida,-5.171062432752428
579.548,-1.0,7.395520242425847e-06,-2.099999904632568,-7.278862312887213e-08,5,-0.059999942779541016,ida,-5.131031269879703
580.548,-1.0,8.039166459639091e-06,-2.160000085830688,-7.796213452593292e-08,5,-0.06000018119812012,ida,-5.094788978707471
581.547,-1.0,8.676043762534391e-06,-2.2200000286102286,-8.324638400836194e-08,5,-0.05999994277954057,ida,-5.0616782660424375
582.548,-1.0,9.295790732721798e-06,-2.2799999713897714,-8.878784285570873e-08,5,-0.05999994277954279,ida,-5.0317136617015015
583.546,-1.0,9.912341738527177e-06,-2.339999914169312,-9.403080980519009e-08,5,-0.05999994277954057,ida,-5.003823733609576
584.612,-1.0,1.053473897627555e-05,-2.400000095367432,-1.0185086551928181e-07,5,-0.06000018119812012,ida,-4.977376220622332
585.58,-1.0,1.110573975893203e-05,-2.4600000381469727,-1.0666823158089761e-07,5,-0.05999994277954057,ida,-4.954452507577299
586.546,-1.0,1.16886849355069e-05,-2.519999980926514,-1.1306286040735361e-07,5,-0.05999994277954146,ida,-4.932234347467709
640.548,-1.0,1.9502568449070168e-08,0.47999998927116394,3.414150384628556e-08,5,-0.06000003218650818,ida,-7.709908189160412
641.548,-1.0,1.687723383270168e-08,0.4199999868869781,2.534780563223649e-08,5,-0.060000002384185847,ida,-7.772698732451891
642.548,-1.0,1.450321729379311e-08,0.3600000143051147,1.856569120661788e-08,5,-0.0599999725818634,ida,-7.838535646182193
643.548,-1.0,1.2403667426497121e-08,0.300000011920929,1.3135886156590001e-08,5,-0.06000000238418568,ida,-7.906449886805353
644.547,-1.0,1.0552132501118188e-08,0.239999994635582,8.738410883779578e-09,5,-0.06000001728534701,ida,-7.976659764074354
645.548,-1.0,8.991873023944661e-09,0.1800000071525574,5.137038350255807e-09,5,-0.0599999874830246,ida,-8.046149834491821
646.547,-1.0,7.684183067624417e-09,0.119999997317791,2.166593127128635e-09,5,-0.0600000098347664,ida,-8.114402297075307
647.548,-1.0,6.753265946457532e-09,0.059999998658895486,1.326334486684289e-09,5,-0.05999999865889551,ida,-8.170486147243425
649.487,-1.0,5.6510689461219946e-09,0.0,-1.5499830308129958e-09,5,-0.059999998658895486,ida,-8.24786939404033
650.548,-1.0,4.795932984080763e-09,-0.059999998658895486,-3.814470961316374e-09,5,-0.059999998658895486,ida,-8.319126894140176
651.549,-1.0,4.058635205694827e-09,-0.119999997317791,-5.7661653229956755e-09,5,-0.05999999865889551,ida,-8.391619981763128
652.548,-1.0,3.4483433886123285e-09,-0.1800000071525574,-7.572364957297849e-09,5,-0.0600000098347664,ida,-8.462389493324729
653.546,-1.0,2.933061127308179e-09,-0.239999994635582,-9.323644967196287e-09,5,-0.0599999874830246,ida,-8.532678885885455
654.546,-1.0,2.5100350686813036e-09,-0.300000011920929,-1.10986473345065e-08,5,-0.06000001728534701,ida,-8.60032021077857
655.546,-1.0,2.2155166590209766e-09,-0.3600000143051147,-1.288346052064071e-08,5,-0.06000000238418568,ida,-8.65452498005183
656.546,-1.0,2.0600676720050606e-09,-0.4199999868869781,-1.46285890068043e-08,5,-0.0599999725818634,ida,-8.686118513079556
657.547,-1.0,2.0621537810683317e-09,-0.47999998927116394,-1.629988055640297e-08,5,-0.060000002384185847,ida,-8.685678951186786
658.548,-1.0,2.2739410354688516e-09,-0.5400000214576721,-1.785544156973629e-08,5,-0.06000003218650818,ida,-8.643220800995037
659.548,-1.0,2.7571915861557264e-09,-0.6000000238418579,-1.928663273531583e-08,5,-0.06000000238418579,ida,-8.559533055468622
660.548,-1.0,3.6896468103009275e-09,-0.6600000262260437,-2.0561719438205728e-08,5,-0.06000000238418579,ida,-8.43301520448556
661.547,-1.0,5.3359272556008355e-09,-0.7200000286102295,-2.1665620408839456e-08,5,-0.06000000238418579,ida,-8.27279009976364
662.547,-1.0,8.184552591217198e-09,-0.7799999713897705,-2.2636069019199567e-08,5,-0.059999942779541016,ida,-8.087005056322454
663.547,-1.0,1.302839525152422e-08,-0.8399999737739563,-2.301021773121192e-08,5,-0.06000000238418579,ida,-7.885109074412346
664.614,-1.0,2.123653963792549e-08,-0.8999999761581422,-2.423006328911015e-08,5,-0.0600000023841859,ida,-7.672916247410953
665.548,-1.0,3.482254840037058e-08,-0.959999978542328,-2.4881780191776673e-08,6,-0.06000000238418579,ida,-7.458139449309439
666.548,-1.0,5.6911719781282955e-08,-1.019999980926514,-2.5483096521838888e-08,6,-0.0600000023841859,ida,-7.244798290507714
667.548,-1.0,1.0590004961841261e-07,-1.080000042915344,-2.37933281965752e-08,6,-0.06000006198883012,ida,-6.975103836408117
669.029,-1.0,1.452972924198548e-07,-1.139999985694885,-2.723108494251392e-08,6,-0.059999942779541016,ida,-6.837742478599931
669.548,-1.0,2.313834386313829e-07,-1.200000047683716,-2.718335423423923e-08,6,-0.06000006198883101,ida,-6.635667729085222
670.549,-1.0,3.542872661910224e-07,-1.2599999904632573,-2.793962927682969e-08,6,-0.05999994277954124,ida,-6.450644456818263
671.547,-1.0,5.246735668151815e-07,-1.320000052452087,-2.914078223170691e-08,6,-0.06000006198882968,ida,-6.28011081511456
672.547,-1.0,7.492110967177724e-07,-1.379999995231628,-3.079788868376454e-08,6,-0.059999942779541016,ida,-6.125395798825355
673.546,-1.0,1.044427108354284e-06,-1.440000057220459,-3.256763392300854e-08,6,-0.06000006198883101,ida,-5.981121864486117
674.563,-1.0,1.398266476826393e-06,-1.5,-3.47999709049418e-08,6,-0.059999942779541016,ida,-5.854410054350781
675.568,-1.0,1.8323552239962735e-06,-1.559999942779541,-3.76188147299672e-08,6,-0.059999942779541016,ida,-5.7369903293216975
676.548,-1.0,2.3372101622953774e-06,-1.620000004768372,-4.0387941879771454e-08,6,-0.06000006198883101,ida,-5.631302234025637
677.549,-1.0,2.908558826675289e-06,-1.679999947547913,-4.349466564690375e-08,6,-0.059999942779541016,ida,-5.536322148010669
678.548,-1.0,3.5325358567206426e-06,-1.7400000095367427,-4.6893191552044307e-08,6,-0.06000006198882968,ida,-5.4519134211858775
679.547,-1.0,4.192114829493221e-06,-1.799999952316284,-5.010023329532487e-08,6,-0.05999994277954124,ida,-5.377566829761866
680.614,-1.0,4.870074917562306e-06,-1.8600000143051152,-5.463740748723467e-08,6,-0.06000006198883123,ida,-5.3124643578749655
681.547,-1.0,5.552494258154184e-06,-1.919999957084656,-5.893669197121199e-08,6,-0.059999942779540794,ida,-5.25551188188408
682.548,-1.0,6.2317644733411726e-06,-1.980000019073486,-6.354306947287114e-08,6,-0.06000006198883012,ida,-5.205388968984595
683.548,-1.0,6.9060083660588126e-06,-2.039999961853027,-6.834579835413024e-08,6,-0.059999942779540794,ida,-5.160772899874346
684.548,-1.0,7.572439699288224e-06,-2.099999904632568,-7.335914631312335e-08,6,-0.059999942779541016,ida,-5.120764176347124
685.547,-1.0,8.232465006585697e-06,-2.160000085830688,-7.851112115986325e-08,6,-0.06000018119812012,ida,-5.084470106650556
686.548,-1.0,9.053806024894584e-06,-2.2200000286102286,-8.078070123929137e-08,6,-0.05999994277954057,ida,-5.0431688143713975
688.578,-1.0,9.688221325632186e-06,-2.2799999713897714,-8.711954535556286e-08,6,-0.05999994277954279,ida,-5.013755948374209
689.546,-1.0,1.0334992111893372e-05,-2.339999914169312,-9.313616544659453e-08,6,-0.05999994277954057,ida,-4.985689850508632
690.564,-1.0,1.0922610272245952e-05,-2.400000095367432,-9.964710301346712e-08,6,-0.06000018119812012,ida,-4.961673562055686
691.546,-1.0,1.152112417912576e-05,-2.4600000381469727,-1.079003837389791e-07,6,-0.05999994277954057,ida,-4.938505142356311
692.564,-1.0,1.209433048643405e-05,-2.519999980926514,-1.1304414471169371e-07,6,-0.05999994277954146,ida,-4.917418168153294
745.547,-1.0,1.9715226784455808e-08,0.47999998927116394,3.194019981833662e-08,6,-0.06000003218650818,ida,-7.705198222868147
747.289,-1.0,1.702630569866415e-08,0.4199999868869781,2.451801250913377e-08,6,-0.060000002384185847,ida,-7.768879573336981
747.548,-1.0,1.459826215466364e-08,0.3600000143051147,1.84026962557482e-08,6,-0.0599999725818634,ida,-7.835698841582816
748.549,-1.0,1.188070797297769e-08,0.300000011920929,1.260321180751589e-08,6,-0.06000000238418568,ida,-7.925157678917425
749.566,-1.0,1.005430227962734e-08,0.239999994635582,8.053970823596046e-09,6,-0.06000001728534701,ida,-7.997648061976384
750.547,-1.0,8.356785485830187e-09,0.1800000071525574,4.362845640315527e-09,6,-0.0599999874830246,ida,-8.077960745794527
751.547,-1.0,7.10839032080912e-09,0.119999997317791,1.4102101708601818e-09,6,-0.0600000098347664,ida,-8.148228733157186
752.548,-1.0,5.815482317927945e-09,0.059999998658895486,-1.113212078074355e-09,6,-0.05999999865889551,ida,-8.235414260414798
753.547,-1.0,5.562186267127344e-09,0.0,-2.639389151681826e-09,6,-0.059999998658895486,ida,-8.25475447152525
754.548,-1.0,4.934334718598165e-09,-0.059999998658895486,-4.464554947958276e-09,6,-0.059999998658895486,ida,-8.306771393656655
755.547,-1.0,3.988099184226711e-09,-0.119999997317791,-6.091773752103791e-09,6,-0.05999999865889551,ida,-8.399234049300526
756.548,-1.0,3.4779310542631947e-09,-0.1800000071525574,-7.763659937154442e-09,6,-0.0600000098347664,ida,-8.45867903160583
757.548,-1.0,2.9870868001324875e-09,-0.239999994635582,-9.486198493391383e-09,6,-0.0599999874830246,ida,-8.524752157285105
758.546,-1.0,2.550363475961603e-09,-0.300000011920929,-1.0775577763411088e-08,6,-0.06000001728534701,ida,-8.593397919818923
759.6119999999999,-1.0,2.2808075428315525e-09,-0.3600000143051147,-1.296631069180876e-08,6,-0.06000000238418568,ida,-8.641911359446095
760.546,-1.0,2.137184207384735e-09,-0.4199999868869781,-1.470719634966144e-08,6,-0.0599999725818634,ida,-8.670158043674517
761.546,-1.0,2.1590709220475897e-09,-0.47999998927116394,-1.637017810196539e-08,6,-0.060000002384185847,ida,-8.66573309154811
762.547,-1.0,2.4042725588202525e-09,-0.5400000214576721,-1.792725257132588e-08,6,-0.06000003218650818,ida,-8.619016300362368
763.548,-1.0,2.9724598338276556e-09,-0.6000000238418579,-1.933898907680032e-08,6,-0.06000000238418579,ida,-8.526884005191985
764.548,-1.0,5.7268261244303176e-09,-0.6600000262260437,-1.3985574476294e-08,6,-0.06000000238418579,ida,-8.242086002559237
766.7759999999998,-1.0,6.810927377642884e-09,-0.7200000286102295,-1.8912219346134407e-08,6,-0.06000000238418579,ida,-8.166793750411431
767.547,-1.0,1.018580242373446e-08,-0.7799999713897705,-2.059745796145762e-08,6,-0.059999942779541016,ida,-7.992004752184392
768.549,-1.0,1.596962206917851e-08,-0.8399999737739563,-2.1907913705376807e-08,6,-0.06000000238418579,ida,-7.796705361583023
769.547,-1.0,2.5583911877902207e-08,-0.8999999761581422,-2.2936331944833913e-08,6,-0.0600000023841859,ida,-7.592033049493976
770.548,-1.0,4.131218389602509e-08,-0.959999978542328,-2.37795951818498e-08,7,-0.06000000238418579,ida,-7.383921846201745
771.548,-1.0,6.657594298076219e-08,-1.019999980926514,-2.449220382061412e-08,7,-0.0600000023841859,ida,-7.176682673504248
772.548,-1.0,1.1040020098107561e-07,-1.080000042915344,-2.492275186227744e-08,7,-0.06000006198883012,ida,-6.957030135982793
773.5639999999999,-1.0,1.7070651381345672e-07,-1.139999985694885,-2.558789269357931e-08,7,-0.059999942779541016,ida,-6.76774990677474
774.548,-1.0,2.656040294368723e-07,-1.200000047683716,-2.574222079942956e-08,7,-0.06000006198883101,ida,-6.575765340640901
775.613,-1.0,4.0074633034237195e-07,-1.2599999904632573,-2.721105829550652e-08,7,-0.05999994277954124,ida,-6.397130445815627
776.546,-1.0,5.858871645614272e-07,-1.320000052452087,-2.858243064451926e-08,7,-0.06000006198882968,ida,-6.232186016280255
777.546,-1.0,8.289093784696888e-07,-1.379999995231628,-3.036154438973426e-08,7,-0.059999942779541016,ida,-6.081492946629247
778.546,-1.0,1.145241185440682e-06,-1.440000057220459,-3.22272768471521e-08,7,-0.06000006198883101,ida,-5.941103042166334
779.563,-1.0,1.522921252217202e-06,-1.5,-3.48426709706473e-08,7,-0.059999942779541016,ida,-5.8173225527451935
780.547,-1.0,1.982191861316096e-06,-1.559999942779541,-3.746295007545086e-08,7,-0.059999942779541016,ida,-5.7028543113652965
781.547,-1.0,2.516099129934446e-06,-1.620000004768372,-4.0313079097131777e-08,7,-0.06000006198883101,ida,-5.599272252441621
782.549,-1.0,3.115133040410001e-06,-1.679999947547913,-4.3471850119658484e-08,7,-0.059999942779541016,ida,-5.50652340085646
783.549,-1.0,3.7629006328643295e-06,-1.7400000095367427,-4.697804456554877e-08,7,-0.06000006198882968,ida,-5.4244772499683345
784.547,-1.0,4.62448815596872e-06,-1.799999952316284,-4.811035481111503e-08,7,-0.05999994277954124,ida,-5.334936328511899
786.426,-1.0,5.330875865183771e-06,-1.8600000143051152,-5.260634594606017e-08,7,-0.06000006198883123,ida,-5.273201430341924
787.548,-1.0,5.989668352412991e-06,-1.919999957084656,-5.714137785162166e-08,7,-0.059999942779540794,ida,-5.222597223805086
788.548,-1.0,6.669324648100883e-06,-1.980000019073486,-6.215599768211177e-08,7,-0.06000006198883012,ida,-5.1759181415636375
789.548,-1.0,7.344226560235256e-06,-2.039999961853027,-6.727734813694042e-08,7,-0.059999942779540794,ida,-5.134053934156717
790.547,-1.0,8.013377737370318e-06,-2.099999904632568,-7.20658519526296e-08,7,-0.059999942779541016,ida,-5.096184384853003
791.614,-1.0,8.673439879203215e-06,-2.160000085830688,-7.795109979724658e-08,7,-0.06000018119812012,ida,-5.061808627521096
792.548,-1.0,9.31724480324192e-06,-2.2200000286102286,-8.353443092801172e-08,7,-0.05999994277954057,ida,-5.030712493616959
793.546,-1.0,9.956565918400884e-06,-2.2799999713897714,-8.927801076197284e-08,7,-0.05999994277954279,ida,-5.001890426622122
794.546,-1.0,1.059886199072935e-05,-2.339999914169312,-9.494102215512612e-08,7,-0.05999994277954057,ida,-4.974740762818123
795.563,-1.0,1.119452645070851e-05,-2.400000095367432,-1.02927806722164e-07,7,-0.06000018119812012,ida,-4.950994273160791
796.563,-1.0,1.179544869955862e-05,-2.4600000381469727,-1.078115730024365e-07,7,-0.05999994277954057,ida,-4.928285533876656
797.547,-1.0,1.237671312992461e-05,-2.519999980926514,-1.1429143143004691e-07,7,-0.05999994277954146,ida,-4.9073946751111714
850.548,-1.0,2.003664967276109e-08,0.47999998927116394,3.520352720443043e-08,7,-0.06000003218650818,ida,-7.698174895093878
851.547,-1.0,1.734676402520563e-08,0.4199999868869781,2.6193500701765522e-08,7,-0.060000002384185847,ida,-7.760781529349853
852.548,-1.0,1.492794687862897e-08,0.3600000143051147,1.927099191334491e-08,7,-0.0599999725818634,ida,-7.8259999190396545
853.5499999999998,-1.0,1.276725569709924e-08,0.300000011920929,1.369509750048792e-08,7,-0.06000000238418568,ida,-7.893902443667591
854.547,-1.0,1.0892999391387548e-08,0.239999994635582,9.540009671127335e-09,7,-0.06000001728534701,ida,-7.962852520632298
855.614,-1.0,9.290420877050563e-09,0.1800000071525574,5.501353594894453e-09,7,-0.0599999874830246,ida,-8.031964611039697
856.547,-1.0,7.942366764268627e-09,0.119999997317791,2.4544000165604976e-09,7,-0.0600000098347664,ida,-8.100050061867924
857.547,-1.0,6.7947389936762184e-09,0.059999998658895486,-1.018404943708973e-10,7,-0.05999999865889551,ida,-8.167827221165963
858.547,-1.0,5.80930725746498e-09,0.0,-2.2551178702201465e-09,7,-0.059999998658895486,ida,-8.235875652841615
859.547,-1.0,4.95229945940423e-09,-0.059999998658895486,-4.179036672269375e-09,7,-0.059999998658895486,ida,-8.3051931019454
860.547,-1.0,4.2539598510416e-09,-0.119999997317791,-5.991458884579969e-09,7,-0.05999999865889551,ida,-8.371206613293978
861.547,-1.0,3.683293003930999e-09,-0.1800000071525574,-7.663559564718979e-09,7,-0.0600000098347664,ida,-8.433763731883904
862.548,-1.0,3.2883287204299445e-09,-0.239999994635582,-7.1951866686958965e-09,7,-0.0599999874830246,ida,-8.483024774364061
864.751,-1.0,2.7501583232947265e-09,-0.300000011920929,-1.028130025559904e-08,7,-0.06000001728534701,ida,-8.560642303640998
865.547,-1.0,2.4234652062915525e-09,-0.3600000143051147,-1.224763401808104e-08,7,-0.06000000238418568,ida,-8.615563211065652
866.548,-1.0,2.248287334083443e-09,-0.4199999868869781,-1.419855344408916e-08,7,-0.0599999725818634,ida,-8.648148186148994
867.547,-1.0,2.2346735573108836e-09,-0.47999998927116394,-1.596397147807238e-08,7,-0.060000002384185847,ida,-8.650785909942842
868.547,-1.0,2.452135161590263e-09,-0.5400000214576721,-1.760491130653463e-08,7,-0.06000003218650818,ida,-8.6104555951997
869.547,-1.0,3.002083248659915e-09,-0.6000000238418579,-1.908696845021041e-08,7,-0.06000000238418579,ida,-8.522577268810824
870.548,-1.0,4.0403009826661665e-09,-0.6600000262260437,-1.99452632188013e-08,7,-0.06000000238418579,ida,-8.393586280869068
871.616,-1.0,5.79769610098424e-09,-0.7200000286102295,-2.160346568302884e-08,7,-0.06000000238418579,ida,-8.23674455288661
872.547,-1.0,8.863318079477267e-09,-0.7799999713897705,-2.2627222762139354e-08,7,-0.059999942779541016,ida,-8.052403664812452
873.547,-1.0,1.410856231842672e-08,-0.8399999737739563,-2.3511637081696793e-08,7,-0.06000000238418579,ida,-7.850517239185792
874.548,-1.0,2.2868848148505088e-08,-0.8999999761581422,-2.434537371698298e-08,7,-0.0600000023841859,ida,-7.64075570926059
875.548,-1.0,3.324469233234595e-08,-0.959999978542328,-2.524849129770246e-08,8,-0.06000000238418579,ida,-7.4782776819330055
876.547,-1.0,5.821643966896772e-08,-1.019999980926514,-2.569628954063319e-08,8,-0.0600000023841859,ida,-7.234954358144913
877.548,-1.0,9.357634667139793e-08,-1.080000042915344,-2.601695037185436e-08,8,-0.06000006198883012,ida,-7.028833914170808
878.547,-1.0,1.590528455608364e-07,-1.139999985694885,-2.61427164360839e-08,8,-0.059999942779541016,ida,-6.7984585566709566
879.565,-1.0,2.487133770046057e-07,-1.200000047683716,-2.6881480152951553e-08,8,-0.06000006198883101,ida,-6.6043008556506555
880.547,-1.0,3.7981629930072813e-07,-1.2599999904632573,-2.776790886116487e-08,8,-0.05999994277954124,ida,-6.420426402041137
881.546,-1.0,5.614296014755383e-07,-1.320000052452087,-2.9005111201740874e-08,8,-0.06000006198882968,ida,-6.250704692844142
882.547,-1.0,8.731612979318015e-07,-1.379999995231628,-2.842418034276761e-08,8,-0.059999942779541016,ida,-6.058905522238153
884.321,-1.0,1.0696804793042247e-06,-1.440000057220459,-3.420976568691003e-08,8,-0.06000006198883101,ida,-5.970745929602773
884.5639999999999,-1.0,1.467220727136009e-06,-1.5,-3.575846108105907e-08,8,-0.059999942779541016,ida,-5.8335045464387685
885.548,-1.0,1.936335593200056e-06,-1.559999942779541,-3.817809712813869e-08,8,-0.059999942779541016,ida,-5.7130193713849
886.548,-1.0,2.474225766491145e-06,-1.620000004768372,-4.047497625947472e-08,8,-0.06000006198883101,ida,-5.606560674687575
887.613,-1.0,3.0754970339330608e-06,-1.679999947547913,-4.399457154136144e-08,8,-0.059999942779541016,ida,-5.512084687481764
888.548,-1.0,3.7337456433306224e-06,-1.7400000095367427,-4.735830927415918e-08,8,-0.06000006198882968,ida,-5.42785527113802
889.547,-1.0,4.424151029525092e-06,-1.799999952316284,-5.112624279490774e-08,8,-0.05999994277954124,ida,-5.354170055715614
890.548,-1.0,5.135743322171038e-06,-1.8600000143051152,-5.528750435246366e-08,8,-0.06000006198883123,ida,-5.28939668987502
891.547,-1.0,5.8380328482599e-06,-1.919999957084656,-5.959906701491491e-08,8,-0.059999942779540794,ida,-5.2337334657409675
892.547,-1.0,6.54111136100255e-06,-1.980000019073486,-6.427531218378135e-08,8,-0.06000006198883012,ida,-5.184348457035713
893.547,-1.0,7.244664175232175e-06,-2.039999961853027,-6.917351669244454e-08,8,-0.059999942779540794,ida,-5.139981741348618
894.548,-1.0,7.938412636576686e-06,-2.099999904632568,-7.428145210042203e-08,8,-0.059999942779541016,ida,-5.100266330330509
895.547,-1.0,8.621878805570304e-06,-2.160000085830688,-7.948846558747391e-08,8,-0.06000018119812012,ida,-5.064398086149491
896.548,-1.0,9.236380719812587e-06,-2.2200000286102286,-8.505546134074393e-08,8,-0.05999994277954057,ida,-5.03449817394607
897.548,-1.0,9.825697816268077e-06,-2.2799999713897714,-9.06364121533443e-08,8,-0.05999994277954279,ida,-5.007636596474892
898.546,-1.0,1.0466133971931408e-05,-2.339999914169312,-9.681446755394064e-08,8,-0.05999994277954057,ida,-4.980213710366643
899.563,-1.0,1.1050427019654308e-05,-2.400000095367432,-1.048777136247736e-07,8,-0.06000018119812012,ida,-4.956620939291424
900.563,-1.0,1.164853529189713e-05,-2.4600000381469727,-1.0973119657364801e-07,8,-0.05999994277954057,ida,-4.933728680186298
901.548,-1.0,1.257563781109639e-05,-2.519999980926514,-1.1019969292647151e-07,8,-0.05999994277954146,ida,-4.900469979169438
955.548,-1.0,1.945484839893652e-08,0.47999998927116394,3.47137678602394e-08,8,-0.06000003218650818,ida,-7.7109721490679926
956.548,-1.0,1.666322901883177e-08,0.4199999868869781,2.556023659394668e-08,8,-0.060000002384185847,ida,-7.778240836712074
957.547,-1.0,1.4126539049641448e-08,0.3600000143051147,1.847934782972516e-08,8,-0.0599999725818634,ida,-7.849964225678076
958.548,-1.0,1.187764375742972e-08,0.300000011920929,1.2827193529574288e-08,8,-0.06000000238418568,ida,-7.9252697045264675
959.549,-1.0,9.906328202191615e-09,0.239999994635582,8.22387935528468e-09,8,-0.06000001728534701,ida,-8.004087287696224
960.548,-1.0,8.309459786914884e-09,0.1800000071525574,5.3858877357981774e-09,8,-0.0599999874830246,ida,-8.080427209571848
962.649,-1.0,6.841266220192209e-09,0.119999997317791,1.5404820752351607e-09,8,-0.0600000098347664,ida,-8.164863509164569
963.547,-1.0,5.5868150106164186e-09,0.059999998658895486,-1.1422872647770528e-09,8,-0.05999999865889551,ida,-8.252835708664641
964.549,-1.0,4.546511167546895e-09,0.0,-3.4453273567436327e-09,8,-0.059999998658895486,ida,-8.342321737822482
965.547,-1.0,3.6512017853596027e-09,-0.059999998658895486,-5.3983568726323475e-09,8,-0.059999998658895486,ida,-8.437564164901111
966.548,-1.0,2.8830171583393845e-09,-0.119999997317791,-6.734848234657419e-09,8,-0.05999999865889551,ida,-8.540152772891037
967.615,-1.0,2.2264361465573757e-09,-0.1800000071525574,-8.87701556706588e-09,8,-0.0600000098347664,ida,-8.652389755774365
968.546,-1.0,1.6689658544066788e-09,-0.239999994635582,-1.0532999361601008e-08,8,-0.0599999874830246,ida,-8.77755254851815
969.547,-1.0,1.1686325240845008e-09,-0.300000011920929,-1.226048507163569e-08,8,-0.06000001728534701,ida,-8.93232203105513
970.546,-1.0,7.721781547509465e-10,-0.3600000143051147,-1.397736060226862e-08,8,-0.06000000238418568,ida,-9.112282488914143
971.546,-1.0,4.6354534100068174e-10,-0.4199999868869781,-1.566388618812198e-08,8,-0.0599999725818634,ida,-9.333907779570556
972.547,-1.0,2.06232073085566e-10,-0.47999998927116394,-1.7355608505909e-08,8,-0.060000002384185847,ida,-9.685643792588413
973.547,-1.0,1.0098218788945347e-10,-0.5400000214576721,-1.8900669473964633e-08,8,-0.06000003218650818,ida,-9.995755224074053
974.547,-1.0,1.2778043900762978e-10,-0.6000000238418579,-2.0296932135011048e-08,8,-0.06000000238418579,ida,-9.893535624121679
975.547,-1.0,4.2673350963973173e-10,-0.6600000262260437,-2.151460698485153e-08,8,-0.06000000238418579,ida,-9.369843252429614
976.547,-1.0,1.137530847294954e-09,-0.7200000286102295,-2.248510178048946e-08,8,-0.06000000238418579,ida,-8.944036817415173
977.547,-1.0,2.7988313888727126e-09,-0.7799999713897705,-2.3216545130821935e-08,8,-0.059999942779541016,ida,-8.553023264123278
978.547,-1.0,6.3159704133397546e-09,-0.8399999737739563,-2.369430163184916e-08,8,-0.06000000238418579,ida,-8.19955991307688
979.548,-1.0,1.338393662564386e-08,-0.8999999761581422,-2.399286103127451e-08,8,-0.0600000023841859,ida,-7.87341612847112
980.548,-1.0,3.2254778403739686e-08,-0.959999978542328,-2.1665382377022976e-08,9,-0.06000000238418579,ida,-7.491405937442654
982.267,-1.0,4.762302552308029e-08,-1.019999980926514,-2.571369428494563e-08,9,-0.0600000023841859,ida,-7.322183017031955
982.548,-1.0,8.959376884831728e-08,-1.080000042915344,-2.4286460842404274e-08,9,-0.06000006198883012,ida,-7.047722194008574
983.616,-1.0,1.5933096619846762e-07,-1.139999985694885,-2.464117976330726e-08,9,-0.059999942779541016,ida,-6.797699810249259
984.565,-1.0,2.600961863663542e-07,-1.200000047683716,-2.529574594234418e-08,9,-0.06000006198883101,ida,-6.584866015555725
985.546,-1.0,4.1131019656859285e-07,-1.2599999904632573,-2.616137351196812e-08,9,-0.05999994277954124,ida,-6.385830523997794
986.546,-1.0,6.206464604474604e-07,-1.320000052452087,-2.749789906886235e-08,9,-0.06000006198882968,ida,-6.207155717052346
987.547,-1.0,8.956791361924844e-07,-1.379999995231628,-2.927844633404675e-08,9,-0.059999942779541016,ida,-6.047847542054386
988.546,-1.0,1.256113023373473e-06,-1.440000057220459,-3.111028590296884e-08,9,-0.06000006198883101,ida,-5.900971281602773
989.564,-1.0,1.6795718238427073e-06,-1.5,-3.369227741245595e-08,9,-0.059999942779541016,ida,-5.774801419609398
990.548,-1.0,2.190648274336127e-06,-1.559999942779541,-3.636528234096659e-08,9,-0.059999942779541016,ida,-5.659427346207944
991.547,-1.0,2.775017037492944e-06,-1.620000004768372,-3.9300118714891135e-08,9,-0.06000006198883101,ida,-5.556734346138978
992.548,-1.0,3.422836016397923e-06,-1.679999947547913,-4.254217245147629e-08,9,-0.059999942779541016,ida,-5.4656139068450145
993.548,-1.0,4.11540713685099e-06,-1.7400000095367427,-4.6088469929372884e-08,9,-0.06000006198882968,ida,-5.385587193613019
994.547,-1.0,4.833361799683189e-06,-1.799999952316284,-4.996943658852615e-08,9,-0.05999994277954124,ida,-5.315750694675945
995.548,-1.0,5.561958460020833e-06,-1.8600000143051152,-5.418363713260987e-08,9,-0.06000006198883123,ida,-5.2547722590265336
996.547,-1.0,6.287300493568182e-06,-1.919999957084656,-5.8667279034807513e-08,9,-0.059999942779540794,ida,-5.2015357825987785
997.547,-1.0,7.002911388553912e-06,-1.980000019073486,-6.337936042655201e-08,9,-0.06000006198883012,ida,-5.154721368969093
998.547,-1.0,7.707947588642128e-06,-2.039999961853027,-6.774447314228382e-08,9,-0.059999942779540794,ida,-5.113061247057698
999.616,-1.0,8.706141670700161e-06,-2.099999904632568,-6.716853562238612e-08,9,-0.059999942779541016,ida,-5.060174270063674
1001.774,-1.0,9.196054634230675e-06,-2.160000085830688,-7.580636918191885e-08,9,-0.06000018119812012,ida,-5.036398457229376
1002.548,-1.0,9.85968199529452e-06,-2.2200000286102286,-8.186243860563992e-08,9,-0.05999994277954057,ida,-5.006137092149659
1003.549,-1.0,1.051760864356766e-05,-2.2799999713897714,-8.776543580779617e-08,9,-0.05999994277954279,ida,-4.9780829931632855
1004.564,-1.0,1.1114191693195608e-05,-2.339999914169312,-9.421203372994569e-08,9,-0.05999994277954057,ida,-4.954122116946076
1005.546,-1.0,1.17191075332812e-05,-2.400000095367432,-1.0225391378071441e-07,9,-0.06000018119812012,ida,-4.931105460683921
1006.563,-1.0,1.23057598102605e-05,-2.4600000381469727,-1.072510471544774e-07,9,-0.05999994277954057,ida,-4.909891565933874
1007.547,-1.0,1.2873470041085968e-05,-2.519999980926514,-1.1402380550862291e-07,9,-0.05999994277954146,ida,-4.890304373331126
1061.548,-1.0,1.941746496925134e-08,0.47999998927116394,3.241018120547778e-08,9,-0.06000003218650818,ida,-7.711807469676689
1062.549,-1.0,1.656183101772513e-08,0.4199999868869781,2.402870613593677e-08,9,-0.060000002384185847,ida,-7.780891650827988
1063.614,-1.0,1.39556650680106e-08,0.3600000143051147,1.713305763928474e-08,9,-0.0599999725818634,ida,-7.855249462042806
1064.547,-1.0,1.166287688647571e-08,0.300000011920929,1.176890140897058e-08,9,-0.06000000238418568,ida,-7.933194308769815
1065.548,-1.0,9.666097255944802e-09,0.239999994635582,7.376635302591693e-09,9,-0.06000001728534701,ida,-8.014748839498434
1066.547,-1.0,7.972478677231719e-09,0.1800000071525574,3.80061848659352e-09,9,-0.0599999874830246,ida,-8.098406633624418
1067.548,-1.0,6.695080045915347e-09,0.119999997317791,8.118629657438704e-10,9,-0.0600000098347664,ida,-8.174244226226055
1068.548,-1.0,5.330574648354513e-09,0.059999998658895486,-1.6551494619321259e-09,9,-0.05999999865889551,ida,-8.273225970493693
1069.548,-1.0,4.307878054277126e-09,0.0,-3.7841796363125005e-09,9,-0.059999998658895486,ida,-8.365736599037964
1070.547,-1.0,3.432238049327907e-09,-0.059999998658895486,-5.653739254540824e-09,9,-0.059999998658895486,ida,-8.464422598467776
1071.547,-1.0,2.687418509950135e-09,-0.119999997317791,-7.3462844696337015e-09,9,-0.05999999865889551,ida,-8.57066469590073
1072.548,-1.0,2.0465493744126206e-09,-0.1800000071525574,-9.00286423188845e-09,9,-0.0600000098347664,ida,-8.68897777323895
1073.546,-1.0,1.4811992743446467e-09,-0.239999994635582,-1.064276666795649e-08,9,-0.0599999874830246,ida,-8.829386509388051
1074.546,-1.0,1.016259187913704e-09,-0.300000011920929,-1.233676716339005e-08,9,-0.06000001728534701,ida,-8.992995514960302
1075.546,-1.0,6.333709112738006e-10,-0.3600000143051147,-1.4065110853778148e-08,9,-0.06000000238418568,ida,-9.198341886280444
1076.546,-1.0,3.2056571286354085e-10,-0.4199999868869781,-1.578245267808143e-08,9,-0.0599999725818634,ida,-9.49408293086047
1077.547,-1.0,9.924173288711201e-11,-0.47999998927116394,-1.742600197474076e-08,9,-0.060000002384185847,ida,-10.00330566099858
1078.548,-1.0,1.350402845101684e-10,-0.5400000214576721,-1.697620177765202e-08,9,-0.06000003218650818,ida,-9.869536655722374
1080.249,-1.0,1.513481145964946e-10,-0.6000000238418579,-2.158387957251762e-08,9,-0.06000000238418579,ida,-9.820022984852361
1080.548,-1.0,1.9617081570277859e-10,-0.6600000262260437,-2.204951066175909e-08,9,-0.06000000238418579,ida,-9.707365602063064
1081.549,-1.0,9.849190352184676e-10,-0.7200000286102295,-2.288284406404273e-08,9,-0.06000000238418579,ida,-9.006599468997889
1082.548,-1.0,2.6564122013184024e-09,-0.7799999713897705,-2.356215667020933e-08,9,-0.059999942779541016,ida,-8.575704533645856
1083.547,-1.0,6.186092083027006e-09,-0.8399999737739563,-2.4003172782727233e-08,9,-0.06000000238418579,ida,-8.208583619597492
1084.548,-1.0,1.32551312148621e-08,-0.8999999761581422,-2.428758172356993e-08,9,-0.0600000023841859,ida,-7.877615968752578
1085.548,-1.0,2.667880139028966e-08,-0.959999978542328,-2.439247381857967e-08,10,-0.06000000238418579,ida,-7.57383368604771
1086.548,-1.0,5.092099897296976e-08,-1.019999980926514,-2.4457872171979034e-08,10,-0.0600000023841859,ida,-7.293103084904622
1087.548,-1.0,9.269106726605968e-08,-1.080000042915344,-2.449579206142971e-08,10,-0.06000006198883012,ida,-7.03296211724693
1088.547,-1.0,1.634530946148516e-07,-1.139999985694885,-2.4495911077337954e-08,10,-0.059999942779541016,ida,-6.7866068526215075
1089.565,-1.0,2.663640827904601e-07,-1.200000047683716,-2.519249875376772e-08,10,-0.06000006198883101,ida,-6.5745243369249415
1090.547,-1.0,4.2010162815131485e-07,-1.2599999904632573,-2.6097584537865256e-08,10,-0.05999994277954124,ida,-6.376645635301424
1091.546,-1.0,6.32983073955984e-07,-1.320000052452087,-2.744751093075593e-08,10,-0.06000006198882968,ida,-6.198607902914395
1092.546,-1.0,9.142769386016881e-07,-1.379999995231628,-2.920887531843164e-08,10,-0.059999942779541016,ida,-6.038922234584443
1093.546,-1.0,1.2813401326639e-06,-1.440000057220459,-3.105126822333659e-08,10,-0.06000006198883101,ida,-5.892335571167553
1094.564,-1.0,1.714589529910882e-06,-1.5,-3.318290708875793e-08,10,-0.059999942779541016,ida,-5.765839832607309
1095.615,-1.0,2.237882654299028e-06,-1.559999942779541,-3.628883504802616e-08,10,-0.059999942779541016,ida,-5.6501626898928
1096.548,-1.0,2.834622819136712e-06,-1.620000004768372,-3.9237882276665914e-08,10,-0.06000006198883101,ida,-5.547504721062225
1097.548,-1.0,3.7324939512473074e-06,-1.679999947547913,-3.9394439710349616e-08,10,-0.059999942779541016,ida,-5.428000887405227
1099.757,-1.0,4.389904461277183e-06,-1.7400000095367427,-4.42347776186125e-08,10,-0.06000006198882968,ida,-5.357544931327725
1100.548,-1.0,5.117587988934247e-06,-1.799999952316284,-4.846340573294583e-08,10,-0.05999994277954124,ida,-5.290934681585808
1101.548,-1.0,5.849312401551288e-06,-1.8600000143051152,-5.291554927566722e-08,10,-0.06000006198883123,ida,-5.232895183108086
1102.548,-1.0,6.579459750355454e-06,-1.919999957084656,-5.761713950391822e-08,10,-0.059999942779540794,ida,-5.181809765515531
1103.547,-1.0,7.293666385521647e-06,-1.980000019073486,-6.249424444604301e-08,10,-0.06000006198883012,ida,-5.137054105327223
1104.548,-1.0,7.990974154381547e-06,-2.039999961853027,-6.755166026550796e-08,10,-0.059999942779540794,ida,-5.0974002739921636
1105.548,-1.0,8.680995051690843e-06,-2.099999904632568,-7.277390068338718e-08,10,-0.059999942779541016,ida,-5.061430491333826
1106.548,-1.0,9.355164365842938e-06,-2.160000085830688,-7.818454861308055e-08,10,-0.06000018119812012,ida,-5.02894857774692
1107.548,-1.0,1.003404850052902e-05,-2.2200000286102286,-8.357366709788039e-08,10,-0.05999994277954057,ida,-4.998523804099456
1108.563,-1.0,1.064783282345161e-05,-2.2799999713897714,-8.954437902275458e-08,10,-0.05999994277954279,ida,-4.972738776130528
1109.546,-1.0,1.126758979808073e-05,-2.339999914169312,-9.54031236233277e-08,10,-0.05999994277954057,ida,-4.948168972093857
1110.546,-1.0,1.18737216325826e-05,-2.400000095367432,-1.0247921977679651e-07,10,-0.06000018119812012,ida,-4.9254131368863305
1111.629,-1.0,1.246645388164325e-05,-2.4600000381469727,-1.080065956671206e-07,10,-0.05999994277954057,ida,-4.9042570652585
1112.547,-1.0,1.304080433328636e-05,-2.519999980926514,-1.145935044633006e-07,10,-0.05999994277954146,ida,-4.884695621277793
1166.547,-1.0,1.961194229238572e-08,0.47999998927116394,3.360973721555638e-08,10,-0.06000003218650818,ida,-7.707479393323847
1167.549,-1.0,1.669141092008886e-08,0.4199999868869781,2.4712466739629242e-08,10,-0.060000002384185847,ida,-7.777506950983409
1168.548,-1.0,1.4115107305201492e-08,0.3600000143051147,1.781229919117777e-08,10,-0.0599999725818634,ida,-7.850315815931532
1169.547,-1.0,1.1789190956790208e-08,0.300000011920929,1.2306130336980912e-08,10,-0.06000000238418568,ida,-7.928515997708783
1170.547,-1.0,9.771382813994478e-09,0.239999994635582,7.815432745417182e-09,10,-0.06000001728534701,ida,-8.010043972003697
1171.547,-1.0,8.049202193660674e-09,0.1800000071525574,4.1502117298364274e-09,10,-0.0599999874830246,ida,-8.094247163118002
1172.548,-1.0,6.631100113452248e-09,0.119999997317791,1.0874152689410719e-09,10,-0.0600000098347664,ida,-8.17841441525016
1173.547,-1.0,5.354261478629495e-09,0.059999998658895486,-1.4114022173217218e-09,10,-0.05999999865889551,ida,-8.271300423594916
1174.548,-1.0,4.319214763626177e-09,0.0,-3.1377553888489725e-09,10,-0.059999998658895486,ida,-8.364595201060425
1175.614,-1.0,3.4353495603767206e-09,-0.059999998658895486,-5.442225781138176e-09,10,-0.059999998658895486,ida,-8.464029065178318
1176.548,-1.0,2.7752160569605167e-09,-0.119999997317791,-6.137144570317331e-09,10,-0.05999999865889551,ida,-8.556703200399646
1178.019,-1.0,1.9396424466577855e-09,-0.1800000071525574,-9.602129757979583e-09,10,-0.0600000098347664,ida,-8.712278320458996
1178.546,-1.0,1.4418244376201979e-09,-0.239999994635582,-1.072114752531661e-08,10,-0.0599999874830246,ida,-8.841087617851393
1179.548,-1.0,9.707809001113787e-10,-0.300000011920929,-1.22952101833107e-08,10,-0.06000001728534701,ida,-9.012878776899058
1180.546,-1.0,5.90753557183632e-10,-0.3600000143051147,-1.395573612228418e-08,10,-0.06000000238418568,ida,-9.228593654612103
1181.546,-1.0,2.631783402318177e-10,-0.4199999868869781,-1.564283458321825e-08,10,-0.0599999725818634,ida,-9.579749856338022
1182.547,-1.0,6.03318228709071e-11,-0.47999998927116394,-1.727826592912152e-08,10,-0.060000002384185847,ida,-10.219453552674373
1183.547,-1.0,2.5987625246193247e-11,-0.5400000214576721,-1.882586531110064e-08,10,-0.06000003218650818,ida,-10.585233404592671
1184.548,-1.0,1.192092892498067e-13,-0.6000000238418579,-2.021723943812503e-08,10,-0.06000000238418579,ida,-12.923689901368055
1185.548,-1.0,2.4436713763620327e-10,-0.6600000262260437,-2.1436214581171953e-08,10,-0.06000000238418579,ida,-9.611957198195677
1186.548,-1.0,1.041781882982207e-09,-0.7200000286102295,-2.2444117675490816e-08,10,-0.06000000238418579,ida,-8.982223199398302
1187.547,-1.0,2.7464508445262936e-09,-0.7799999713897705,-2.319256076077636e-08,10,-0.059999942779541016,ida,-8.561228169496081
1188.547,-1.0,6.34201757776509e-09,-0.8399999737739563,-2.371614016283274e-08,10,-0.06000000238418579,ida,-8.197772558600983
1189.547,-1.0,1.3514506846945548e-08,-0.8999999761581422,-2.4029196410424447e-08,10,-0.0600000023841859,ida,-7.869199797361327
1190.548,-1.0,2.702957502265235e-08,-0.959999978542328,-2.3701083762261994e-08,11,-0.06000000238418579,ida,-7.568160782520584
1191.614,-1.0,5.14568441190022e-08,-1.019999980926514,-2.4275220056324536e-08,11,-0.0600000023841859,ida,-7.288556852865885
1192.548,-1.0,9.335044381941769e-08,-1.080000042915344,-2.43274804745397e-08,11,-0.06000006198883012,ida,-7.029883612927909
1193.547,-1.0,1.6452253248644413e-07,-1.139999985694885,-2.4332809545057895e-08,11,-0.059999942779541016,ida,-6.78377461403994
1194.565,-1.0,2.7070998953604436e-07,-1.200000047683716,-2.4719774671666528e-08,11,-0.06000006198883101,ida,-6.567495717926081
1195.567,-1.0,4.991379682905972e-07,-1.2599999904632573,-2.298883217122238e-08,11,-0.05999994277954124,ida,-6.3017793930833435
1197.588,-1.0,7.175244149948412e-07,-1.320000052452087,-2.534377685492473e-08,11,-0.06000006198882968,ida,-6.144163316730366
1198.546,-1.0,1.0165631465497433e-06,-1.379999995231628,-2.729433745685128e-08,11,-0.059999942779541016,ida,-5.992865638820017
1199.565,-1.0,1.378980869048974e-06,-1.440000057220459,-2.991831493659447e-08,11,-0.06000006198883101,ida,-5.8604417588597535
1200.548,-1.0,1.83102361006604e-06,-1.5,-3.248108626507928e-08,11,-0.059999942779541016,ida,-5.737306055668107
1201.548,-1.0,2.3643433451070446e-06,-1.559999942779541,-3.526310976553759e-08,11,-0.059999942779541016,ida,-5.626289455854268
1202.549,-1.0,2.9723285024374486e-06,-1.620000004768372,-3.834111694800413e-08,11,-0.06000006198883101,ida,-5.526903193931718
1203.549,-1.0,3.6397634630702665e-06,-1.679999947547913,-4.1691720298331354e-08,11,-0.059999942779541016,ida,-5.438926838884247
1204.547,-1.0,4.3535756049095645e-06,-1.7400000095367427,-4.530037855943192e-08,11,-0.06000006198882968,ida,-5.361153909109624
1205.548,-1.0,5.093508661957458e-06,-1.799999952316284,-4.928910612989057e-08,11,-0.05999994277954124,ida,-5.29298295094921
1206.547,-1.0,5.8414671002537935e-06,-1.8600000143051152,-5.302919348082469e-08,11,-0.06000006198883123,ida,-5.23347806495498
1207.614,-1.0,6.5868362071341835e-06,-1.919999957084656,-5.804305303058754e-08,11,-0.059999942779540794,ida,-5.181323135893878
1208.548,-1.0,7.319039923459058e-06,-1.980000019073486,-6.281103992478165e-08,11,-0.06000006198883012,ida,-5.135545883871919
1209.548,-1.0,8.037926818360575e-06,-2.039999961853027,-6.774050120839092e-08,11,-0.059999942779540794,ida,-5.094855952178179
1210.548,-1.0,8.740257726458367e-06,-2.099999904632568,-7.286998027211666e-08,11,-0.059999942779541016,ida,-5.058475761012227
1211.548,-1.0,9.429596502741331e-06,-2.160000085830688,-7.817264702225658e-08,11,-0.06000018119812012,ida,-5.025506890548153
1212.548,-1.0,1.012037955661071e-05,-2.2200000286102286,-8.346728463948239e-08,11,-0.05999994277954057,ida,-4.994803199329176
1213.563,-1.0,1.075659929483663e-05,-2.2799999713897714,-8.930604877832594e-08,11,-0.05999994277954279,ida,-4.968325009424743
1214.547,-1.0,1.139547839557054e-05,-2.339999914169312,-9.515220966704872e-08,11,-0.05999994277954057,ida,-4.943267437908328
1215.546,-1.0,1.211303424497601e-05,-2.400000095367432,-9.920735521973256e-08,11,-0.06000018119812012,ida,-4.916747054974955
1217.182,-1.0,1.262069872609572e-05,-2.4600000381469727,-1.099219346656355e-07,11,-0.05999994277954057,ida,-4.898916600362291
1217.564,-1.0,1.3207172742113468e-05,-2.519999980926514,-1.145392687362801e-07,11,-0.05999994277954146,ida,-4.87919014180363
1271.613,-1.0,1.951740991046336e-08,0.47999998927116394,3.41424346572694e-08,11,-0.06000003218650818,ida,-7.70957781659906
1272.548,-1.0,1.666785465204157e-08,0.4199999868869781,2.5184714758097474e-08,11,-0.060000002384185847,ida,-7.77812029535728
1273.55,-1.0,1.405549099331438e-08,0.3600000143051147,2.030917478634819e-08,11,-0.0599999725818634,ida,-7.852153978803419
1275.801,-1.0,1.177220365633502e-08,0.300000011920929,1.260290183324742e-08,11,-0.06000000238418568,ida,-7.929142233315763
1276.547,-1.0,9.725845018238033e-09,0.239999994635582,7.806086443906677e-09,11,-0.06000001728534701,ida,-8.012072655214098
1277.549,-1.0,7.983612881901081e-09,0.1800000071525574,4.006016407487322e-09,11,-0.0599999874830246,ida,-8.097800529753027
1278.547,-1.0,6.6196084169689576e-09,0.119999997317791,9.47034339837671e-10,11,-0.0600000098347664,ida,-8.179167700496782
1279.548,-1.0,5.2712083586925465e-09,0.059999998658895486,-1.5673160547180487e-09,11,-0.05999999865889551,ida,-8.278089816787888
1280.548,-1.0,4.230475525446308e-09,0.0,-3.7011862463742765e-09,11,-0.059999998658895486,ida,-8.373610813128481
1281.548,-1.0,3.3421159173485644e-09,-0.059999998658895486,-5.57013768442971e-09,11,-0.059999998658895486,ida,-8.475978491189545
1282.548,-1.0,2.58162025090769e-09,-0.119999997317791,-7.302022098087945e-09,11,-0.05999999865889551,ida,-8.588107640870742
1283.546,-1.0,1.937794813500204e-09,-0.1800000071525574,-8.907496962251571e-09,11,-0.0600000098347664,ida,-8.712692210815854
1284.547,-1.0,1.3783335583994467e-09,-0.239999994635582,-1.0551620022170032e-08,11,-0.0599999874830246,ida,-8.860645669915767
1285.546,-1.0,8.858322964044874e-10,-0.300000011920929,-1.2230015222769448e-08,11,-0.06000001728534701,ida,-9.052648489896189
1286.546,-1.0,5.102991917915745e-10,-0.3600000143051147,-1.3486552319363908e-08,11,-0.06000000238418568,ida,-9.292175119499902
1287.614,-1.0,1.60419941219736e-10,-0.4199999868869781,-1.566144192111096e-08,11,-0.0599999725818634,ida,-9.7947416471279
1288.547,-1.0,4.053115807388374e-13,-0.47999998927116394,-1.73340080067419e-08,11,-0.060000002384185847,ida,-12.392210987230127
1289.547,-1.0,9.76085670623128e-11,-0.5400000214576721,-1.889046430392227e-08,11,-0.06000003218650818,ida,-10.010512062818915
1290.548,-1.0,6.790161488634539e-11,-0.6000000238418579,-2.0293235536428256e-08,11,-0.06000000238418579,ida,-10.168119896884612
1291.548,-1.0,1.586437231582138e-10,-0.6600000262260437,-2.151340261491441e-08,11,-0.06000000238418579,ida,-9.79957710636646
1292.547,-1.0,9.498118958006783e-10,-0.7200000286102295,-2.250509290036007e-08,11,-0.06000000238418579,ida,-9.022362395452843
1293.548,-1.0,3.6497473931973445e-09,-0.7799999713897705,-2.0481575546682513e-08,11,-0.059999942779541016,ida,-8.43773719295089
1295.486,-1.0,7.76168107563535e-09,-0.8399999737739563,-2.154586375979761e-08,11,-0.06000000238418579,ida,-8.110044206215596
1296.548,-1.0,1.563272533644522e-08,-0.8999999761581422,-2.2342360850302608e-08,11,-0.0600000023841859,ida,-7.80596530250532
1297.549,-1.0,3.019548699967345e-08,-0.959999978542328,-2.2857248538343807e-08,12,-0.06000000238418579,ida,-7.5200579615991225
1298.547,-1.0,5.599920882559672e-08,-1.019999980926514,-2.3200321663807696e-08,12,-0.0600000023841859,ida,-7.251818108799243
1299.548,-1.0,9.984051985156839e-08,-1.080000042915344,-2.3455285713680496e-08,12,-0.06000006198883012,ida,-7.000693166362775
1300.547,-1.0,1.7314089006958974e-07,-1.139999985694885,-2.367242579737194e-08,12,-0.059999942779541016,ida,-6.761600354224772
1301.563,-1.0,2.7967536198048043e-07,-1.200000047683716,-2.4492585737334593e-08,12,-0.06000006198883101,ida,-6.553345791144468
1302.546,-1.0,4.382655731660634e-07,-1.2599999904632573,-2.500516238512773e-08,12,-0.05999994277954124,ida,-6.358262642901201
1303.613,-1.0,6.580175408998913e-07,-1.320000052452087,-2.6862061019983233e-08,12,-0.06000006198882968,ida,-6.181762529160371
1304.547,-1.0,9.47278635976545e-07,-1.379999995231628,-2.866672232926248e-08,12,-0.059999942779541016,ida,-6.023522257249992
1305.547,-1.0,1.325167431787122e-06,-1.440000057220459,-3.051648178598043e-08,12,-0.06000006198883101,ida,-5.8777292461744315
1306.565,-1.0,1.770181597748888e-06,-1.5,-3.314044505486891e-08,12,-0.059999942779541016,ida,-5.751982178353014
1307.547,-1.0,2.308269586137612e-06,-1.559999942779541,-3.576971252527983e-08,12,-0.059999942779541016,ida,-5.636713470674565
1308.549,-1.0,2.9202174118836406e-06,-1.620000004768372,-3.8762770770972566e-08,12,-0.06000006198883101,ida,-5.534584813871295
1309.547,-1.0,3.599473075155402e-06,-1.679999947547913,-4.2003868827578124e-08,12,-0.059999942779541016,ida,-5.4437610707053485
1310.548,-1.0,4.322620497987373e-06,-1.7400000095367427,-4.559686317406886e-08,12,-0.06000006198882968,ida,-5.364252891430191
1311.547,-1.0,5.075240096630296e-06,-1.799999952316284,-4.94925984639849e-08,12,-0.05999994277954124,ida,-5.2945434075674225
1312.548,-1.0,5.835537649545586e-06,-1.8600000143051152,-5.374168310368077e-08,12,-0.06000006198883123,ida,-5.233919124627353
1313.547,-1.0,6.679055331915151e-06,-1.919999957084656,-5.674242942177443e-08,12,-0.059999942779540794,ida,-5.175284958654462
1315.065,-1.0,7.331522738240893e-06,-1.980000019073486,-6.354512294137749e-08,12,-0.06000006198883012,ida,-5.134805814153721
1315.548,-1.0,8.072515811363699e-06,-2.039999961853027,-6.81423060200359e-08,12,-0.059999942779540794,ida,-5.092991095672054
1316.55,-1.0,8.782841177890077e-06,-2.099999904632568,-7.320435457813802e-08,12,-0.059999942779541016,ida,-5.056364970622526
1317.548,-1.0,9.47540956985904e-06,-2.160000085830688,-7.846193739169394e-08,12,-0.06000018119812012,ida,-5.023402008791508
1318.546,-1.0,1.021853677229956e-05,-2.2200000286102286,-8.322578537445224e-08,12,-0.05999994277954057,ida,-4.990611287881501
1319.63,-1.0,1.082037670130376e-05,-2.2799999713897714,-8.949408680791747e-08,12,-0.05999994277954279,ida,-4.965757619409695
1320.547,-1.0,1.1464154340501412e-05,-2.339999914169312,-9.531836298037889e-08,12,-0.05999994277954057,ida,-4.940657975718101
1321.546,-1.0,1.2099050763936248e-05,-2.400000095367432,-1.0309839382216521e-07,12,-0.06000018119812012,ida,-4.917248701101371
1322.564,-1.0,1.271386099688243e-05,-2.4600000381469727,-1.076998685789476e-07,12,-0.05999994277954057,ida,-4.89572254110573
1323.547,-1.0,1.331509338342585e-05,-2.519999980926514,-1.1422216772416501e-07,12,-0.05999994277954146,ida,-4.8756557833546434
1377.548,-1.0,1.951380923514989e-08,0.47999998927116394,3.330278275370802e-08,12,-0.06000003218650818,ida,-7.709657944940343
1378.548,-1.0,1.661305404354607e-08,0.4199999868869781,2.450007308141267e-08,12,-0.060000002384185847,ida,-7.77955052213394
1379.547,-1.0,1.397819548998314e-08,0.3600000143051147,1.769968349663031e-08,12,-0.0599999725818634,ida,-7.854548890058555
1380.547,-1.0,1.166037311151058e-08,0.300000011920929,1.223111123493936e-08,12,-0.06000000238418568,ida,-7.933287552692129
1381.547,-1.0,9.652376675717278e-09,0.239999994635582,8.110403904026951e-09,12,-0.06000001728534701,ida,-8.015365738463055
1382.613,-1.0,7.93353294170629e-09,0.1800000071525574,4.117810981085768e-09,12,-0.0599999874830246,ida,-8.100533370639072
1383.548,-1.0,6.5457466114082755e-09,0.119999997317791,1.079130229619807e-09,12,-0.0600000098347664,ida,-8.184040810423841
1384.548,-1.0,5.257511315193141e-09,0.059999998658895486,-1.447713393609718e-09,12,-0.05999999865889551,ida,-8.279219783953927
1385.547,-1.0,4.219830262996992e-09,0.0,-3.5742639958868945e-09,12,-0.059999998658895486,ida,-8.374705017599066
1386.548,-1.0,3.3440352709135364e-09,-0.059999998658895486,-5.45933254159081e-09,12,-0.059999998658895486,ida,-8.47572915052658
1387.548,-1.0,2.581226787867763e-09,-0.119999997317791,-7.207369812078922e-09,12,-0.05999999865889551,ida,-8.588173836450864
1388.546,-1.0,1.9268751039192007e-09,-0.1800000071525574,-8.836281040203174e-09,12,-0.0600000098347664,ida,-8.715146434507277
1389.546,-1.0,1.3656497044323148e-09,-0.239999994635582,-1.047598097159153e-08,12,-0.0599999874830246,ida,-8.864660684945575
1390.546,-1.0,8.919954219699378e-10,-0.300000011920929,-1.216745371124262e-08,12,-0.06000001728534701,ida,-9.049637374568155
1391.546,-1.0,6.898761006901565e-10,-0.3600000143051147,-1.213309808179019e-08,12,-0.06000000238418568,ida,-9.161228900013791
1393.377,-1.0,1.055598247701184e-10,-0.4199999868869781,-1.748727562755903e-08,12,-0.0599999725818634,ida,-9.976501339382585
1393.548,-1.0,5.682706735732346e-11,-0.47999998927116394,-1.790922965483333e-08,12,-0.060000002384185847,ida,-10.245444755769364
1394.548,-1.0,1.352787049047066e-10,-0.5400000214576721,-1.922167491841265e-08,12,-0.06000003218650818,ida,-9.86877056312344
1395.549,-1.0,9.764433012149354e-11,-0.6000000238418579,-2.0563589941957616e-08,12,-0.06000000238418579,ida,-10.010352969666844
1396.547,-1.0,1.301169449963169e-10,-0.6600000262260437,-2.1703899122371688e-08,12,-0.06000000238418579,ida,-9.885666142030342
1397.547,-1.0,9.096145503484364e-10,-0.7200000286102295,-2.222513018068639e-08,12,-0.06000000238418579,ida,-9.041142601216656
1398.614,-1.0,2.6170730027530445e-09,-0.7799999713897705,-2.344532035181146e-08,12,-0.059999942779541016,ida,-8.582184162629279
1399.547,-1.0,6.201720470500048e-09,-0.8399999737739563,-2.39433166626668e-08,12,-0.06000000238418579,ida,-8.207487812567445
1400.548,-1.0,1.336243204974608e-08,-0.8999999761581422,-2.4257600372834528e-08,12,-0.0600000023841859,ida,-7.874114490239319
1401.548,-1.0,2.691059108883564e-08,-0.959999978542328,-2.439147195332225e-08,13,-0.06000000238418579,ida,-7.570076762890265
1402.548,-1.0,5.136972802688433e-08,-1.019999980926514,-2.447394109594825e-08,13,-0.0600000023841859,ida,-7.28929273360866
1403.547,-1.0,9.353868080097528e-08,-1.080000042915344,-2.4463021830456455e-08,13,-0.06000006198883012,ida,-7.029008759346234
1404.548,-1.0,1.652487497949551e-07,-1.139999985694885,-2.4447048829756568e-08,13,-0.059999942779541016,ida,-6.781861817525869
1405.564,-1.0,2.7013564363187475e-07,-1.200000047683716,-2.5130749037316488e-08,13,-0.06000006198883101,ida,-6.568418108106761
1406.546,-1.0,4.282405257072242e-07,-1.2599999904632573,-2.597364279210979e-08,13,-0.05999994277954124,ida,-6.368312236485249
1407.547,-1.0,6.472076279351313e-07,-1.320000052452087,-2.728825876374685e-08,13,-0.06000006198882968,ida,-6.188956372807073
1408.546,-1.0,9.384913255416905e-07,-1.379999995231628,-2.899144924128905e-08,13,-0.059999942779541016,ida,-6.027569737200107
1409.547,-1.0,1.318507202086039e-06,-1.440000057220459,-3.078563182157268e-08,13,-0.06000006198883101,ida,-5.879917493615952
1410.565,-1.0,1.765924594110402e-06,-1.5,-3.335449605401664e-08,13,-0.059999942779541016,ida,-5.753027844960563
1411.548,-1.0,2.3927580059535094e-06,-1.559999942779541,-3.4734942033765044e-08,13,-0.059999942779541016,ida,-5.621101221985558
1412.997,-1.0,2.912583340730635e-06,-1.620000004768372,-3.943559079289116e-08,13,-0.06000006198883101,ida,-5.535721638875248
1413.548,-1.0,3.6075055049877847e-06,-1.679999947547913,-4.186545510265205e-08,13,-0.059999942779541016,ida,-5.442792997508483
1414.616,-1.0,4.341291059972718e-06,-1.7400000095367427,-4.581608692433292e-08,13,-0.06000006198882968,ida,-5.362381096100358
1415.547,-1.0,5.105510808789404e-06,-1.799999952316284,-4.964904931625824e-08,13,-0.05999994277954124,ida,-5.2919608000333875
1416.547,-1.0,5.87792283113231e-06,-1.8600000143051152,-5.379251177828337e-08,13,-0.06000006198883123,ida,-5.230776119902298
1417.547,-1.0,6.648607268289196e-06,-1.919999957084656,-5.791648760578028e-08,13,-0.059999942779540794,ida,-5.177269319966684
1418.566,-1.0,7.407989414787152e-06,-1.980000019073486,-6.290768794769974e-08,13,-0.06000006198883012,ida,-5.130299646885358
1419.547,-1.0,8.15436305856565e-06,-2.039999961853027,-6.776667049734897e-08,13,-0.059999942779540794,ida,-5.088609956261157
1420.548,-1.0,8.88405156729277e-06,-2.099999904632568,-7.287250980425598e-08,13,-0.059999942779541016,ida,-5.0513889292629495
1421.548,-1.0,9.595806659490336e-06,-2.160000085830688,-7.813596880623662e-08,13,-0.06000018119812012,ida,-5.017918510971231
1422.548,-1.0,1.0310172910976688e-05,-2.2200000286102286,-8.338128765217334e-08,13,-0.05999994277954057,ida,-4.98673405114196
1423.563,-1.0,1.0964453394990408e-05,-2.2799999713897714,-8.917461968849238e-08,13,-0.05999994277954279,ida,-4.960013014096493
1424.546,-1.0,1.162691114586778e-05,-2.339999914169312,-9.495675357129584e-08,13,-0.05999994277954057,ida,-4.934535646447806
1425.546,-1.0,1.226886524818838e-05,-2.400000095367432,-1.0271358519275961e-07,13,-0.06000018119812012,ida,-4.911195603470208
1426.563,-1.0,1.289520241698483e-05,-2.4600000381469727,-1.072925357448185e-07,13,-0.05999994277954057,ida,-4.8895718363186305
1427.547,-1.0,1.3506995856005228e-05,-2.519999980926514,-1.1376500452797701e-07,13,-0.05999994277954146,ida,-4.86944123337907
1481.548,-1.0,1.944005489917799e-08,0.47999998927116394,3.43436710181777e-08,13,-0.06000003218650818,ida,-7.711302512950053
1482.548,-1.0,1.659668669162784e-08,0.4199999868869781,2.535650800439271e-08,13,-0.060000002384185847,ida,-7.779978604439892
1483.549,-1.0,1.399853211125901e-08,0.3600000143051147,1.836714780267812e-08,13,-0.0599999725818634,ida,-7.853917502136267
1484.547,-1.0,1.1699747837212728e-08,0.300000011920929,1.276520489312816e-08,13,-0.06000000238418568,ida,-7.931823498432232
1485.547,-1.0,9.695053648783867e-09,0.239999994635582,8.189594780105834e-09,13,-0.06000001728534701,ida,-8.013449783356155
1486.547,-1.0,7.978689708920683e-09,0.1800000071525574,4.441011114408865e-09,13,-0.0599999874830246,ida,-8.098068424302008
1487.547,-1.0,6.547796971290153e-09,0.119999997317791,1.3451219027516e-09,13,-0.0600000098347664,ida,-8.183904795297872
1488.548,-1.0,5.30303712054092e-09,0.059999998658895486,-1.2322306508494307e-09,13,-0.05999999865889551,ida,-8.2754753328683
1489.548,-1.0,4.369151707095397e-09,0.0,-2.2294284196533445e-09,13,-0.059999998658895486,ida,-8.359602875315487
1491.204,-1.0,3.2640934399807967e-09,-0.059999998658895486,-6.678962716222258e-09,13,-0.059999998658895486,ida,-8.486237417354696
1491.547,-1.0,2.590084147158223e-09,-0.119999997317791,-7.564437076723607e-09,13,-0.05999999865889551,ida,-8.586686126245835
1492.549,-1.0,1.9362211833851006e-09,-0.1800000071525574,-9.04699604120651e-09,13,-0.0600000098347664,ida,-8.71304503275241
1493.546,-1.0,1.3743758353612628e-09,-0.239999994635582,-1.0160005281534268e-08,13,-0.0599999874830246,ida,-8.861894489325929
1494.612,-1.0,8.987426913797945e-10,-0.300000011920929,-1.2263286386371421e-08,13,-0.06000001728534701,ida,-9.046364628299
1495.546,-1.0,5.090355914560972e-10,-0.3600000143051147,-1.3987195401909961e-08,13,-0.06000000238418568,ida,-9.293251850998024
1496.546,-1.0,1.6520022849686458e-10,-0.4199999868869781,-1.57046802229388e-08,13,-0.0599999725818634,ida,-9.781989356320365
1497.547,-1.0,1.531839412260982e-11,-0.47999998927116394,-1.740495036983702e-08,13,-0.060000002384185847,ida,-10.814786760829035
1498.547,-1.0,1.0702610325763469e-10,-0.5400000214576721,-1.8981159755071527e-08,13,-0.06000003218650818,ida,-9.970510286630926
1499.548,-1.0,6.98208782456966e-11,-0.6000000238418579,-2.041556790288723e-08,13,-0.06000000238418579,ida,-10.156014692690832
1500.547,-1.0,1.045227029927709e-10,-0.6600000262260437,-2.1579170450536367e-08,13,-0.06000000238418579,ida,-9.980789367795973
1501.548,-1.0,1.2599588039563508e-09,-0.7200000286102295,-2.276524391220391e-08,13,-0.06000000238418579,ida,-8.899643654491102
1502.548,-1.0,2.8062223655922476e-09,-0.7799999713897705,-2.3438740726078322e-08,13,-0.059999942779541016,ida,-8.551877918367039
1503.547,-1.0,6.502020255538809e-09,-0.8399999737739563,-2.393161047109515e-08,13,-0.06000000238418579,ida,-8.186951681893872
1504.548,-1.0,1.392463477856154e-08,-0.8999999761581422,-2.423933764816866e-08,13,-0.0600000023841859,ida,-7.856216186871323
1505.548,-1.0,2.790412878539428e-08,-0.959999978542328,-2.4388814523490513e-08,14,-0.06000000238418579,ida,-7.554331532351848
1506.547,-1.0,5.31561035188588e-08,-1.019999980926514,-2.4445975910225567e-08,14,-0.0600000023841859,ida,-7.274446861481732
1507.548,-1.0,9.653700772105368e-08,-1.080000042915344,-2.446317637350148e-08,14,-0.06000006198883012,ida,-7.01530616678079
1508.547,-1.0,2.1956586238047754e-07,-1.139999985694885,-2.036150803519376e-08,14,-0.059999942779541016,ida,-6.65843518212843
1510.868,-1.0,3.1986462545319233e-07,-1.200000047683716,-2.327350401287731e-08,14,-0.06000006198883101,ida,-6.495033786861688
1511.546,-1.0,4.904408683614747e-07,-1.2599999904632573,-2.451854896889927e-08,14,-0.05999994277954124,ida,-6.309413347289915
1512.548,-1.0,7.217350912469556e-07,-1.320000052452087,-2.622937067542352e-08,14,-0.06000006198882968,ida,-6.141622178498233
1513.546,-1.0,1.031861302180914e-06,-1.379999995231628,-2.797809806054374e-08,14,-0.059999942779541016,ida,-5.986378674555315
1514.564,-1.0,1.408228854415938e-06,-1.440000057220459,-3.046222829539147e-08,14,-0.06000006198883101,ida,-5.851326761292272
1515.548,-1.0,1.875957195807132e-06,-1.5,-3.294400130471331e-08,14,-0.059999942779541016,ida,-5.726777075251648
1516.548,-1.0,2.428570951451547e-06,-1.559999942779541,-3.567563311435152e-08,14,-0.059999942779541016,ida,-5.614649203957975
1517.548,-1.0,3.058774382225238e-06,-1.620000004768372,-3.866571063326774e-08,14,-0.06000006198883101,ida,-5.514452555760736
1518.549,-1.0,3.753118335225736e-06,-1.679999947547913,-4.197953984430569e-08,14,-0.059999942779541016,ida,-5.42560774213492
1519.547,-1.0,4.495420398598071e-06,-1.7400000095367427,-4.554146570967532e-08,14,-0.06000006198882968,ida,-5.347229688078905
1520.547,-1.0,5.26576150150504e-06,-1.799999952316284,-4.943775167021158e-08,14,-0.05999994277954124,ida,-5.278538814984209
1521.547,-1.0,6.049656803952529e-06,-1.8600000143051152,-5.361277999327285e-08,14,-0.06000006198883123,ida,-5.218269262104108
1522.547,-1.0,6.828050572948996e-06,-1.919999957084656,-5.807030234450394e-08,14,-0.059999942779540794,ida,-5.165703270880188
1523.548,-1.0,7.5968778219248625e-06,-1.980000019073486,-6.275216435369657e-08,14,-0.06000006198883012,ida,-5.119364858154162
1524.548,-1.0,8.348864867002702e-06,-2.039999961853027,-6.767992744016738e-08,14,-0.059999942779540794,ida,-5.078372568289929
1525.548,-1.0,9.085694728128146e-06,-2.099999904632568,-7.229608200987059e-08,14,-0.059999942779541016,ida,-5.041641859213739
1526.615,-1.0,9.804024557524826e-06,-2.160000085830688,-7.807118862501737e-08,14,-0.06000018119812012,ida,-5.008595609579878
1527.548,-1.0,1.052314019034384e-05,-2.2200000286102286,-8.338354717807306e-08,14,-0.05999994277954057,ida,-4.977854643847812
1528.563,-1.0,1.1295544936729128e-05,-2.2799999713897714,-8.684769881028842e-08,14,-0.05999994277954279,ida,-4.947092812348255
1530.349,-1.0,1.1816572623502e-05,-2.339999914169312,-9.629755481910253e-08,14,-0.05999994277954057,ida,-4.927508471555161
1530.548,-1.0,1.248307216883404e-05,-2.400000095367432,-1.0346222012458381e-07,14,-0.06000018119812012,ida,-4.903678518677826
1531.564,-1.0,1.309266099269735e-05,-2.4600000381469727,-1.0801267791293871e-07,14,-0.05999994277954057,ida,-4.882972077131635
1532.547,-1.0,1.369595520372968e-05,-2.519999980926514,-1.1447310299672611e-07,14,-0.05999994277954146,ida,-4.863407673140405
1586.548,-1.0,1.969240948085371e-08,0.47999998927116394,3.461599362708512e-08,14,-0.06000003218650818,ida,-7.705701142154499
1587.548,-1.0,1.681733152736342e-08,0.4199999868869781,2.465688098141072e-08,14,-0.060000002384185847,ida,-7.774242914297926
1589.038,-1.0,1.414073746985878e-08,0.3600000143051147,1.782394676297372e-08,14,-0.0599999725818634,ida,-7.849527940557615
1589.547,-1.0,1.180385389432104e-08,0.300000011920929,1.2937927174050401e-08,14,-0.06000000238418568,ida,-7.927976174746701
1590.615,-1.0,9.783565957377503e-09,0.239999994635582,8.14284106809282e-09,14,-0.06000001728534701,ida,-8.009502822784649
1591.547,-1.0,8.059775957747206e-09,0.1800000071525574,4.446804702240569e-09,14,-0.0599999874830246,ida,-8.093677030361961
1592.548,-1.0,6.604611968441532e-09,0.119999997317791,1.347780220761763e-09,14,-0.0600000098347664,ida,-8.180152692798123
1593.547,-1.0,5.329895191863442e-09,0.059999998658895486,-1.1855125769955068e-09,14,-0.05999999865889551,ida,-8.273281330943952
1594.548,-1.0,4.319453239531866e-09,0.0,-3.3784033348638323e-09,14,-0.059999998658895486,ida,-8.364571223111533
1595.548,-1.0,3.4431815176816363e-09,-0.059999998658895486,-5.302286165687065e-09,14,-0.059999998658895486,ida,-8.463040081550472
1596.548,-1.0,2.7068616237357897e-09,-0.119999997317791,-7.045626748691801e-09,14,-0.05999999865889551,ida,-8.567533945036297
1597.548,-1.0,2.0134209854916207e-09,-0.1800000071525574,-8.704972742634707e-09,14,-0.0600000098347664,ida,-8.696065409134926
1598.546,-1.0,1.4355659994080838e-09,-0.239999994635582,-1.035950170091837e-08,14,-0.0599999874830246,ida,-8.842976836243169
1599.546,-1.0,9.540558343346106e-10,-0.300000011920929,-1.20673417924877e-08,14,-0.06000001728534701,ida,-9.020426208279282
1600.546,-1.0,5.627632249094461e-10,-0.3600000143051147,-1.381335312800047e-08,14,-0.06000000238418568,ida,-9.249674290307523
1601.546,-1.0,1.982569663994127e-10,-0.4199999868869781,-1.554702500072835e-08,14,-0.0599999725818634,ida,-9.702771543401692
1602.547,-1.0,2.8765202025882178e-11,-0.47999998927116394,-1.724840359429436e-08,14,-0.060000002384185847,ida,-10.541132571458828
1603.547,-1.0,4.6253206126278805e-11,-0.5400000214576721,-1.8835033088748794e-08,14,-0.06000003218650818,ida,-10.334858157958644
1604.548,-1.0,1.015663161213487e-11,-0.6000000238418579,-2.024483691798196e-08,14,-0.06000000238418579,ida,-10.993250299415532
1605.549,-1.0,3.179669305630739e-10,-0.6600000262260437,-2.1040106545910927e-08,14,-0.06000000238418579,ida,-9.497618045489743
1606.615,-1.0,1.8750190289296134e-09,-0.7200000286102295,-1.953700845547246e-08,14,-0.06000000238418579,ida,-8.726994320407092
1608.629,-1.0,3.891337030381692e-09,-0.7799999713897705,-2.134779641949081e-08,14,-0.059999942779541016,ida,-8.409901153134522
1609.548,-1.0,8.261990203095591e-09,-0.8399999737739563,-2.225203488137595e-08,14,-0.06000000238418579,ida,-8.082915324336925
1610.549,-1.0,1.666588822502035e-08,-0.8999999761581422,-2.2861016191200175e-08,14,-0.0600000023841859,ida,-7.778171535232053
1611.549,-1.0,3.220181454821613e-08,-0.959999978542328,-2.3264290049951345e-08,15,-0.06000000238418579,ida,-7.492119655444728
1612.548,-1.0,5.952389159347149e-08,-1.019999980926514,-2.3523652359358487e-08,15,-0.0600000023841859,ida,-7.2253086829339335
1613.548,-1.0,1.0925257498684e-07,-1.080000042915344,-2.350499705983111e-08,15,-0.06000006198883012,ida,-6.961568318298989
1614.565,-1.0,1.809358565196817e-07,-1.139999985694885,-2.40495321435219e-08,15,-0.059999942779541016,ida,-6.742475359367185
1615.546,-1.0,2.9603813800349604e-07,-1.200000047683716,-2.4628603156884313e-08,15,-0.06000006198883101,ida,-6.528652336044013
1616.546,-1.0,4.634796368918614e-07,-1.2599999904632573,-2.5572241213467354e-08,15,-0.05999994277954124,ida,-6.3339693419504846
1617.547,-1.0,6.945517156964344e-07,-1.320000052452087,-2.698748069462908e-08,15,-0.06000006198882968,ida,-6.158295411545662
1618.546,-1.0,9.992211289500121e-07,-1.379999995231628,-2.8772426219347842e-08,15,-0.059999942779541016,ida,-6.000338391197791
1619.547,-1.0,1.396057541569462e-06,-1.440000057220459,-3.064416631559652e-08,15,-0.06000006198883101,ida,-5.855096680945607
1620.565,-1.0,1.8620847868078272e-06,-1.5,-3.328669251345673e-08,15,-0.059999942779541016,ida,-5.73000054805691
1621.547,-1.0,2.426358378215809e-06,-1.559999942779541,-3.546766080830821e-08,15,-0.059999942779541016,ida,-5.6150450525268685
1622.615,-1.0,3.066465751544456e-06,-1.620000004768372,-3.887840449579016e-08,15,-0.06000006198883101,ida,-5.513361881456944
1623.548,-1.0,3.7747608985228e-06,-1.679999947547913,-4.224581928724547e-08,15,-0.059999942779541016,ida,-5.4231105523105105
1624.547,-1.0,4.535704647423699e-06,-1.7400000095367427,-4.576999046435049e-08,15,-0.06000006198882968,ida,-5.343355233253225
1625.548,-1.0,5.322483502823161e-06,-1.799999952316284,-4.974796752321708e-08,15,-0.05999994277954124,ida,-5.27388567599466
1626.547,-1.0,6.243488769541728e-06,-1.8600000143051152,-5.208677222867664e-08,15,-0.06000006198883123,ida,-5.204572665131831
1628.233,-1.0,6.889998530823505e-06,-1.919999957084656,-5.942158765037675e-08,15,-0.059999942779540794,ida,-5.1617808706983705
1628.547,-1.0,7.686589015065692e-06,-1.980000019073486,-6.361685223055247e-08,15,-0.06000006198883012,ida,-5.1142663390765275
1629.549,-1.0,8.442044418188742e-06,-2.039999961853027,-6.848888745025761e-08,15,-0.059999942779540794,ida,-5.073552367116044
1630.547,-1.0,9.18051773624029e-06,-2.099999904632568,-7.350985953280542e-08,15,-0.059999942779541016,ida,-5.03713282602622
1631.548,-1.0,9.906791092362257e-06,-2.160000085830688,-7.879804542199052e-08,15,-0.06000018119812012,ida,-5.004066995016018
1632.548,-1.0,1.0640620530466552e-05,-2.2200000286102286,-8.419983288376898e-08,15,-0.05999994277954057,ida,-4.973033044494044
1633.563,-1.0,1.129786960518686e-05,-2.2799999713897714,-8.99932857123531e-08,15,-0.05999994277954279,ida,-4.947003441997869
1634.546,-1.0,1.19627238746034e-05,-2.339999914169312,-9.581779636391728e-08,15,-0.05999994277954057,ida,-4.922169921600044
1635.546,-1.0,1.260755016119219e-05,-2.400000095367432,-1.0382569115563461e-07,15,-0.06000018119812012,ida,-4.899369295254045
1636.563,-1.0,1.323621199844638e-05,-2.4600000381469727,-1.0857844046086033e-07,15,-0.05999994277954057,ida,-4.878236285557356
1637.547,-1.0,1.3839995517628272e-05,-2.519999980926514,-1.1477327177544791e-07,15,-0.05999994277954146,ida,-4.858864050534581
1690.547,-1.0,1.982622244156573e-08,0.47999998927116394,3.538288950721835e-08,15,-0.06000003218650818,ida,-7.702760025535753
1691.547,-1.0,1.685088868441653e-08,0.4199999868869781,2.6159858279584114e-08,15,-0.060000002384185847,ida,-7.773377190308316
1692.548,-1.0,1.429432661126384e-08,0.3600000143051147,1.909011615452982e-08,15,-0.0599999725818634,ida,-7.844836298920938
1693.549,-1.0,1.1967038915372541e-08,0.300000011920929,1.332271093446025e-08,15,-0.06000000238418568,ida,-7.922013296694733
1694.547,-1.0,9.911453879851704e-09,0.239999994635582,8.634185810763027e-09,15,-0.06000001728534701,ida,-8.003862635556626
1695.548,-1.0,8.198213663490604e-09,0.1800000071525574,4.795801533674648e-09,15,-0.0599999874830246,ida,-8.08628076720203
1696.547,-1.0,6.7179919405191405e-09,0.119999997317791,1.6789436507735898e-09,15,-0.0600000098347664,ida,-8.17276052151105
1697.548,-1.0,5.451154638791422e-09,0.059999998658895486,-9.406447842863484e-10,15,-0.05999999865889551,ida,-8.263511497696902
1698.548,-1.0,4.438972744935654e-09,0.0,-3.1783700116250198e-09,15,-0.059999998658895486,ida,-8.35271752151223
1699.548,-1.0,3.5688281219137244e-09,-0.059999998658895486,-5.163383498540951e-09,15,-0.059999998658895486,ida,-8.447474367567429
1700.548,-1.0,2.7586222195452584e-09,-0.119999997317791,-6.9179177941691705e-09,15,-0.05999999865889551,ida,-8.559307770053806
1701.548,-1.0,2.0685910762097137e-09,-0.1800000071525574,-8.169007692515606e-09,15,-0.0600000098347664,ida,-8.684325353170907
1702.614,-1.0,1.493167922639316e-09,-0.239999994635582,-1.034163243929243e-08,15,-0.0599999874830246,ida,-8.82589134848748
1703.546,-1.0,7.176876315462265e-10,-0.300000011920929,-1.192260956628388e-08,15,-0.06000001728534701,ida,-9.144064538228474
1704.546,-1.0,7.816076119659953e-10,-0.3600000143051147,-1.181319930765312e-08,15,-0.06000000238418568,ida,-9.107011219736147
1706.52,-1.0,3.7602188029950407e-10,-0.4199999868869781,-1.4243996204754688e-08,15,-0.0599999725818634,ida,-9.424786883218983
1707.547,-1.0,8.455514760585814e-11,-0.47999998927116394,-1.631903678855906e-08,15,-0.060000002384185847,ida,-10.072859947986188
1708.548,-1.0,1.4603138143165498e-11,-0.5400000214576721,-1.8131327550463535e-08,15,-0.06000003218650818,ida,-10.835553806420236
1709.547,-1.0,7.098913124004014e-11,-0.6000000238418579,-1.9714796906100673e-08,15,-0.06000000238418579,ida,-10.148808138658426
1710.548,-1.0,4.867553582421635e-10,-0.6600000262260437,-2.112503061368898e-08,15,-0.06000000238418579,ida,-9.312689259033004
1711.547,-1.0,1.3679861687876378e-09,-0.7200000286102295,-2.225652906417963e-08,15,-0.06000000238418579,ida,-8.863918293587814
1712.547,-1.0,3.3056974935163908e-09,-0.7799999713897705,-2.3048329467201256e-08,15,-0.059999942779541016,ida,-8.480736891510965
1713.548,-1.0,7.455074779727509e-09,-0.8399999737739563,-2.3644124880206615e-08,15,-0.06000000238418579,ida,-8.127547995905134
1714.548,-1.0,1.576079178278178e-08,-0.8999999761581422,-2.3723650599549728e-08,15,-0.0600000023841859,ida,-7.802421968429246
1715.567,-1.0,3.046380214755118e-08,-0.959999978542328,-2.4232601703033648e-08,16,-0.06000000238418579,ida,-7.516215893887328
1716.547,-1.0,5.7282843357597806e-08,-1.019999980926514,-2.432522805406734e-08,16,-0.0600000023841859,ida,-7.24197543302096
1717.548,-1.0,1.0846114406604102e-07,-1.080000042915344,-2.373657181919953e-08,16,-0.06000006198883012,ida,-6.96472581886656
1718.631,-1.0,1.777015938841942e-07,-1.139999985694885,-2.4577962776106688e-08,16,-0.059999942779541016,ida,-6.750308676797929
1719.548,-1.0,2.929377558302804e-07,-1.200000047683716,-2.509477248224812e-08,16,-0.06000006198883101,ida,-6.533224649854706
1720.546,-1.0,4.6132623765515756e-07,-1.2599999904632573,-2.598915216367459e-08,16,-0.05999994277954124,ida,-6.335991844449161
1721.546,-1.0,6.935624128345809e-07,-1.320000052452087,-2.7278423075927087e-08,16,-0.06000006198882968,ida,-6.158914451202053
1722.547,-1.0,1.00739953268203e-06,-1.379999995231628,-2.882419813943216e-08,16,-0.059999942779541016,ida,-5.996798254941146
1723.563,-1.0,1.392326339555439e-06,-1.440000057220459,-3.116513624945583e-08,16,-0.06000006198883101,ida,-5.856258960948515
1724.547,-1.0,1.970667881323607e-06,-1.5,-3.202924858669576e-08,16,-0.059999942779541016,ida,-5.705386561647519
1726.097,-1.0,2.4244354790425855e-06,-1.559999942779541,-3.693761740919399e-08,16,-0.059999942779541016,ida,-5.615389369176268
1726.548,-1.0,3.086991227974067e-06,-1.620000004768372,-3.9516770300451753e-08,16,-0.06000006198883101,ida,-5.510464604611805
1727.549,-1.0,3.8093266994110313e-06,-1.679999947547913,-4.271134201871973e-08,16,-0.059999942779541016,ida,-5.419151779329842
1728.549,-1.0,4.578844254865544e-06,-1.7400000095367427,-4.627035821158643e-08,16,-0.06000006198882968,ida,-5.339244128344504
1729.547,-1.0,5.375544787966646e-06,-1.799999952316284,-5.015836990196476e-08,16,-0.05999994277954124,ida,-5.269577515334551
1730.548,-1.0,6.186164682731032e-06,-1.8600000143051152,-5.4418300976522e-08,16,-0.06000006198883123,ida,-5.208578522766503
1731.547,-1.0,6.990353995206533e-06,-1.919999957084656,-5.895138954770118e-08,16,-0.059999942779540794,ida,-5.1555008307962265
1732.547,-1.0,7.783773980918339e-06,-1.980000019073486,-6.368512828203166e-08,16,-0.06000006198883012,ida,-5.108809783256802
1733.547,-1.0,8.557130058761686e-06,-2.039999961853027,-6.813171893327308e-08,16,-0.059999942779540794,ida,-5.067671867172414
1734.614,-1.0,9.315174793300685e-06,-2.099999904632568,-7.381637345815761e-08,16,-0.059999942779541016,ida,-5.03080899143293
1735.547,-1.0,1.0077297702082428e-05,-2.160000085830688,-7.89485099517151e-08,16,-0.06000018119812012,ida,-4.996655911383906
1736.565,-1.0,1.077575689123478e-05,-2.2200000286102286,-8.467408463275206e-08,16,-0.05999994277954057,ida,-4.967552215167979
1737.55,-1.0,1.147085367847467e-05,-2.2799999713897714,-9.04215795571872e-08,16,-0.05999994277954279,ida,-4.940404260036421
1738.546,-1.0,1.215107386087766e-05,-2.339999914169312,-9.628246999682234e-08,16,-0.05999994277954057,ida,-4.915385339247159
1739.546,-1.0,1.2813782632292712e-05,-2.400000095367432,-1.0420739471328491e-07,16,-0.06000018119812012,ida,-4.892322647473588
1740.563,-1.0,1.345671353192301e-05,-2.4600000381469727,-1.0900020441795281e-07,16,-0.05999994277954057,ida,-4.8710609928035185
1741.546,-1.0,1.4082813322602312e-05,-2.519999980926514,-1.1561083823607991e-07,16,-0.05999994277954146,ida,-4.851310577549491
1795.548,-1.0,1.996995280251213e-08,0.47999998927116394,3.501762080304616e-08,16,-0.06000003218650818,ida,-7.699622961550568
1796.548,-1.0,1.703729601842952e-08,0.4199999868869781,2.5861728758513888e-08,16,-0.060000002384185847,ida,-7.768599330781674
1797.549,-1.0,1.4369237355538192e-08,0.3600000143051147,1.902979640533431e-08,16,-0.0599999725818634,ida,-7.842566281348779
1798.614,-1.0,1.174547659132941e-08,0.300000011920929,1.30825279498481e-08,16,-0.06000000238418568,ida,-7.930129356341877
1799.547,-1.0,1.006877425879793e-08,0.239999994635582,8.394002826150881e-09,16,-0.06000001728534701,ida,-7.997023395885433
1800.547,-1.0,8.22994739024807e-09,0.1800000071525574,4.6082138105418835e-09,16,-0.0599999874830246,ida,-8.084602940996477
1801.547,-1.0,6.778323680123321e-09,0.119999997317791,1.4446973617410208e-09,16,-0.0600000098347664,ida,-8.168877696470155
1802.547,-1.0,5.635988564733907e-09,0.059999998658895486,2.107620328262172e-10,16,-0.05999999865889551,ida,-8.24902989673337
1804.49,-1.0,4.569101541562759e-09,0.0,-2.5159716532385797e-09,16,-0.059999998658895486,ida,-8.34016919028083
1805.548,-1.0,3.63203289666103e-09,-0.059999998658895486,-4.8005106556558985e-09,16,-0.059999998658895486,ida,-8.439850226567897
1806.55,-1.0,2.8188944511953196e-09,-0.119999997317791,-6.806588181973439e-09,16,-0.05999999865889551,ida,-8.549921185257032
1807.548,-1.0,2.1698356444943556e-09,-0.1800000071525574,-8.644843063621009e-09,16,-0.0600000098347664,ida,-8.663573160802352
1808.546,-1.0,1.5399694852646919e-09,-0.239999994635582,-1.0391783433760788e-08,16,-0.0599999874830246,ida,-8.812487884691107
1809.546,-1.0,9.732246120108812e-10,-0.300000011920929,-1.215136080645607e-08,16,-0.06000001728534701,ida,-9.011786916669541
1810.546,-1.0,5.898356247868719e-10,-0.3600000143051147,-1.397107851630608e-08,16,-0.06000000238418568,ida,-9.229269000551394
1811.546,-1.0,2.0307303061350979e-10,-0.4199999868869781,-1.575408070664253e-08,16,-0.0599999725818634,ida,-9.692347749827375
1812.547,-1.0,6.400346919122057e-11,-0.47999998927116394,-1.751410927397501e-08,16,-0.060000002384185847,ida,-10.193796485238451
1813.547,-1.0,3.501176779052706e-11,-0.5400000214576721,-1.8693459225005433e-08,16,-0.06000003218650818,ida,-10.455785960577767
1814.615,-1.0,1.214981032449103e-10,-0.6000000238418579,-2.0652413112998154e-08,16,-0.06000000238418579,ida,-9.915430501956195
1815.547,-1.0,4.183530744050756e-10,-0.6600000262260437,-2.190208547858674e-08,16,-0.06000000238418579,ida,-9.378457035110793
1816.548,-1.0,1.0808826056418748e-09,-0.7200000286102295,-2.2888196227199842e-08,16,-0.06000000238418579,ida,-8.96622147208786
1817.547,-1.0,3.5424114752657934e-09,-0.7799999713897705,-2.383577779596635e-08,16,-0.059999942779541016,ida,-8.450700993948237
1818.548,-1.0,7.608723429086695e-09,-0.8399999737739563,-2.430834733502252e-08,16,-0.06000000238418579,ida,-8.118688201864028
1819.547,-1.0,1.581016739748975e-08,-0.8999999761581422,-2.464820170189341e-08,16,-0.0600000023841859,ida,-7.8010635317489285
1820.548,-1.0,3.1029916414127e-08,-0.959999978542328,-2.4781359186931695e-08,17,-0.06000000238418579,ida,-7.5082193942815225
1821.548,-1.0,5.8163191596349855e-08,-1.019999980926514,-2.485873729085597e-08,17,-0.0600000023841859,ida,-7.235351770397766
1822.548,-1.0,1.2077892108663954e-07,-1.080000042915344,-2.282345334947422e-08,17,-0.06000006198883012,ida,-6.918008854245931
1824.072,-1.0,1.746423237136696e-07,-1.139999985694885,-2.5933170277880887e-08,17,-0.059999942779541016,ida,-6.757850498729802
1824.547,-1.0,2.9208004548308963e-07,-1.200000047683716,-2.5825309890592514e-08,17,-0.06000006198883101,ida,-6.534498112429414
1825.549,-1.0,4.613579562828818e-07,-1.2599999904632573,-2.661060172215457e-08,17,-0.05999994277954124,ida,-6.3359619854246105
1826.546,-1.0,6.968065235923859e-07,-1.320000052452087,-2.7863311657938535e-08,17,-0.06000006198882968,ida,-6.156887792060506
1827.547,-1.0,1.013096493807097e-06,-1.379999995231628,-2.937394327773291e-08,17,-0.059999942779541016,ida,-5.994349187678058
1828.563,-1.0,1.400963014930312e-06,-1.440000057220459,-3.171533435875062e-08,17,-0.06000006198883101,ida,-5.8535733298275
1829.547,-1.0,1.8850242895496192e-06,-1.5,-3.361464706586048e-08,17,-0.059999942779541016,ida,-5.724683049304659
1830.614,-1.0,2.460868245179881e-06,-1.559999942779541,-3.673880044630096e-08,17,-0.059999942779541016,ida,-5.608911637789722
1831.548,-1.0,3.114950686722295e-06,-1.620000004768372,-3.972990469947035e-08,17,-0.06000006198883101,ida,-5.5065488243351215
1832.548,-1.0,3.841143552563153e-06,-1.679999947547913,-4.30044195809387e-08,17,-0.059999942779541016,ida,-5.415539461925932
1833.548,-1.0,4.617468221113086e-06,-1.7400000095367427,-4.6541678955236414e-08,17,-0.06000006198882968,ida,-5.335596084830378
1834.547,-1.0,5.422985395853175e-06,-1.799999952316284,-5.049271578627668e-08,17,-0.05999994277954124,ida,-5.265761565121786
1835.547,-1.0,6.2506055655831005e-06,-1.8600000143051152,-5.481984644006843e-08,17,-0.06000006198883123,ida,-5.2040779056877335
1836.547,-1.0,7.0670735112798874e-06,-1.919999957084656,-5.929548763106141e-08,17,-0.059999942779540794,ida,-5.150760391156316
1837.547,-1.0,7.87413227953948e-06,-1.980000019073486,-6.40486632619286e-08,17,-0.06000006198883012,ida,-5.103797293661675
1838.547,-1.0,8.661616448080167e-06,-2.039999961853027,-6.899156801409845e-08,17,-0.059999942779540794,ida,-5.0624010515194025
1839.548,-1.0,9.430735190107953e-06,-2.099999904632568,-7.416166170060022e-08,17,-0.059999942779541016,ida,-5.025454449727006
1840.548,-1.0,1.020370655169245e-05,-2.160000085830688,-7.929578060839049e-08,17,-0.06000018119812012,ida,-4.991242039753863
1841.565,-1.0,1.1069130778196268e-05,-2.2200000286102286,-8.183297239838794e-08,17,-0.05999994277954057,ida,-4.955886481474878
1843.638,-1.0,1.1768841432058252e-05,-2.2799999713897714,-8.850503974144885e-08,17,-0.05999994277954279,ida,-4.929266288594937
1844.546,-1.0,1.246234114660183e-05,-2.339999914169312,-9.479502693920948e-08,17,-0.05999994277954057,ida,-4.904400364455128
1845.549,-1.0,1.312166386924218e-05,-2.400000095367432,-1.023863518412327e-07,17,-0.06000018119812012,ida,-4.882011091529416
1846.629,-1.0,1.376841009914642e-05,-2.4600000381469727,-1.081820713011439e-07,17,-0.05999994277954057,ida,-4.861116206804273
1847.547,-1.0,1.4380454558704512e-05,-2.519999980926514,-1.1521887444132521e-07,17,-0.05999994277954146,ida,-4.842227385913012
1900.547,-1.0,2.008316535295762e-08,0.47999998927116394,3.245130741902358e-08,17,-0.06000003218650818,ida,-7.697167835999993
1902.337,-1.0,1.705375929361708e-08,0.4199999868869781,2.46949678484043e-08,17,-0.060000002384185847,ida,-7.768179871186869
1902.549,-1.0,1.435981999975411e-08,0.3600000143051147,1.846828467932937e-08,17,-0.0599999725818634,ida,-7.842851003937972
1903.549,-1.0,1.200256338762529e-08,0.300000011920929,1.294951434971381e-08,17,-0.06000000238418568,ida,-7.920725991768029
1904.547,-1.0,9.960639424377858e-09,0.239999994635582,8.383703509196037e-09,17,-0.06000001728534701,ida,-8.001712781097861
1905.547,-1.0,8.215748970030745e-09,0.1800000071525574,4.605269499080578e-09,17,-0.0599999874830246,ida,-8.085352838957514
1906.547,-1.0,6.741786240382908e-09,0.119999997317791,1.4780283663640148e-09,17,-0.0600000098347664,ida,-8.171225021630217
1907.548,-1.0,5.468678399012105e-09,0.059999998658895486,-1.1491775309124819e-09,17,-0.05999999865889551,ida,-8.262117615780813
1908.547,-1.0,4.404711706484932e-09,0.0,-3.3664464549332243e-09,17,-0.059999998658895486,ida,-8.356082511401777
1909.548,-1.0,3.5248159946377196e-09,-0.059999998658895486,-4.8845767430805145e-09,17,-0.059999998658895486,ida,-8.452863549480886
1910.615,-1.0,2.7181625839034496e-09,-0.119999997317791,-7.112181066304401e-09,17,-0.05999999865889551,ida,-8.565724569980139
1911.548,-1.0,2.0516277565718606e-09,-0.1800000071525574,-8.802222950521353e-09,17,-0.0600000098347664,ida,-8.687901433975336
1912.548,-1.0,1.4551401195106448e-09,-0.239999994635582,-1.05222461854737e-08,17,-0.0599999874830246,ida,-8.837095185234551
1913.546,-1.0,9.59396340149965e-10,-0.300000011920929,-1.226168855339438e-08,17,-0.06000001728534701,ida,-9.018001942588599
1914.546,-1.0,5.534887548286348e-10,-0.3600000143051147,-1.4044689855552412e-08,17,-0.06000000238418568,ida,-9.256891198209798
1915.546,-1.0,1.9980669896391127e-10,-0.4199999868869781,-1.582522379806051e-08,17,-0.0599999725818634,ida,-9.699389955177654
1916.546,-1.0,4.960298491396564e-11,-0.47999998927116394,-1.754330369863055e-08,17,-0.060000002384185847,ida,-10.304492188577154
1917.547,-1.0,5.1462650113576196e-11,-0.5400000214576721,-1.9167256226637616e-08,17,-0.06000003218650818,ida,-10.288507853180706
1918.548,-1.0,1.931190450610298e-12,-0.6000000238418579,-2.062057369300874e-08,17,-0.06000000238418579,ida,-11.714174894749577
1919.548,-1.0,3.59296814522736e-10,-0.6600000262260437,-1.504288960063604e-08,17,-0.06000000238418579,ida,-9.444546633174784
1921.806,-1.0,1.925420711756942e-09,-0.7200000286102295,-2.01026679746974e-08,17,-0.06000000238418579,ida,-8.715474360788551
1922.547,-1.0,4.132783448795863e-09,-0.7799999713897705,-2.162158452279073e-08,17,-0.059999942779541016,ida,-8.3837573504543
1923.549,-1.0,8.670580697867079e-09,-0.8399999737739563,-2.258921938391723e-08,17,-0.06000000238418579,ida,-8.06195181539184
1924.548,-1.0,1.746596112184307e-08,-0.8999999761581422,-2.320371805808463e-08,17,-0.0600000023841859,ida,-7.757807510889318
1925.548,-1.0,3.366894674172727e-08,-0.959999978542328,-2.3077619815126127e-08,18,-0.06000000238418579,ida,-7.47277046933839
1926.614,-1.0,6.23795841647734e-08,-1.019999980926514,-2.381634800485699e-08,18,-0.0600000023841859,ida,-7.204957524666183
1927.548,-1.0,1.1451184889210711e-07,-1.080000042915344,-2.380563124404489e-08,18,-0.06000006198883012,ida,-6.941149573217385
1928.565,-1.0,1.89653874826945e-07,-1.139999985694885,-2.4302030610101607e-08,18,-0.059999942779541016,ida,-6.722038279780228
1929.547,-1.0,3.102177288383245e-07,-1.200000047683716,-2.490541994859541e-08,18,-0.06000006198883101,ida,-6.508333386030351
1930.546,-1.0,4.853545192418096e-07,-1.2599999904632573,-2.5894212996036e-08,18,-0.05999994277954124,ida,-6.31394092221037
1931.546,-1.0,7.272702191585267e-07,-1.320000052452087,-2.733038684255007e-08,18,-0.06000006198882968,ida,-6.13830419590158
1932.546,-1.0,1.05276228623552e-06,-1.379999995231628,-2.8911376404039402e-08,18,-0.059999942779541016,ida,-5.977669681455402
1933.563,-1.0,1.4502060139420787e-06,-1.440000057220459,-3.131588854898837e-08,18,-0.06000006198883101,ida,-5.8385702982044005
1934.547,-1.0,1.945675649039913e-06,-1.5,-3.372413104330008e-08,18,-0.059999942779541016,ida,-5.710929556448325
1935.547,-1.0,2.5328574793093135e-06,-1.559999942779541,-3.643304324896234e-08,18,-0.059999942779541016,ida,-5.596389246723819
1936.548,-1.0,3.200906348865828e-06,-1.620000004768372,-3.916678537052576e-08,18,-0.06000006198883101,ida,-5.494727032124464
1937.567,-1.0,3.935815129807452e-06,-1.679999947547913,-4.2780722964153035e-08,18,-0.059999942779541016,ida,-5.404965309120289
1938.548,-1.0,4.72160218123463e-06,-1.7400000095367427,-4.6447134138816175e-08,18,-0.06000006198882968,ida,-5.325910607213409
1939.547,-1.0,5.728547421313124e-06,-1.799999952316284,-4.77214463501241e-08,18,-0.05999994277954124,ida,-5.241955487436258
1941.503,-1.0,6.545147698489018e-06,-1.8600000143051152,-5.199040131742549e-08,18,-0.06000006198883123,ida,-5.184080548667845
1942.614,-1.0,7.353356977546356e-06,-1.919999957084656,-5.743384434708787e-08,18,-0.059999942779540794,ida,-5.133514350169244
1943.549,-1.0,8.145390893332659e-06,-1.980000019073486,-6.253672779621411e-08,18,-0.06000006198883012,ida,-5.0890880692751885
1944.548,-1.0,8.921371772885321e-06,-2.039999961853027,-6.775605498887671e-08,18,-0.059999942779540794,ida,-5.049568362261781
1945.548,-1.0,9.682552445156034e-06,-2.099999904632568,-7.313818883858403e-08,18,-0.059999942779541016,ida,-5.014010141996908
1946.548,-1.0,1.044797863869462e-05,-2.160000085830688,-7.848361605056196e-08,18,-0.06000018119812012,ida,-4.980967724000331
1947.565,-1.0,1.1143433766847012e-05,-2.2200000286102286,-8.4448423365302e-08,18,-0.05999994277954057,ida,-4.952980963901169
1948.546,-1.0,1.185063138109399e-05,-2.2799999713897714,-9.028997283166974e-08,18,-0.05999994277954279,ida,-4.9262585105804275
1949.546,-1.0,1.253080336027779e-05,-2.339999914169312,-9.63549524612972e-08,18,-0.05999994277954057,ida,-4.902021085131037
1950.546,-1.0,1.3197957741795108e-05,-2.400000095367432,-1.0435843478262541e-07,18,-0.06000018119812012,ida,-4.879493266528115
1951.563,-1.0,1.3845371540810452e-05,-2.4600000381469727,-1.092486385800839e-07,18,-0.05999994277954057,ida,-4.858695385461293
1952.547,-1.0,1.4470636415353512e-05,-2.519999980926514,-1.1599671978501653e-07,18,-0.05999994277954146,ida,-4.839512368286746
2005.547,-1.0,2.020218481391112e-08,0.47999998927116394,3.5992254510119885e-08,18,-0.06000003218650818,ida,-7.69460166019121
2006.614,-1.0,1.724896492305561e-08,0.4199999868869781,2.656575404103023e-08,18,-0.060000002384185847,ida,-7.763236960978689
2007.548,-1.0,1.456031828439563e-08,0.3600000143051147,1.934601101538647e-08,18,-0.0599999725818634,ida,-7.8368291313659855
2008.547,-1.0,1.2195134679870988e-08,0.300000011920929,1.355273759884312e-08,18,-0.06000000238418568,ida,-7.91381339908934
2009.547,-1.0,1.0098982095030348e-08,0.239999994635582,8.84052564487092e-09,18,-0.06000001728534701,ida,-7.995722397780669
2010.548,-1.0,8.333206125143987e-09,0.1800000071525574,5.179822348821972e-09,18,-0.0599999874830246,ida,-8.079187875595988
2011.566,-1.0,6.842887589897372e-09,0.119999997317791,1.7327904666686318e-09,18,-0.0600000098347664,ida,-8.16476059422673
2012.547,-1.0,5.56195978163032e-09,0.059999998658895486,-9.333371853159631e-10,18,-0.05999999865889551,ida,-8.254772155831294
2013.547,-1.0,4.484677518235002e-09,0.0,-3.1787752430290076e-09,18,-0.059999998658895486,ida,-8.348268780509818
2014.548,-1.0,3.5918474861063024e-09,-0.059999998658895486,-5.182206663789656e-09,18,-0.059999998658895486,ida,-8.444682112246563
2015.548,-1.0,2.7904869526196308e-09,-0.119999997317791,-6.971919486176147e-09,18,-0.05999999865889551,ida,-8.5543200037578
2016.548,-1.0,2.1020769569446425e-09,-0.1800000071525574,-8.680189012011395e-09,18,-0.0600000098347664,ida,-8.677351388514909
2017.548,-1.0,2.4305462087426118e-09,-0.239999994635582,-4.681909082648872e-09,18,-0.0599999874830246,ida,-8.614296117847548
2019.717,-1.0,1.2149811157158299e-09,-0.300000011920929,-1.017498973965303e-08,18,-0.06000001728534701,ida,-8.915430472192538
2020.546,-1.0,7.370591359467937e-10,-0.3600000143051147,-1.2704253649076241e-08,18,-0.06000000238418568,ida,-9.132497666299608
2021.548,-1.0,3.6799907565665535e-10,-0.4199999868869781,-1.4433419792680981e-08,18,-0.0599999725818634,ida,-9.434153272189846
2022.615,-1.0,1.041770003595843e-10,-0.47999998927116394,-1.681056005509163e-08,18,-0.060000002384185847,ida,-9.98222815166465
2023.548,-1.0,2.2208691483061038e-11,-0.5400000214576721,-1.859722154051724e-08,18,-0.06000003218650818,ida,-10.653477028953871
2024.547,-1.0,6.304979455196147e-11,-0.6000000238418579,-2.013574906811755e-08,18,-0.06000000238418579,ida,-10.200316324239113
2025.548,-1.0,4.6131612418953683e-10,-0.6600000262260437,-2.15112923029892e-08,18,-0.06000000238418579,ida,-9.336001365413066
2026.547,-1.0,1.429200202629488e-09,-0.7200000286102295,-2.260540732379468e-08,18,-0.06000000238418579,ida,-8.844906930896087
2027.547,-1.0,3.5238980622409595e-09,-0.7799999713897705,-2.3444485464096936e-08,18,-0.059999942779541016,ida,-8.452976663156292
2028.547,-1.0,7.868945495204114e-09,-0.8399999737739563,-2.400591370133043e-08,18,-0.06000000238418579,ida,-8.104083462850369
2029.548,-1.0,1.63532849484227e-08,-0.8999999761581422,-2.435696089264638e-08,18,-0.0600000023841859,ida,-7.786394995806335
2030.548,-1.0,3.205468601663597e-08,-0.959999978542328,-2.4534344333915208e-08,19,-0.06000000238418579,ida,-7.494108472778385
2031.547,-1.0,6.02417387085552e-08,-1.019999980926514,-2.4632502260146794e-08,19,-0.0600000023841859,ida,-7.220102501936274
2032.548,-1.0,1.1158287804846621e-07,-1.080000042915344,-2.4452424085552593e-08,19,-0.06000006198883012,ida,-6.952402441057503
2033.564,-1.0,1.862062219970539e-07,-1.139999985694885,-2.4851095403732873e-08,19,-0.059999942779541016,ida,-6.730005811357682
2034.547,-1.0,3.0653774274469475e-07,-1.200000047683716,-2.534141607668516e-08,19,-0.06000006198883101,ida,-6.513516044941311
2035.546,-1.0,4.821416155209591e-07,-1.2599999904632573,-2.624474859658221e-08,19,-0.05999994277954124,ida,-6.31682538125066
2036.546,-1.0,7.260216534632492e-07,-1.320000052452087,-2.7604174945849994e-08,19,-0.06000006198882968,ida,-6.139050426353121
2037.547,-1.0,1.177210833702702e-06,-1.379999995231628,-2.648640951008474e-08,19,-0.059999942779541016,ida,-5.9291457498041185
2039.489,-1.0,1.589467501617037e-06,-1.440000057220459,-2.95609599021418e-08,19,-0.06000006198883101,ida,-5.798748347279046
2040.547,-1.0,2.0959746507287487e-06,-1.5,-3.243160406896095e-08,19,-0.059999942779541016,ida,-5.678613974128768
2041.548,-1.0,2.6920545224129455e-06,-1.559999942779541,-3.548804627939717e-08,19,-0.059999942779541016,ida,-5.569916148555306
2042.548,-1.0,3.368244051671354e-06,-1.620000004768372,-3.872413856242929e-08,19,-0.06000006198883101,ida,-5.472596448510207
2043.548,-1.0,4.111428097530734e-06,-1.679999947547913,-4.223457494845206e-08,19,-0.059999942779541016,ida,-5.386007300471995
2044.547,-1.0,4.899703071714612e-06,-1.7400000095367427,-4.600254399633741e-08,19,-0.06000006198882968,ida,-5.309830237976218
2045.548,-1.0,5.717031854146626e-06,-1.799999952316284,-5.006889125525049e-08,19,-0.05999994277954124,ida,-5.242829387977863
2046.547,-1.0,6.541490165545839e-06,-1.8600000143051152,-5.44249552092424e-08,19,-0.06000006198883123,ida,-5.184323307187255
2047.548,-1.0,7.36254196453956e-06,-1.919999957084656,-5.908938760512683e-08,19,-0.059999942779540794,ida,-5.1329722168342435
2048.547,-1.0,8.165434337570332e-06,-1.980000019073486,-6.394166973677784e-08,19,-0.06000006198883012,ida,-5.088020709225763
2049.548,-1.0,8.954884833656251e-06,-2.039999961853027,-6.898713422742729e-08,19,-0.059999942779540794,ida,-5.047939995122511
2050.547,-1.0,9.725728887133299e-06,-2.099999904632568,-7.4207953559835e-08,19,-0.059999942779541016,ida,-5.012077840922792
2051.548,-1.0,1.050350601872196e-05,-2.160000085830688,-7.943252455788752e-08,19,-0.06000018119812012,ida,-4.978665711365255
2052.565,-1.0,1.121224158850964e-05,-2.2200000286102286,-8.529083572739182e-08,19,-0.05999994277954057,ida,-4.950307553132028
2053.546,-1.0,1.1922264093300328e-05,-2.2799999713897714,-9.05341153156769e-08,19,-0.05999994277954279,ida,-4.9236412622253205
2054.612,-1.0,1.261889883608092e-05,-2.339999914169312,-9.705565418016705e-08,19,-0.05999994277954057,ida,-4.898978541310506
2055.546,-1.0,1.329566202912247e-05,-2.400000095367432,-1.0505461744969581e-07,19,-0.06000018119812012,ida,-4.8762900330269225
2056.564,-1.0,1.3955986105429467e-05,-2.4600000381469727,-1.0990058996185331e-07,19,-0.05999994277954057,ida,-4.85523947160701
2057.547,-1.0,1.46763914017356e-05,-2.519999980926514,-1.1517834508367741e-07,19,-0.05999994277954146,ida,-4.833380714649305
2110.547,-1.0,2.029768175759727e-08,0.47999998927116394,3.590868757896715e-08,19,-0.06000003218650818,ida,-7.692553560972277
2111.548,-1.0,1.734091092941981e-08,0.4199999868869781,2.6610457837250575e-08,19,-0.060000002384185847,ida,-7.7609280924867186
2112.549,-1.0,1.463476451135648e-08,0.3600000143051147,1.939603144762714e-08,19,-0.0599999725818634,ida,-7.834614261425697
2113.548,-1.0,1.225194967702237e-08,0.300000011920929,1.360528489868784e-08,19,-0.06000000238418568,ida,-7.911794795658836
2114.547,-1.0,1.016439199474917e-08,0.239999994635582,8.864629030824743e-09,19,-0.06000001728534701,ida,-7.992918594519568
2115.547,-1.0,8.509015714253108e-09,0.1800000071525574,6.3447833653640365e-09,19,-0.0599999874830246,ida,-8.070120674297488
2117.788,-1.0,6.9199561636423815e-09,0.119999997317791,1.879095989920643e-09,19,-0.0600000098347664,ida,-8.159896656691872
2118.547,-1.0,5.618906229187813e-09,0.059999998658895486,-8.559942199504177e-10,19,-0.05999999865889551,ida,-8.250348215544557
2119.549,-1.0,4.542028975151879e-09,0.0,-3.1751037354865726e-09,19,-0.059999998658895486,ida,-8.34275009959483
2120.548,-1.0,3.6040543882620564e-09,-0.059999998658895486,-5.1933648492763496e-09,19,-0.059999998658895486,ida,-8.443208663768484
2121.548,-1.0,2.8302431509530375e-09,-0.119999997317791,-7.017350256433018e-09,19,-0.05999999865889551,ida,-8.548176251902937
2122.548,-1.0,2.1254182858143614e-09,-0.1800000071525574,-8.742797596994478e-09,19,-0.0600000098347664,ida,-8.67255558733393
2123.547,-1.0,1.5165328992594598e-09,-0.239999994635582,-1.047555198141481e-08,19,-0.0599999874830246,ida,-8.819148163782687
2124.546,-1.0,1.026475460186305e-09,-0.300000011920929,-1.224348533668262e-08,19,-0.06000001728534701,ida,-8.98865142879029
2125.546,-1.0,6.148219156010271e-10,-0.3600000143051147,-1.4044451823735928e-08,19,-0.06000000238418568,ida,-9.211250660276134
2126.546,-1.0,2.603173232529343e-10,-0.4199999868869781,-1.583838482588362e-08,19,-0.0599999725818634,ida,-9.584496930074307
2127.547,-1.0,6.816387038144356e-11,-0.47999998927116394,-1.758489709402511e-08,19,-0.060000002384185847,ida,-10.166445758065562
2128.547,-1.0,1.264810565310137e-11,-0.5400000214576721,-1.9217228697243633e-08,19,-0.06000003218650818,ida,-10.897974515279573
2129.548,-1.0,9.248257021310381e-11,-0.6000000238418579,-2.066293980362843e-08,19,-0.06000000238418579,ida,-10.033940109137026
2130.549,-1.0,5.252361323648812e-10,-0.6600000262260437,-2.1998488364260993e-08,19,-0.06000000238418579,ida,-9.279645405303572
2131.547,-1.0,1.5436529832157928e-09,-0.7200000286102295,-2.304742352521316e-08,19,-0.06000000238418579,ida,-8.811450323438713
2132.547,-1.0,3.734409670386184e-09,-0.7799999713897705,-2.3363948997712207e-08,19,-0.059999942779541016,ida,-8.427778041012315
2133.613,-1.0,8.175575771929287e-09,-0.8399999737739563,-2.4376870300102376e-08,19,-0.06000000238418579,ida,-8.08748165202959
2134.548,-1.0,1.68209552953158e-08,-0.8999999761581422,-2.4719655655758288e-08,19,-0.0600000023841859,ida,-7.7741493433952344
2135.548,-1.0,3.9386893746495844e-08,-0.959999978542328,-2.225773343411674e-08,20,-0.06000000238418579,ida,-7.40464826854223
2137.286,-1.0,5.733827279641446e-08,-1.019999980926514,-2.660098097351238e-08,20,-0.0600000023841859,ida,-7.241555393466341
2137.548,-1.0,1.0991668375481821e-07,-1.080000042915344,-2.534203602522211e-08,20,-0.06000006198883012,ida,-6.958936382983843
2138.566,-1.0,1.846071455702258e-07,-1.139999985694885,-2.55132679427561e-08,20,-0.059999942779541016,ida,-6.73375149279191
2139.547,-1.0,3.0513572824020235e-07,-1.200000047683716,-2.584540936823032e-08,20,-0.06000006198883101,ida,-6.515506937984872
2140.547,-1.0,4.81669928831252e-07,-1.2599999904632573,-2.666698684095081e-08,20,-0.05999994277954124,ida,-6.317250466308173
2141.546,-1.0,7.269617299243691e-07,-1.320000052452087,-2.793295372782723e-08,20,-0.06000006198882968,ida,-6.138488451479537
2142.547,-1.0,1.057169356499799e-06,-1.379999995231628,-2.946246979718126e-08,20,-0.059999942779541016,ida,-5.975855433977634
2143.563,-1.0,1.460722614865517e-06,-1.440000057220459,-3.182220353892262e-08,20,-0.06000006198883101,ida,-5.835432246947715
2144.547,-1.0,1.966801846720045e-06,-1.5,-3.418654159759172e-08,20,-0.059999942779541016,ida,-5.706239392602768
2145.548,-1.0,2.563596808613511e-06,-1.559999942779541,-3.689427430231262e-08,20,-0.059999942779541016,ida,-5.591150277734876
2146.548,-1.0,3.2479572382726474e-06,-1.620000004768372,-3.990696839650809e-08,20,-0.06000006198883101,ida,-5.488389697197019
2147.548,-1.0,4.0004706534091375e-06,-1.679999947547913,-4.3216441980575844e-08,20,-0.059999942779541016,ida,-5.3978889111335135
2148.549,-1.0,4.801242084795376e-06,-1.7400000095367427,-4.634554429117088e-08,20,-0.06000006198882968,ida,-5.3186463957929275
2149.613,-1.0,5.630674422718585e-06,-1.799999952316284,-5.08324404790983e-08,20,-0.05999994277954124,ida,-5.249439583741319
2150.548,-1.0,6.47305841994239e-06,-1.8600000143051152,-5.51048628949502e-08,20,-0.06000006198883123,ida,-5.188890473417088
2151.547,-1.0,7.308449767151615e-06,-1.919999957084656,-5.965018345932549e-08,20,-0.059999942779540794,ida,-5.136174733708451
2152.548,-1.0,8.130517016979866e-06,-1.980000019073486,-6.445740297067459e-08,20,-0.06000006198883012,ida,-5.089881836880457
2153.547,-1.0,8.999392775876913e-06,-2.039999961853027,-7.074672225826362e-08,20,-0.059999942779540794,ida,-5.045786793114302
2154.548,-1.0,1.0313427083019628e-05,-2.099999904632568,-7.00963624922224e-08,20,-0.059999942779541016,ida,-4.9865969975748285
2156.932,-1.0,1.086686825146899e-05,-2.160000085830688,-7.988577976902889e-08,20,-0.06000018119812012,ida,-4.963895598238662
2157.548,-1.0,1.1631869710981848e-05,-2.2200000286102286,-8.61937863305684e-08,20,-0.05999994277954057,ida,-4.93435047100692
2158.555,-1.0,1.235997660842258e-05,-2.2799999713897714,-9.276647716660592e-08,20,-0.05999994277954279,ida,-4.907982351160036
2159.546,-1.0,1.306548074353486e-05,-2.339999914169312,-9.933838640563408e-08,20,-0.05999994277954057,ida,-4.883874605804757
2160.546,-1.0,1.377866192342481e-05,-2.400000095367432,-1.0748398437954173e-07,20,-0.06000018119812012,ida,-4.860792955685937
2161.656,-1.0,1.4419626495509872e-05,-2.4600000381469727,-1.1343240657879513e-07,20,-0.05999994277954057,ida,-4.841045988787175
2162.548,-1.0,1.50632376971771e-05,-2.519999980926514,-1.2073481059360352e-07,20,-0.05999994277954146,ida,-4.822081670705574
2216.548,-1.0,2.086427208780606e-08,0.47999998927116394,3.429682138289536e-08,20,-0.06000003218650818,ida,-7.680596762342812
2217.55,-1.0,1.75874124153097e-08,0.4199999868869781,2.506601859408875e-08,20,-0.060000002384185847,ida,-7.754798052322935
2218.548,-1.0,1.47040246645247e-08,0.3600000143051147,1.798555793186551e-08,20,-0.0599999725818634,ida,-7.832563777471974
2219.548,-1.0,1.21869208058456e-08,0.300000011920929,1.235043978198291e-08,20,-0.06000000238418568,ida,-7.914106011031045
2220.55,-1.0,1.002684868467441e-08,0.239999994635582,7.724487716131987e-09,20,-0.06000001728534701,ida,-7.99883553895376
2221.548,-1.0,8.222603931073989e-09,0.1800000071525574,3.9621235181641615e-09,20,-0.0599999874830246,ida,-8.084990628467786
2222.548,-1.0,6.8560721544486106e-09,0.119999997317791,8.260846451335624e-10,20,-0.0600000098347664,ida,-8.163924620473134
2223.547,-1.0,5.3934336996519505e-09,0.059999998658895486,-1.7399192087097497e-09,20,-0.05999999865889551,ida,-8.268134655589371
2224.548,-1.0,4.3483137091016025e-09,0.0,-3.922605351647234e-09,20,-0.059999998658895486,ida,-8.361679131279157
2225.548,-1.0,3.4211040667031507e-09,-0.059999998658895486,-5.873477704199104e-09,20,-0.059999998658895486,ida,-8.46583371479257
2226.548,-1.0,2.64824628892768e-09,-0.119999997317791,-7.66370344962297e-09,20,-0.05999999865889551,ida,-8.57704162763554
2227.548,-1.0,1.9746779766904865e-09,-0.1800000071525574,-9.383476218260965e-09,20,-0.0600000098347664,ida,-8.704503717429471
2228.548,-1.0,1.386487480381504e-09,-0.239999994635582,-1.063498267228624e-08,20,-0.0599999874830246,ida,-8.85808404763374
2229.612,-1.0,9.895444463836611e-10,-0.300000011920929,-1.294504414772746e-08,20,-0.06000001728534701,ida,-9.004564694246211
2230.546,-1.0,5.096674193794115e-10,-0.3600000143051147,-1.474528321665503e-08,20,-0.06000000238418568,ida,-9.292713127910186
2231.546,-1.0,1.8029212844883347e-10,-0.4199999868869781,-1.654838399645087e-08,20,-0.0599999725818634,ida,-9.744023234153149
2232.547,-1.0,2.7108192426905646e-11,-0.47999998927116394,-1.8323015993360056e-08,20,-0.060000002384185847,ida,-10.566899440191277
2233.547,-1.0,1.53636936506274e-10,-0.5400000214576721,-1.788885661824224e-08,20,-0.06000003218650818,ida,-9.813504361176772
2235.343,-1.0,2.1185875276330527e-10,-0.6000000238418579,-2.3317587860560713e-08,20,-0.06000000238418579,ida,-9.673953588786992
2235.55,-1.0,5.033731764747529e-10,-0.6600000262260437,-2.338161486648005e-08,20,-0.06000000238418579,ida,-9.298109930661665
2236.548,-1.0,1.6671538594081878e-09,-0.7200000286102295,-2.417645461605389e-08,20,-0.06000000238418579,ida,-8.77802431786336
2237.547,-1.0,4.085481286608683e-09,-0.7799999713897705,-2.483556293952915e-08,20,-0.059999942779541016,ida,-8.388756774429934
2238.547,-1.0,8.952581787013969e-09,-0.8399999737739563,-2.5256323255007367e-08,20,-0.06000000238418579,ida,-8.04805170276659
2239.548,-1.0,1.8356145048414874e-08,-0.8999999761581422,-2.550703293024981e-08,20,-0.0600000023841859,ida,-7.736218519212435
2240.548,-1.0,3.554110605819005e-08,-0.959999978542328,-2.557958467264143e-08,21,-0.06000000238418579,ida,-7.449269060844333
2241.547,-1.0,6.627384152579907e-08,-1.019999980926514,-2.5605034537079522e-08,21,-0.0600000023841859,ida,-7.17865785504489
2242.548,-1.0,1.215037173096789e-07,-1.080000042915344,-2.5351297949782754e-08,21,-0.06000006198883012,ida,-6.91541043496785
2243.564,-1.0,2.0217430574120954e-07,-1.139999985694885,-2.5718927432194505e-08,21,-0.059999942779541016,ida,-6.694274039565334
2244.547,-1.0,3.311562579710881e-07,-1.200000047683716,-2.565752232897012e-08,21,-0.06000006198883101,ida,-6.479967033530783
2245.614,-1.0,5.179983304515191e-07,-1.2599999904632573,-2.7154744230983848e-08,21,-0.05999994277954124,ida,-6.285671640017047
2246.546,-1.0,7.76977515215549e-07,-1.320000052452087,-2.857031944358823e-08,21,-0.06000006198882968,ida,-6.109591548971423
2247.547,-1.0,1.1240530284339907e-06,-1.379999995231628,-3.020555894295285e-08,21,-0.059999942779541016,ida,-5.9492131999653335
2248.563,-1.0,1.546927705931012e-06,-1.440000057220459,-3.274567106359428e-08,21,-0.06000006198883101,ida,-5.810529982130546
2249.546,-1.0,2.078639226965606e-06,-1.5,-3.525289216099736e-08,21,-0.059999942779541016,ida,-5.682220881199689
2250.547,-1.0,2.702760639294866e-06,-1.559999942779541,-3.807360116070413e-08,21,-0.059999942779541016,ida,-5.568192414396136
2251.548,-1.0,3.4123002023989106e-06,-1.620000004768372,-4.120770569215892e-08,21,-0.06000006198883101,ida,-5.466952768093581
2252.549,-1.0,4.191809694020776e-06,-1.679999947547913,-3.8125826051782497e-08,21,-0.059999942779541016,ida,-5.377598442320306
2254.794,-1.0,5.229999715083977e-06,-1.7400000095367427,-4.560601851721913e-08,21,-0.06000006198882968,ida,-5.281498334791896
2255.548,-1.0,6.076624231354799e-06,-1.799999952316284,-5.039851558308328e-08,21,-0.05999994277954124,ida,-5.216337618892903
2256.549,-1.0,6.928954007889843e-06,-1.8600000143051152,-5.526546331680038e-08,21,-0.06000006198883123,ida,-5.159332321360478
2257.548,-1.0,7.774860932840964e-06,-1.919999957084656,-6.037894451083048e-08,21,-0.059999942779540794,ida,-5.1093073703577065
2258.547,-1.0,8.610642908024602e-06,-1.980000019073486,-6.558229159736584e-08,21,-0.06000006198883012,ida,-5.064964421022115
2259.548,-1.0,9.42146380111808e-06,-2.039999961853027,-7.101236576545489e-08,21,-0.059999942779540794,ida,-5.025881616171024
2260.547,-1.0,1.028751103149261e-05,-2.099999904632568,-7.585985883906686e-08,21,-0.059999942779541016,ida,-4.987689686077239
2261.632,-1.0,1.099627024814254e-05,-2.160000085830688,-8.238159665552303e-08,21,-0.06000018119812012,ida,-4.958754595325949
2262.548,-1.0,1.174999488284811e-05,-2.2200000286102286,-8.83905215687264e-08,21,-0.05999994277954057,ida,-4.929962322528527
2263.546,-1.0,1.2485885235946632e-05,-2.2799999713897714,-9.454944205344874e-08,21,-0.05999994277954279,ida,-4.903580661205479
2264.546,-1.0,1.3198983651818708e-05,-2.339999914169312,-1.0267615380143981e-07,21,-0.05999994277954057,ida,-4.879459509051765
2265.563,-1.0,1.388887176290154e-05,-2.400000095367432,-1.0767829650149001e-07,21,-0.06000018119812012,ida,-4.857333031947569
2266.546,-1.0,1.45469657581998e-05,-2.4600000381469727,-1.1463856708360251e-07,21,-0.05999994277954057,ida,-4.83722758344036
2267.547,-1.0,1.519200759503292e-05,-2.519999980926514,-1.219613494640726e-07,21,-0.05999994277954146,ida,-4.818384831151498
2321.547,-1.0,2.0936644418156896e-08,0.47999998927116394,3.579120644303657e-08,21,-0.06000003218650818,ida,-7.679092922822204
2322.549,-1.0,1.769666724271701e-08,0.4199999868869781,2.6234042493911154e-08,21,-0.060000002384185847,ida,-7.752108515241635
2323.549,-1.0,1.4789116598024072e-08,0.3600000143051147,1.8869650730835016e-08,21,-0.0599999725818634,ida,-7.830057767048527
2324.547,-1.0,1.226375090368492e-08,0.300000011920929,1.336336108437308e-08,21,-0.06000000238418568,ida,-7.911376679276787
2325.614,-1.0,1.010531214262755e-08,0.239999994635582,8.25287127526053e-09,21,-0.06000001728534701,ida,-7.995450267034673
2326.547,-1.0,8.281433316881247e-09,0.1800000071525574,4.368186257153184e-09,21,-0.0599999874830246,ida,-8.08189449078264
2327.547,-1.0,6.760179971365687e-09,0.119999997317791,1.150798789595342e-09,21,-0.0600000098347664,ida,-8.170041741997624
2328.547,-1.0,5.459404039953596e-09,0.059999998658895486,-1.4730096031811968e-09,21,-0.05999999865889551,ida,-8.262854763208423
2329.548,-1.0,4.364013594937433e-09,0.0,-3.754580202297575e-09,21,-0.059999998658895486,ida,-8.360113905151268
2330.548,-1.0,3.403329840168112e-09,-0.059999998658895486,-5.696928706555581e-09,21,-0.059999998658895486,ida,-8.468095958390782
2331.548,-1.0,2.7312516692745695e-09,-0.119999997317791,-6.036365185480007e-09,21,-0.05999999865889551,ida,-8.563638280255201
2333.233,-1.0,1.7341971192408319e-09,-0.1800000071525574,-1.072353139619509e-08,21,-0.0600000098347664,ida,-8.760901539539717
2333.546,-1.0,1.2376070168684807e-09,-0.239999994635582,-1.1424529766657088e-08,21,-0.0599999874830246,ida,-8.907417236979486
2334.549,-1.0,8.608341262039686e-10,-0.300000011920929,-1.311048247742974e-08,21,-0.06000001728534701,ida,-9.065080524521209
2335.546,-1.0,4.57870963366247e-10,-0.3600000143051147,-1.485333456230364e-08,21,-0.06000000238418568,ida,-9.339256897091783
2336.547,-1.0,1.369476337886866e-10,-0.4199999868869781,-1.663003068586022e-08,21,-0.0599999725818634,ida,-9.863445467180696
2337.547,-1.0,2.176761722261222e-11,-0.47999998927116394,-1.839518581903121e-08,21,-0.060000002384185847,ida,-10.662189108106695
2338.548,-1.0,8.87990028730634e-11,-0.5400000214576721,-2.0054137905844975e-08,21,-0.06000003218650818,ida,-10.051591910901102
2339.548,-1.0,5.042553180567567e-12,-0.6000000238418579,-2.1517884363220215e-08,21,-0.06000000238418579,ida,-11.297349512866264
2340.548,-1.0,3.849148777490541e-10,-0.6600000262260437,-2.2302209856661648e-08,21,-0.06000000238418579,ida,-9.41463530220901
2341.614,-1.0,1.4771223133536178e-09,-0.7200000286102295,-2.385283792705195e-08,21,-0.06000000238418579,ida,-8.830583541373784
2342.547,-1.0,3.7926795037890315e-09,-0.7799999713897705,-2.4616205962502136e-08,21,-0.059999942779541016,ida,-8.421053855324303
2343.547,-1.0,8.440864007752678e-09,-0.8399999737739563,-2.508165941605967e-08,21,-0.06000000238418579,ida,-8.073613096668875
2344.548,-1.0,1.759557832770042e-08,-0.8999999761581422,-2.533354859224346e-08,21,-0.0600000023841859,ida,-7.754596454296174
2345.548,-1.0,3.4670829762717403e-08,-0.959999978542328,-2.5411701187749713e-08,22,-0.06000000238418579,ida,-7.460035764427905
2346.548,-1.0,6.513829475807142e-08,-1.019999980926514,-2.5406658110682656e-08,22,-0.0600000023841859,ida,-7.186163614927632
2347.548,-1.0,1.2061333620749792e-07,-1.080000042915344,-2.513966634865028e-08,22,-0.06000006198883012,ida,-6.918604669632747
2348.565,-1.0,2.0190704219658073e-07,-1.139999985694885,-2.5549173443550896e-08,22,-0.059999942779541016,ida,-6.694848533291235
2349.548,-1.0,3.3218336170648405e-07,-1.200000047683716,-2.607737847881708e-08,22,-0.06000006198883101,ida,-6.4786221241423725
2350.547,-1.0,6.251636932574912e-07,-1.2599999904632573,-2.353770689467183e-08,22,-0.05999994277954124,ida,-6.204006251823326
2352.798,-1.0,8.700956186658004e-07,-1.320000052452087,-2.683434452421807e-08,22,-0.06000006198882968,ida,-6.06043301821234
2353.546,-1.0,1.232914883075864e-06,-1.379999995231628,-2.879866478622262e-08,22,-0.059999942779541016,ida,-5.909066904820689
2354.565,-1.0,1.667754645495734e-06,-1.440000057220459,-3.160801043122774e-08,22,-0.06000006198883101,ida,-5.777867840955485
2355.548,-1.0,2.2080719190853415e-06,-1.5,-3.434402984225926e-08,22,-0.059999942779541016,ida,-5.655986785311843
2356.548,-1.0,2.840174374796334e-06,-1.559999942779541,-3.684122518166077e-08,22,-0.059999942779541016,ida,-5.54665499527443
2357.613,-1.0,3.5584459965321e-06,-1.620000004768372,-4.066308889605352e-08,22,-0.06000006198883101,ida,-5.448739620700081
2358.547,-1.0,4.345391971583012e-06,-1.679999947547913,-4.42632668296028e-08,22,-0.059999942779541016,ida,-5.36197104236432
2359.547,-1.0,5.179659183340846e-06,-1.7400000095367427,-4.815112575329294e-08,22,-0.06000006198882968,ida,-5.285698815479462
2360.547,-1.0,6.047621809557313e-06,-1.799999952316284,-5.239744282903303e-08,22,-0.05999994277954124,ida,-5.21841537543639
2361.547,-1.0,6.91914419803652e-06,-1.8600000143051152,-5.690750981557358e-08,22,-0.06000006198883123,ida,-5.159947618412405
2362.548,-1.0,7.787165486661252e-06,-1.919999957084656,-6.169010191570123e-08,22,-0.059999942779540794,ida,-5.108620595924098
2363.548,-1.0,8.636598067823797e-06,-1.980000019073486,-6.675053043636581e-08,22,-0.06000006198883012,ida,-5.0636572912379565
2364.548,-1.0,9.466822120884899e-06,-2.039999961853027,-7.200940643770082e-08,22,-0.059999942779540794,ida,-5.023795783085845
2365.548,-1.0,1.030361636367161e-05,-2.099999904632568,-7.722380246377725e-08,22,-0.059999942779541016,ida,-4.987010319844722
2366.565,-1.0,1.106868967326591e-05,-2.160000085830688,-8.32007032158799e-08,22,-0.06000018119812012,ida,-4.955903788457527
2367.548,-1.0,1.183897256851196e-05,-2.2200000286102286,-8.908835980037111e-08,22,-0.05999994277954057,ida,-4.926685985720113
2368.546,-1.0,1.259052714885911e-05,-2.2799999713897714,-9.515280652294675e-08,22,-0.05999994277954279,ida,-4.899956086171095
2369.547,-1.0,1.331073053734144e-05,-2.339999914169312,-1.0319995880081481e-07,22,-0.05999994277954057,ida,-4.875798108339774
2370.563,-1.0,1.4152061339700588e-05,-2.400000095367432,-1.054415719181634e-07,22,-0.06000018119812012,ida,-4.849180297718758
2372.38,-1.0,1.466740377509268e-05,-2.4600000381469727,-1.164945331311174e-07,22,-0.05999994277954057,ida,-4.833646752273611
2372.555,-1.0,1.534540569991805e-05,-2.519999980926514,-1.2229251922235562e-07,22,-0.05999994277954146,ida,-4.814021625257143
2425.547,-1.0,2.122697928541584e-08,0.47999998927116394,3.6111320156351205e-08,22,-0.06000003218650818,ida,-7.673111803903463
2426.548,-1.0,1.793172366149065e-08,0.4199999868869781,2.647821872869827e-08,22,-0.060000002384185847,ida,-7.746377962490524
2427.547,-1.0,1.498523971577015e-08,0.3600000143051147,1.9080662383430536e-08,22,-0.0599999725818634,ida,-7.824336305344062
2428.548,-1.0,1.243240888015862e-08,0.300000011920929,1.316744135948511e-08,22,-0.06000000238418568,ida,-7.905444715123232
2429.547,-1.0,1.028173013395417e-08,0.239999994635582,8.82693562687109e-09,22,-0.06000001728534701,ida,-7.987933799308962
2431.127,-1.0,8.341050516946778e-09,0.1800000071525574,3.3498168683365748e-09,22,-0.0599999874830246,ida,-8.078779248525132
2431.547,-1.0,6.941044627950531e-09,0.119999997317791,8.180260913093208e-10,22,-0.0600000098347664,ida,-8.158575163260751
2432.549,-1.0,5.487418075489359e-09,0.059999998658895486,-1.6648888934156499e-09,22,-0.05999999865889551,ida,-8.260631950509001
2433.547,-1.0,4.3924330839217865e-09,0.0,-3.8287759629440635e-09,22,-0.059999998658895486,ida,-8.357294845997695
2434.548,-1.0,3.468227482983365e-09,-0.059999998658895486,-5.785202983332737e-09,22,-0.059999998658895486,ida,-8.45989242464325
2435.547,-1.0,2.6738404823589686e-09,-0.119999997317791,-7.554245229357548e-09,22,-0.05999999865889551,ida,-8.572864505711928
2436.548,-1.0,1.9853949595471927e-09,-0.1800000071525574,-8.777952587024627e-09,22,-0.0600000098347664,ida,-8.702153085027078
2437.614,-1.0,1.411187611211062e-09,-0.239999994635582,-1.1007273315044592e-08,22,-0.0599999874830246,ida,-8.850415244858436
2438.547,-1.0,8.755922653591597e-10,-0.300000011920929,-1.278611438948474e-08,22,-0.06000001728534701,ida,-9.057698083475364
2439.546,-1.0,4.877209747178313e-10,-0.3600000143051147,-1.462770704563354e-08,22,-0.06000000238418568,ida,-9.311828566925684
2440.546,-1.0,1.314640063476702e-10,-0.4199999868869781,-1.643992675326444e-08,22,-0.0599999725818634,ida,-9.881193136788852
2441.546,-1.0,2.7906895544438367e-11,-0.47999998927116394,-1.823661399669163e-08,22,-0.060000002384185847,ida,-10.554288473182051
2442.547,-1.0,1.020669937457086e-10,-0.5400000214576721,-1.9903243497765288e-08,22,-0.06000003218650818,ida,-9.991114676635714
2443.547,-1.0,5.865097036511502e-12,-0.6000000238418579,-2.1353280033054034e-08,22,-0.06000000238418579,ida,-11.231724798199284
2444.548,-1.0,4.296660527369767e-10,-0.6600000262260437,-2.2654152331824655e-08,22,-0.06000000238418579,ida,-9.366868957908851
2445.547,-1.0,1.5319109314404498e-09,-0.7200000286102295,-2.367370122158263e-08,22,-0.06000000238418579,ida,-8.814766484774191
2446.548,-1.0,3.8412570901868995e-09,-0.7799999713897705,-2.445296054531809e-08,22,-0.059999942779541016,ida,-8.415526625114685
2447.547,-1.0,8.624946978841308e-09,-0.8399999737739563,-2.4935616238508367e-08,22,-0.06000000238418579,ida,-8.064243566036419
2448.548,-1.0,2.366122053842901e-08,-0.8999999761581422,-2.1408439465631087e-08,22,-0.0600000023841859,ida,-7.625962856519888
2450.706,-1.0,4.165509892573027e-08,-0.959999978542328,-2.30700489822766e-08,23,-0.06000000238418579,ida,-7.380331829796924
2451.547,-1.0,7.476346297607962e-08,-1.019999980926514,-2.339892368752317e-08,23,-0.0600000023841859,ida,-7.126310590699158
2452.549,-1.0,1.3647365904034814e-07,-1.080000042915344,-2.315016978116091e-08,23,-0.06000006198883012,ida,-6.8649511642814876
2453.633,-1.0,2.2009515987519995e-07,-1.139999985694885,-2.434892643066178e-08,23,-0.059999942779541016,ida,-6.6573895079355445
2454.547,-1.0,3.5521972563401505e-07,-1.200000047683716,-2.497253426270163e-08,23,-0.06000006198883101,ida,-6.449502925505651
2455.546,-1.0,5.508684921551321e-07,-1.2599999904632573,-2.637771423508184e-08,23,-0.05999994277954124,ida,-6.258952067115671
2456.546,-1.0,8.258527373072868e-07,-1.320000052452087,-2.760308959182112e-08,23,-0.06000006198882968,ida,-6.083097387397085
2457.566,-1.0,1.177099875349086e-06,-1.379999995231628,-2.9648948185467816e-08,23,-0.059999942779541016,ida,-5.929186686287606
2458.563,-1.0,1.61376715368533e-06,-1.440000057220459,-3.221258992880394e-08,23,-0.06000006198883101,ida,-5.792159128328133
2459.547,-1.0,2.15826980820566e-06,-1.5,-3.48147857209824e-08,23,-0.059999942779541016,ida,-5.665894264523169
2460.548,-1.0,2.797713250402012e-06,-1.559999942779541,-3.7695514265578816e-08,23,-0.059999942779541016,ida,-5.5531968002623024
2461.548,-1.0,3.52289066540834e-06,-1.620000004768372,-4.093483596534497e-08,23,-0.06000006198883101,ida,-5.453100835145941
2462.547,-1.0,4.318793799029663e-06,-1.679999947547913,-4.447880996849563e-08,23,-0.059999942779541016,ida,-5.364637530863679
2463.548,-1.0,5.164236881682881e-06,-1.7400000095367427,-4.829989563859272e-08,23,-0.06000006198882968,ida,-5.286993845017498
2464.547,-1.0,6.037259936420014e-06,-1.799999952316284,-5.255511936752554e-08,23,-0.05999994277954124,ida,-5.21916012503727
2465.547,-1.0,6.918610324646579e-06,-1.8600000143051152,-5.70844420622052e-08,23,-0.06000006198883123,ida,-5.1599811293793785
2466.547,-1.0,7.799650120432489e-06,-1.919999957084656,-6.191673662669928e-08,23,-0.059999942779540794,ida,-5.107924878613825
2467.548,-1.0,8.660014827910345e-06,-1.980000019073486,-6.696442511611167e-08,23,-0.06000006198883012,ida,-5.0624813643713225
2468.549,-1.0,9.615073395252692e-06,-2.039999961853027,-6.92214356945442e-08,23,-0.059999942779540794,ida,-5.017047396289611
2470.378,-1.0,1.0326290066586812e-05,-2.099999904632568,-7.875357965758667e-08,23,-0.059999942779541016,ida,-4.986055679739241
2470.566,-1.0,1.11247063614428e-05,-2.160000085830688,-8.403003448620439e-08,23,-0.06000018119812012,ida,-4.95371144347405
2471.549,-1.0,1.189554859593045e-05,-2.2200000286102286,-8.976316223652246e-08,23,-0.05999994277954057,ida,-4.924615524480731
2472.549,-1.0,1.2642431101994592e-05,-2.2799999713897714,-9.586415217199827e-08,23,-0.05999994277954279,ida,-4.898169404482453
2473.546,-1.0,1.336812965746503e-05,-2.339999914169312,-1.0405981498706751e-07,23,-0.05999994277954057,ida,-4.873929350872855
2474.565,-1.0,1.4066552466829312e-05,-2.400000095367432,-1.0901606373181491e-07,23,-0.06000018119812012,ida,-4.851812329579826
2475.547,-1.0,1.47655482578557e-05,-2.4600000381469727,-1.1619079032243461e-07,23,-0.05999994277954057,ida,-4.830750422661598
2476.546,-1.0,1.54154058691347e-05,-2.519999980926514,-1.2343799937752922e-07,23,-0.05999994277954146,ida,-4.8120450363344816
2529.547,-1.0,2.1509480419013016e-08,0.47999998927116394,3.718788832429709e-08,23,-0.06000003218650818,ida,-7.667370080262511
2530.568,-1.0,1.820425943321879e-08,0.4199999868869781,2.719202107925867e-08,23,-0.060000002384185847,ida,-7.739826983887877
2531.548,-1.0,1.523042847395573e-08,0.3600000143051147,1.9626474667688847e-08,23,-0.0599999725818634,ida,-7.817287878590611
2532.549,-1.0,1.26457093685417e-08,0.300000011920929,1.393222781587156e-08,23,-0.06000000238418568,ida,-7.898056803630584
2533.614,-1.0,1.043417441337624e-08,0.239999994635582,8.692431663348542e-09,23,-0.06000001728534701,ida,-7.981541908064689
2534.547,-1.0,8.536541251658035e-09,0.1800000071525574,4.721665280982279e-09,23,-0.0599999874830246,ida,-8.068718056662748
2535.548,-1.0,6.983590150611008e-09,0.119999997317791,1.4146208648924128e-09,23,-0.0600000098347664,ida,-8.155921256208414
2536.547,-1.0,5.6285620608775835e-09,0.059999998658895486,-1.2825727147003359e-09,23,-0.05999999865889551,ida,-8.249602540990406
2537.548,-1.0,4.515850804409637e-09,0.0,-3.561484884784249e-09,23,-0.059999998658895486,ida,-8.345260414818807
2538.549,-1.0,3.478050292216039e-09,-0.059999998658895486,-5.527043267505859e-09,23,-0.059999998658895486,ida,-8.458664142438542
2539.548,-1.0,2.7445794525959846e-09,-0.119999997317791,-7.4345232192740696e-09,23,-0.05999999865889551,ida,-8.561524192346548
2540.548,-1.0,2.041947944064759e-09,-0.1800000071525574,-9.187340666017008e-09,23,-0.0600000098347664,ida,-8.689955333695531
2541.548,-1.0,1.41460898550605e-09,-0.239999994635582,-1.092705748106937e-08,23,-0.0599999874830246,ida,-8.849363587633961
2542.548,-1.0,8.9216234400169e-10,-0.300000011920929,-1.275748040541202e-08,23,-0.06000001728534701,ida,-9.04955611121926
2543.546,-1.0,4.543543041801712e-10,-0.3600000143051147,-1.4588940722148888e-08,23,-0.06000000238418568,ida,-9.342605353442115
2544.547,-1.0,1.102924349072332e-10,-0.4199999868869781,-1.642196245654759e-08,23,-0.0599999725818634,ida,-9.957454275326977
2545.547,-1.0,8.744001356308928e-11,-0.47999998927116394,-1.826215978439905e-08,23,-0.060000002384185847,ida,-10.058289783693596
2546.546,-1.0,9.849667748085267e-10,-0.5400000214576721,-1.327257148631134e-08,23,-0.06000003218650818,ida,-9.00657841900562
2548.776,-1.0,1.0014772344746349e-10,-0.6000000238418579,-1.8716907135285513e-08,23,-0.06000000238418579,ida,-9.999358918616453
2549.548,-1.0,4.0286779467990636e-10,-0.6600000262260437,-2.074185623257563e-08,23,-0.06000000238418579,ida,-9.394837448798853
2550.551,-1.0,1.410603522877807e-09,-0.7200000286102295,-2.220034645006308e-08,23,-0.06000000238418579,ida,-8.850595035871764
2551.549,-1.0,3.6204814701790156e-09,-0.7799999713897705,-2.3266327531246127e-08,23,-0.059999942779541016,ida,-8.441233670920495
2552.547,-1.0,8.227539538552263e-09,-0.8399999737739563,-2.393161047109515e-08,23,-0.06000000238418579,ida,-8.084730021967797
2553.547,-1.0,1.729326193355973e-08,-0.8999999761581422,-2.43572007008197e-08,23,-0.0600000023841859,ida,-7.762123080402745
2554.547,-1.0,3.432876027886778e-08,-0.959999978542328,-2.45359306205728e-08,24,-0.06000000238418579,ida,-7.464341880051339
2555.548,-1.0,6.479445602280977e-08,-1.019999980926514,-2.469286997097697e-08,24,-0.0600000023841859,ida,-7.188462151871749
2556.547,-1.0,1.2044144170886281e-07,-1.080000042915344,-2.451842995299103e-08,24,-0.06000006198883012,ida,-6.91922405453377
2557.566,-1.0,2.0237445141901842e-07,-1.139999985694885,-2.5058161767788082e-08,24,-0.059999942779541016,ida,-6.693844315488803
2558.547,-1.0,3.340370540172445e-07,-1.200000047683716,-2.5635802813894767e-08,24,-0.06000006198883101,ida,-6.476205355156569
2559.548,-1.0,5.245523198027513e-07,-1.2599999904632573,-2.663279730086288e-08,24,-0.05999994277954124,ida,-6.280211187988222
2560.548,-1.0,7.897024261183106e-07,-1.320000052452087,-2.8210616065393882e-08,24,-0.06000006198882968,ida,-6.102536527748395
2561.546,-1.0,1.147972284343268e-06,-1.379999995231628,-2.986097413781863e-08,24,-0.059999942779541016,ida,-5.940068597044389
2562.565,-1.0,1.583156517881434e-06,-1.440000057220459,-3.246917756882794e-08,24,-0.06000006198883101,ida,-5.800476146734632
2563.546,-1.0,2.152647994080326e-06,-1.5,-3.409308391155719e-08,24,-0.059999942779541016,ida,-5.66702698119695
2564.727,-1.0,2.7699279598891735e-06,-1.559999942779541,-3.80296825142068e-08,24,-0.059999942779541016,ida,-5.557531525892033
2565.547,-1.0,3.552903990566847e-06,-1.620000004768372,-4.045435275656928e-08,24,-0.06000006198883101,ida,-5.449416528207379
2566.768,-1.0,4.49654316980741e-06,-1.679999947547913,-4.224821381626498e-08,24,-0.059999942779541016,ida,-5.3471212327144055
2568.452,-1.0,5.3566741371469115e-06,-1.7400000095367427,-4.64422704737899e-08,24,-0.06000006198882968,ida,-5.271104772283745
2569.549,-1.0,6.227584890439175e-06,-1.799999952316284,-5.10508186835068e-08,24,-0.05999994277954124,ida,-5.2056803437275425
2570.553,-1.0,7.092660325724864e-06,-1.8600000143051152,-5.6003202075771696e-08,24,-0.06000006198883123,ida,-5.149190838430855
2571.549,-1.0,7.965884833538439e-06,-1.919999957084656,-6.10324875083279e-08,24,-0.059999942779540794,ida,-5.0987659766764155
2572.552,-1.0,8.815774890535977e-06,-1.980000019073486,-6.63607124806731e-08,24,-0.06000006198883012,ida,-5.054739507993904
2573.55,-1.0,9.641094948165119e-06,-2.039999961853027,-7.186430650563125e-08,24,-0.059999942779540794,ida,-5.0158736400658555
2574.548,-1.0,1.047831756295636e-05,-2.099999904632568,-7.728867501555214e-08,24,-0.059999942779541016,ida,-4.979708443667258
2575.565,-1.0,1.12472052933299e-05,-2.160000085830688,-8.342050250575994e-08,24,-0.06000018119812012,ida,-4.948955377682949
2576.548,-1.0,1.202611929329578e-05,-2.2200000286102286,-8.940391893474953e-08,24,-0.05999994277954057,ida,-4.9198744924776205
2577.55,-1.0,1.277333467442077e-05,-2.2799999713897714,-9.569698988798336e-08,24,-0.05999994277954279,ida,-4.893695708716065
2578.548,-1.0,1.350024922430748e-05,-2.339999914169312,-1.0393953431275802e-07,24,-0.05999994277954057,ida,-4.869658214042592
2579.564,-1.0,1.419984073436353e-05,-2.400000095367432,-1.0845267439663081e-07,24,-0.06000018119812012,ida,-4.8477165266433495
2580.616,-1.0,1.488772613811307e-05,-2.4600000381469727,-1.1605751382148811e-07,24,-0.05999994277954057,ida,-4.827171628713951
2581.546,-1.0,1.555819471832365e-05,-2.519999980926514,-1.2333249799212354e-07,24,-0.05999994277954146,ida,-4.808040797407726
2634.546,-1.0,2.17988258555124e-08,0.47999998927116394,3.6083029897326924e-08,24,-0.06000003218650818,ida,-7.661566898056158
2635.548,-1.0,1.8470526441660695e-08,0.4199999868869781,2.646410557360923e-08,24,-0.060000002384185847,ida,-7.733520726246273
2636.547,-1.0,1.536828264647738e-08,0.3600000143051147,1.9025444331077775e-08,24,-0.0599999725818634,ida,-7.813374660725967
2637.548,-1.0,1.272773797467153e-08,0.300000011920929,1.307282460061288e-08,24,-0.06000000238418568,ida,-7.895248774069019
2638.548,-1.0,1.045903008645155e-08,0.239999994635582,8.28225665827631e-09,24,-0.06000001728534701,ida,-7.980508587708956
2639.547,-1.0,8.58110205115281e-09,0.1800000071525574,4.378259088611002e-09,24,-0.0599999874830246,ida,-8.066456933130382
2640.548,-1.0,7.082700648197714e-09,0.119999997317791,1.118075854122935e-09,24,-0.0600000098347664,ida,-8.149801113359485
2641.547,-1.0,5.613506104396037e-09,0.059999998658895486,-1.5511393280931427e-09,24,-0.05999999865889551,ida,-8.25076580074526
2642.547,-1.0,4.53470949679513e-09,0.0,-3.3588052339439396e-09,24,-0.059999998658895486,ida,-8.343450529547642
2643.613,-1.0,3.611838828021519e-09,-0.059999998658895486,-5.829966287507204e-09,24,-0.059999998658895486,ida,-8.44227163755637
2644.548,-1.0,2.7389766010799117e-09,-0.119999997317791,-7.629131992814562e-09,24,-0.05999999865889551,ida,-8.562411677883054
2645.548,-1.0,2.1999477795020535e-09,-0.1800000071525574,-7.908606214357404e-09,24,-0.0600000098347664,ida,-8.657587627970187
2647.206,-1.0,1.268863680792265e-09,-0.239999994635582,-1.253207937423895e-08,24,-0.0599999874830246,ida,-8.896585033429153
2647.548,-1.0,9.655356514315374e-10,-0.300000011920929,-1.344441180606282e-08,24,-0.06000001728534701,ida,-9.015231685702158
2648.55,-1.0,5.261659441480049e-10,-0.3600000143051147,-1.513661196383964e-08,24,-0.06000000238418568,ida,-9.278877264853953
2649.546,-1.0,1.50883194827145e-10,-0.4199999868869781,-1.685453732136466e-08,24,-0.0599999725818634,ida,-9.821359128682104
2650.546,-1.0,3.795623884639276e-11,-0.47999998927116394,-1.8614363384017448e-08,24,-0.060000002384185847,ida,-10.420716829152681
2651.546,-1.0,8.711815296935654e-11,-0.5400000214576721,-2.027800150017356e-08,24,-0.06000003218650818,ida,-10.059891340824821
2652.546,-1.0,6.291866333496543e-11,-0.6000000238418579,-2.1711837661086968e-08,24,-0.06000000238418579,ida,-10.201220512247334
2653.548,-1.0,5.478978382100763e-10,-0.6600000262260437,-2.2997808102331874e-08,24,-0.06000000238418579,ida,-9.261300413117556
2654.548,-1.0,1.6867875984871718e-09,-0.7200000286102295,-2.4073910864785834e-08,24,-0.06000000238418579,ida,-8.772939600642939
2655.548,-1.0,4.141378351363301e-09,-0.7799999713897705,-2.482862448971446e-08,24,-0.059999942779541016,ida,-8.382855091061684
2656.548,-1.0,9.168124037728376e-09,-0.8399999737739563,-2.536987153689552e-08,24,-0.06000000238418579,ida,-8.037719519663709
2657.547,-1.0,1.889035772251191e-08,-0.8999999761581422,-2.5595403130296287e-08,24,-0.0600000023841859,ida,-7.723759817862074
2658.548,-1.0,3.684384708435573e-08,-0.959999978542328,-2.51247893601203e-08,25,-0.06000000238418579,ida,-7.433635028847699
2659.614,-1.0,6.873943902974133e-08,-1.019999980926514,-2.569516865946753e-08,25,-0.0600000023841859,ida,-7.162794016383867
2660.548,-1.0,1.2631940649043832e-07,-1.080000042915344,-2.545224475625218e-08,25,-0.06000006198883012,ida,-6.898529923520132
2661.565,-1.0,2.105897607407314e-07,-1.139999985694885,-2.580734559387565e-08,25,-0.059999942779541016,ida,-6.676562748829091
2662.548,-1.0,3.453404815445539e-07,-1.200000047683716,-2.6366782535092167e-08,25,-0.06000006198883101,ida,-6.461752509745123
2663.547,-1.0,5.418893351816224e-07,-1.2599999904632573,-2.733936277365956e-08,25,-0.05999994277954124,ida,-6.266089396168545
2664.548,-1.0,1.00242016287666e-06,-1.320000052452087,-2.2385346909459265e-08,25,-0.06000006198882968,ida,-5.9989502064412745
2666.731,-1.0,1.303738372371299e-06,-1.379999995231628,-2.813049526650957e-08,25,-0.059999942779541016,ida,-5.884809551882768
2667.546,-1.0,1.7642580587562413e-06,-1.440000057220459,-3.115240332363101e-08,25,-0.06000006198883101,ida,-5.75343789012431
2668.548,-1.0,2.322981345059816e-06,-1.5,-3.420299421463824e-08,25,-0.059999942779541016,ida,-5.633954277832185
2669.547,-1.0,2.981074885610724e-06,-1.559999942779541,-3.741325116379812e-08,25,-0.059999942779541016,ida,-5.525627114205872
2670.548,-1.0,3.7230608995741927e-06,-1.620000004768372,-4.086765059696518e-08,25,-0.06000006198883101,ida,-5.4290998597975335
2671.547,-1.0,4.532782895694255e-06,-1.679999947547913,-4.463297287315982e-08,25,-0.059999942779541016,ida,-5.343635081616353
2672.547,-1.0,5.391358172346372e-06,-1.7400000095367427,-4.8645603101249435e-08,25,-0.06000006198882968,ida,-5.268301815063134
2673.548,-1.0,6.278744876908604e-06,-1.799999952316284,-5.301192018691836e-08,25,-0.05999994277954124,ida,-5.20212716319134
2674.549,-1.0,7.166814611991867e-06,-1.8600000143051152,-5.7108902495883747e-08,25,-0.06000006198883123,ida,-5.1446738295238
2675.615,-1.0,8.05076979304431e-06,-1.919999957084656,-6.2662401489888e-08,25,-0.059999942779540794,ida,-5.0941625915715605
2676.547,-1.0,8.915997568692546e-06,-1.980000019073486,-6.785629835803775e-08,25,-0.06000006198883012,ida,-5.049830058619745
2677.547,-1.0,9.765060895006172e-06,-2.039999961853027,-7.287831493840714e-08,25,-0.059999942779540794,ida,-5.01032504410345
2678.566,-1.0,1.0620236025715712e-05,-2.099999904632568,-7.860958817218489e-08,25,-0.059999942779541016,ida,-4.9738658313216995
2679.565,-1.0,1.140319091064157e-05,-2.160000085830688,-8.472980539409036e-08,25,-0.06000018119812012,ida,-4.942973604718353
2680.548,-1.0,1.21879811558756e-05,-2.2200000286102286,-9.07564512431236e-08,25,-0.05999994277954057,ida,-4.914068225921761
2681.548,-1.0,1.294702269660775e-05,-2.2799999713897714,-9.696690028704323e-08,25,-0.05999994277954279,ida,-4.887830090663447
2682.548,-1.0,1.367925415252103e-05,-2.339999914169312,-1.0525667448746391e-07,25,-0.05999994277954057,ida,-4.8639375814371695
2683.563,-1.0,1.438871549908072e-05,-2.400000095367432,-1.1043429282153741e-07,25,-0.06000018119812012,ida,-4.84197797441368
2684.546,-1.0,1.5228640222630928e-05,-2.4600000381469727,-1.1478495309802381e-07,25,-0.05999994277954057,ida,-4.817338873431671
2686.381,-1.0,1.572507608216256e-05,-2.519999980926514,-1.2644136404560413e-07,25,-0.05999994277954146,ida,-4.803407244643683
2738.546,-1.0,2.196601656123676e-08,0.47999998927116394,3.679783233678791e-08,25,-0.06000003218650818,ida,-7.658248693299196
2739.613,-1.0,1.839548424698023e-08,0.4199999868869781,2.695898970728194e-08,25,-0.060000002384185847,ida,-7.735288775214029
2740.547,-1.0,1.544024996746884e-08,0.3600000143051147,1.9428801678600394e-08,25,-0.0599999725818634,ida,-7.811345673001991
2741.548,-1.0,1.280975325812506e-08,0.300000011920929,1.342866440268153e-08,25,-0.06000000238418568,ida,-7.89245923556888
2742.547,-1.0,1.055510079339683e-08,0.239999994635582,8.58205595477557e-09,25,-0.06000001728534701,ida,-7.976537615145804
2743.548,-1.0,8.72564331899639e-09,0.1800000071525574,5.348682385886149e-09,25,-0.0599999874830246,ida,-8.059202543785329
2745.144,-1.0,6.993257972709442e-09,0.119999997317791,9.336471873400144e-11,25,-0.0600000098347664,ida,-8.155320450873484
2745.548,-1.0,5.6831481742847245e-09,0.059999998658895486,-1.807820781962732e-09,25,-0.05999999865889551,ida,-8.245411020633906
2746.549,-1.0,4.555475552336929e-09,0.0,-3.916311275276029e-09,25,-0.059999998658895486,ida,-8.341466279728206
2747.548,-1.0,3.5982610224749574e-09,-0.059999998658895486,-5.85168624667176e-09,25,-0.059999998658895486,ida,-8.443907335568353
2748.548,-1.0,2.795338627237243e-09,-0.119999997317791,-7.624602282874092e-09,25,-0.05999999865889551,ida,-8.55356557417021
2749.548,-1.0,2.0768762265532806e-09,-0.1800000071525574,-9.379899523764833e-09,25,-0.0600000098347664,ida,-8.682589384893234
2750.548,-1.0,1.4763832378861248e-09,-0.239999994635582,-1.1137712085940172e-08,25,-0.0599999874830246,ida,-8.830800894209844
2751.548,-1.0,9.605527484524144e-10,-0.300000011920929,-1.29483463950919e-08,25,-0.06000001728534701,ida,-9.017478781002394
2752.548,-1.0,5.8704613392635e-10,-0.3600000143051147,-1.48664476284921e-08,25,-0.06000000238418568,ida,-9.231327767709194
2753.546,-1.0,1.5630721716952678e-10,-0.4199999868869781,-1.667542548489109e-08,25,-0.0599999725818634,ida,-9.806020968848776
2754.546,-1.0,2.3710727825587696e-11,-0.47999998927116394,-1.8015850145047807e-08,25,-0.060000002384185847,ida,-10.625055114693886
2755.613,-1.0,4.324912997177854e-11,-0.5400000214576721,-2.02139016636238e-08,25,-0.06000003218650818,ida,-10.364022624667518
2756.546,-1.0,7.2717669559463365e-12,-0.6000000238418579,-2.1673429273505456e-08,25,-0.06000000238418579,ida,-11.138360047741026
2757.547,-1.0,6.253957907098595e-10,-0.6600000262260437,-2.3015999772724168e-08,25,-0.06000000238418579,ida,-9.203845046146544
2758.548,-1.0,1.858484810490779e-09,-0.7200000286102295,-2.398431320216332e-08,25,-0.06000000238418579,ida,-8.730840984068925
2759.554,-1.0,4.7751904652670865e-09,-0.7799999713897705,-2.490158124146546e-08,25,-0.059999942779541016,ida,-8.321009301281324
2760.55,-1.0,9.369743203535563e-09,-0.8399999737739563,-2.520852149245911e-08,25,-0.06000000238418579,ida,-8.028272311653923
2761.548,-1.0,1.926860804246644e-08,-0.8999999761581422,-2.5620806809456553e-08,25,-0.0600000023841859,ida,-7.715149657493508
2762.549,-1.0,4.966895517100056e-08,-0.959999978542328,-2.1440756725610296e-08,26,-0.06000000238418579,ida,-7.303914975664966
2764.807,-1.0,8.211446811401402e-08,-1.019999980926514,-2.352362926671958e-08,26,-0.0600000023841859,ida,-7.085580315858692
2765.549,-1.0,1.4465939557339882e-07,-1.080000042915344,-2.3699104900742896e-08,26,-0.06000006198883012,ida,-6.839653353836483
2766.566,-1.0,2.365604672149857e-07,-1.139999985694885,-2.447539593219972e-08,26,-0.059999942779541016,ida,-6.626057830734688
2767.549,-1.0,3.7929808627268363e-07,-1.200000047683716,-2.533316667552299e-08,26,-0.06000006198883101,ida,-6.421019348500241
2768.547,-1.0,5.83546864163509e-07,-1.2599999904632573,-2.682677546772538e-08,26,-0.05999994277954124,ida,-6.233924260389255
2769.547,-1.0,8.638244821668196e-07,-1.320000052452087,-2.8274822483354e-08,26,-0.06000006198882968,ida,-6.063574491514172
2770.551,-1.0,1.251195612894662e-06,-1.379999995231628,-2.956608646798031e-08,26,-0.059999942779541016,ida,-5.902674787061545
2771.63,-1.0,1.6914093521336333e-06,-1.440000057220459,-3.267954795660444e-08,26,-0.06000006198883101,ida,-5.771751272438852
2772.548,-1.0,2.255734216305427e-06,-1.5,-3.536939630066627e-08,26,-0.059999942779541016,ida,-5.646712072770206
2773.547,-1.0,2.918376821980928e-06,-1.559999942779541,-3.844823837084732e-08,26,-0.059999942779541016,ida,-5.534858632544989
2774.546,-1.0,3.67061375072808e-06,-1.620000004768372,-4.1737521883078443e-08,26,-0.06000006198883101,ida,-5.435261312786359
2775.547,-1.0,4.493043434194988e-06,-1.679999947547913,-4.538346587423803e-08,26,-0.059999942779541016,ida,-5.347459383067328
2776.547,-1.0,5.36633842784795e-06,-1.7400000095367427,-4.929298214051415e-08,26,-0.06000006198882968,ida,-5.2703219420419725
2777.55,-1.0,6.265275260375347e-06,-1.799999952316284,-5.364249844319602e-08,26,-0.05999994277954124,ida,-5.203059843834073
2778.548,-1.0,7.170028311520582e-06,-1.8600000143051152,-5.827169502481411e-08,26,-0.06000006198883123,ida,-5.144479129476846
2779.548,-1.0,8.270326361525805e-06,-1.919999957084656,-6.035929800418671e-08,26,-0.059999942779540794,ida,-5.082477352090364
2780.815,-1.0,8.953443284553941e-06,-1.980000019073486,-6.839457711294017e-08,26,-0.06000006198883012,ida,-5.048009913075515
2781.548,-1.0,9.819505976338403e-06,-2.039999961853027,-7.375275146159765e-08,26,-0.059999942779540794,ida,-5.0079103612097065
2782.55,-1.0,1.0836851288331667e-05,-2.099999904632568,-7.602868379308347e-08,26,-0.059999942779541016,ida,-4.965096886316674
2784.485,-1.0,1.1635994269454388e-05,-2.160000085830688,-8.267087991953302e-08,26,-0.06000018119812012,ida,-4.934196501308182
2785.548,-1.0,1.243302813236369e-05,-2.2200000286102286,-8.922211236495059e-08,26,-0.05999994277954057,ida,-4.905423083666243
2786.548,-1.0,1.320817409578012e-05,-2.2799999713897714,-9.528887545684483e-08,26,-0.05999994277954279,ida,-4.879157215310198
2787.614,-1.0,1.395326853526058e-05,-2.339999914169312,-1.0437178588063031e-07,26,-0.05999994277954057,ida,-4.855324047547676
2788.566,-1.0,1.467466336180223e-05,-2.400000095367432,-1.0985409915065251e-07,26,-0.06000018119812012,ida,-4.833431852723523
2789.547,-1.0,1.536604213470127e-05,-2.4600000381469727,-1.172041876884578e-07,26,-0.05999994277954057,ida,-4.813437980282173
2790.547,-1.0,1.603345845069271e-05,-2.519999980926514,-1.248042593715581e-07,26,-0.05999994277954146,ida,-4.794972789308403
2844.547,-1.0,2.218319217206499e-08,0.47999998927116394,3.497045142353272e-08,26,-0.06000003218650818,ida,-7.653975958504233
2845.548,-1.0,1.862410314856788e-08,0.4199999868869781,2.5551676330337607e-08,26,-0.060000002384185847,ida,-7.729924631707514
2846.548,-1.0,1.546557015785766e-08,0.3600000143051147,1.829117479701381e-08,26,-0.0599999725818634,ida,-7.8106340645488075
2847.549,-1.0,1.276089012236525e-08,0.300000011920929,1.2491643275325261e-08,26,-0.06000000238418568,ida,-7.8941190308069755
2848.548,-1.0,1.046360775802668e-08,0.239999994635582,7.779824784392984e-09,26,-0.06000001728534701,ida,-7.980318548809316
2849.548,-1.0,8.547079488607777e-09,0.1800000071525574,3.910422208264207e-09,26,-0.0599999874830246,ida,-8.068182257044347
2850.548,-1.0,7.033097659814301e-09,0.119999997317791,1.206457600488875e-09,26,-0.0600000098347664,ida,-8.152853352041452
2851.614,-1.0,5.587065476930775e-09,0.059999998658895486,-1.8622875463947246e-09,26,-0.05999999865889551,ida,-8.252816238948927
2852.55,-1.0,4.459297819892072e-09,0.0,-4.132890918384646e-09,26,-0.059999998658895486,ida,-8.350733521770932
2853.549,-1.0,3.510606250145543e-09,-0.059999998658895486,-6.097376381575258e-09,26,-0.059999998658895486,ida,-8.454617878304104
2854.55,-1.0,2.7027489135633687e-09,-0.119999997317791,-7.95544430332029e-09,26,-0.05999999865889551,ida,-8.568194298555413
2855.549,-1.0,2.0091415198209006e-09,-0.1800000071525574,-9.698879921415935e-09,26,-0.0600000098347664,ida,-8.696989471358947
2856.55,-1.0,1.3901949591499368e-09,-0.239999994635582,-1.151237505325753e-08,26,-0.0599999874830246,ida,-8.856924290576298
2857.548,-1.0,8.93318641281837e-10,-0.300000011920929,-1.3387370323414421e-08,26,-0.06000001728534701,ida,-9.048993603298369
2858.546,-1.0,4.1517020377135333e-10,-0.3600000143051147,-1.526818316222034e-08,26,-0.06000000238418568,ida,-9.381773822794539
2859.546,-1.0,7.799864226720742e-11,-0.4199999868869781,-1.712568931111491e-08,26,-0.0599999725818634,ida,-10.107912957065825
2860.55,-1.0,7.179975364257629e-11,-0.47999998927116394,-1.9002449391791736e-08,26,-0.060000002384185847,ida,-10.143877045894932
2861.547,-1.0,2.5784969645559208e-11,-0.5400000214576721,-1.914609626396668e-08,26,-0.06000003218650818,ida,-10.588633375514737
2863.089,-1.0,1.822352407865324e-10,-0.6000000238418579,-2.3256349734879216e-08,26,-0.06000000238418579,ida,-9.73936763505128
2863.547,-1.0,2.8579236199810504e-10,-0.6600000262260437,-2.390568276666727e-08,26,-0.06000000238418579,ida,-9.543949382215454
2864.548,-1.0,1.459491305588756e-09,-0.7200000286102295,-2.483320216128959e-08,26,-0.06000000238418579,ida,-8.83579848782641
2865.546,-1.0,3.8997649554062255e-09,-0.7799999713897705,-2.5445187290529248e-08,26,-0.059999942779541016,ida,-8.408961567754584
2866.55,-1.0,8.87571616203786e-09,-0.8399999737739563,-2.533822041073108e-08,26,-0.06000000238418579,ida,-8.051796594591417
2867.617,-1.0,1.85664177365652e-08,-0.8999999761581422,-2.612017446779191e-08,26,-0.0600000023841859,ida,-7.73127188233018
2868.549,-1.0,3.6712204831701456e-08,-0.959999978542328,-2.612618210662276e-08,27,-0.06000000238418579,ida,-7.435189532208431
2869.549,-1.0,6.912194550068307e-08,-1.019999980926514,-2.608821425553742e-08,27,-0.0600000023841859,ida,-7.160384046739804
2870.549,-1.0,1.2801372406556774e-07,-1.080000042915344,-2.5857270102847e-08,27,-0.06000006198883012,ida,-6.892743468114324
2871.565,-1.0,2.1516477488603409e-07,-1.139999985694885,-2.6220787319175536e-08,27,-0.059999942779541016,ida,-6.667228826522343
2872.549,-1.0,3.5449696156319993e-07,-1.200000047683716,-2.6765597738176442e-08,27,-0.06000006198883101,ida,-6.4503874828560654
2873.548,-1.0,5.569090717472136e-07,-1.2599999904632573,-2.777667162945363e-08,27,-0.05999994277954124,ida,-6.254215707630681
2874.548,-1.0,8.378556799470972e-07,-1.320000052452087,-2.928928211076709e-08,27,-0.06000006198882968,ida,-6.076830781847484
2875.55,-1.0,1.213819928125304e-06,-1.379999995231628,-3.104851131752184e-08,27,-0.059999942779541016,ida,-5.915845736672699
2876.565,-1.0,1.669967105044634e-06,-1.440000057220459,-3.362563916198269e-08,27,-0.06000006198883101,ida,-5.777292083486129
2877.549,-1.0,2.239670720882714e-06,-1.5,-3.627785361004499e-08,27,-0.059999942779541016,ida,-5.649815827476305
2878.548,-1.0,2.910698640334886e-06,-1.559999942779541,-3.92707484309085e-08,27,-0.059999942779541016,ida,-5.536002756984643
2879.547,-1.0,3.67152438229823e-06,-1.620000004768372,-4.257193708667728e-08,27,-0.06000006198883101,ida,-5.435153583331853
2880.547,-1.0,4.755426743940916e-06,-1.679999947547913,-4.226167149568028e-08,27,-0.059999942779541016,ida,-5.322810504126617
2882.807,-1.0,5.58690908292192e-06,-1.7400000095367427,-4.811631626466806e-08,27,-0.06000006198882968,ida,-5.2528283959580016
2883.549,-1.0,6.550017587869661e-06,-1.799999952316284,-5.2096666536272096e-08,27,-0.05999994277954124,ida,-5.18375753385486
2884.591,-1.0,7.391247436316915e-06,-1.8600000143051152,-5.7768108518985166e-08,27,-0.06000006198883123,ida,-5.131282258629551
2885.549,-1.0,8.286045158456545e-06,-1.919999957084656,-6.2931576394476e-08,27,-0.059999942779540794,ida,-5.081652704152009
2886.549,-1.0,9.16486715141218e-06,-1.980000019073486,-6.843558963964824e-08,27,-0.06000006198883012,ida,-5.037873825936546
2887.549,-1.0,1.004522982839262e-05,-2.039999961853027,-7.363993148601367e-08,27,-0.059999942779540794,ida,-4.998040122423859
2888.565,-1.0,1.085255098587368e-05,-2.099999904632568,-7.966259829572663e-08,27,-0.059999942779541016,ida,-4.9644681651454174
2889.549,-1.0,1.166332913271617e-05,-2.160000085830688,-8.563080911017094e-08,27,-0.06000018119812012,ida,-4.933177468650461
2890.547,-1.0,1.245973089680774e-05,-2.2200000286102286,-9.17351954399237e-08,27,-0.05999994277954057,ida,-4.90449133739543
2891.55,-1.0,1.322294428973692e-05,-2.2799999713897714,-9.814361590088083e-08,27,-0.05999994277954279,ida,-4.878671831808355
2892.549,-1.0,1.396183961333008e-05,-2.339999914169312,-1.0644197345754953e-07,27,-0.05999994277954057,ida,-4.855057355259994
2893.567,-1.0,1.46894217323279e-05,-2.400000095367432,-1.1176919656463721e-07,27,-0.06000018119812012,ida,-4.832995300425004
2894.548,-1.0,1.539111144666094e-05,-2.4600000381469727,-1.189295062431484e-07,27,-0.05999994277954057,ida,-4.812730017093616
2895.548,-1.0,1.607730337127578e-05,-2.519999980926514,-1.264097733155722e-07,27,-0.05999994277954146,ida,-4.793786793223479
2949.548,-1.0,2.208482108301268e-08,0.47999998927116394,3.698103512306261e-08,27,-0.06000003218650818,ida,-7.655906114765339
2950.547,-1.0,1.861757148446941e-08,0.4199999868869781,2.707926149980722e-08,27,-0.060000002384185847,ida,-7.7300769699539895
2951.547,-1.0,1.552399453430553e-08,0.3600000143051147,1.952371597724323e-08,27,-0.0599999725818634,ida,-7.808996518838578
2952.55,-1.0,1.289771844881216e-08,0.300000011920929,1.34420394815038e-08,27,-0.06000000238418568,ida,-7.88948710774151
2953.548,-1.0,1.060625365312262e-08,0.239999994635582,8.539855933520356e-09,27,-0.06000001728534701,ida,-7.974437990753738
2954.547,-1.0,8.633923798129217e-09,0.1800000071525574,4.567933142851642e-09,27,-0.0599999874830246,ida,-8.063791788688558
2955.548,-1.0,7.1794512557232784e-09,0.119999997317791,1.217329570479819e-09,27,-0.0600000098347664,ida,-8.143908748754734
2956.548,-1.0,5.775988132228348e-09,0.059999998658895486,-1.501214486054891e-09,27,-0.05999999865889551,ida,-8.238373707771007
2957.549,-1.0,4.525876118322003e-09,0.0,-3.793001024376962e-09,27,-0.059999998658895486,ida,-8.344297337669287
2958.549,-1.0,3.5803318088056804e-09,-0.059999998658895486,-5.864453367365741e-09,27,-0.059999998658895486,ida,-8.446076723061221
2959.548,-1.0,3.0183315846699084e-09,-0.119999997317791,-5.2016853047120995e-09,27,-0.05999999865889551,ida,-8.520233051677016
2961.7,-1.0,2.1975874453517004e-09,-0.1800000071525574,-8.578038723783266e-09,27,-0.0600000098347664,ida,-8.658053834671428
2962.548,-1.0,1.543581484853007e-09,-0.239999994635582,-1.061153387382774e-08,27,-0.0599999874830246,ida,-8.811470439399939
2963.56,-1.0,1.0025977825733887e-09,-0.300000011920929,-1.2812519045724e-08,27,-0.06000001728534701,ida,-8.998873260242819
2964.547,-1.0,5.607724284928394e-10,-0.3600000143051147,-1.487420853152344e-08,27,-0.06000000238418568,ida,-9.251213347480377
2965.547,-1.0,1.835703811181588e-10,-0.4199999868869781,-1.683529582408028e-08,27,-0.0599999725818634,ida,-9.736197390425785
2966.548,-1.0,1.167058984175018e-11,-0.47999998927116394,-1.877661937044195e-08,27,-0.060000002384185847,ida,-10.932907193779497
2967.548,-1.0,6.759166837344566e-11,-0.5400000214576721,-2.0574235648496135e-08,27,-0.06000003218650818,ida,-10.17010683368021
2968.547,-1.0,3.772973947158142e-11,-0.6000000238418579,-2.2085631101731448e-08,27,-0.06000000238418579,ida,-10.423316193644624
2969.549,-1.0,5.417108428495965e-10,-0.6600000262260437,-2.3423636363872895e-08,27,-0.06000000238418579,ida,-9.266232471515215
2970.55,-1.0,1.7098069626797498e-09,-0.7200000286102295,-2.452387803941747e-08,27,-0.06000000238418579,ida,-8.767052918716209
2971.549,-1.0,4.243338125320406e-09,-0.7799999713897705,-2.532943454980341e-08,27,-0.059999942779541016,ida,-8.372292360618474
2972.548,-1.0,9.430777936358934e-09,-0.8399999737739563,-2.5820076743343634e-08,27,-0.06000000238418579,ida,-8.025452481225242
2973.548,-1.0,1.955350725779681e-08,-0.8999999761581422,-2.608809523962918e-08,27,-0.0600000023841859,ida,-7.70877533309701
2974.547,-1.0,3.83523826030796e-08,-0.959999978542328,-2.608664040337771e-08,28,-0.06000000238418579,ida,-7.4162076507703345
2975.548,-1.0,7.271281532439389e-08,-1.019999980926514,-2.5765979572156535e-08,28,-0.0600000023841859,ida,-7.138389039839994
2976.566,-1.0,1.344221800536616e-07,-1.080000042915344,-2.52929694966042e-08,28,-0.06000006198883012,ida,-6.871529065507193
2977.631,-1.0,2.216277152911061e-07,-1.139999985694885,-2.6197898961299874e-08,28,-0.059999942779541016,ida,-6.654375930562057
2978.549,-1.0,3.6435807260204466e-07,-1.200000047683716,-2.6698268484892648e-08,28,-0.06000006198883101,ida,-6.438471603941618
2979.55,-1.0,6.359417170642702e-07,-1.2599999904632573,-2.5504816036914242e-08,28,-0.05999994277954124,ida,-6.19658268485039
2981.276,-1.0,8.392607924179175e-07,-1.320000052452087,-3.049096974905297e-08,28,-0.06000006198882968,ida,-6.076103065263255
2981.572,-1.0,1.2239587476869933e-06,-1.379999995231628,-3.164182871273624e-08,28,-0.059999942779541016,ida,-5.912233219407628
2982.565,-1.0,1.688586394266167e-06,-1.440000057220459,-3.412889171272582e-08,28,-0.06000006198883101,ida,-5.7724767143633615
2983.549,-1.0,2.266220917590545e-06,-1.5,-3.670682957590543e-08,28,-0.059999942779541016,ida,-5.644697756161074
2984.547,-1.0,2.944027073681355e-06,-1.559999942779541,-3.964772332665234e-08,28,-0.059999942779541016,ida,-5.5310582004838755
2985.547,-1.0,3.7135766888241047e-06,-1.620000004768372,-4.290500754677851e-08,28,-0.06000006198883101,ida,-5.430207603069446
2986.548,-1.0,4.5544657041318715e-06,-1.679999947547913,-4.652663676552038e-08,28,-0.059999942779541016,ida,-5.341562563884704
2987.548,-1.0,5.44430258742068e-06,-1.7400000095367427,-5.046594253599324e-08,28,-0.06000006198882968,ida,-5.26405774526239
2988.548,-1.0,6.366040452121524e-06,-1.799999952316284,-5.4826355011527994e-08,28,-0.05999994277954124,ida,-5.1961306060421695
2989.547,-1.0,7.291575457202271e-06,-1.8600000143051152,-5.944848169292527e-08,28,-0.06000006198883123,ida,-5.137178625530203
2990.548,-1.0,8.214661647798494e-06,-1.919999957084656,-6.442655120508789e-08,28,-0.059999942779540794,ida,-5.085410319936801
2991.548,-1.0,9.125496035267133e-06,-1.980000019073486,-6.958627807307494e-08,28,-0.06000006198883012,ida,-5.039743519252387
2992.549,-1.0,1.0080587344418752e-05,-2.039999961853027,-7.413895275476534e-08,28,-0.059999942779540794,ida,-4.996514163028512
2993.634,-1.0,1.086467455024831e-05,-2.099999904632568,-8.065898526865568e-08,28,-0.059999942779541016,ida,-4.963983278376885
2994.548,-1.0,1.1706972145475452e-05,-2.160000085830688,-8.65218154899594e-08,28,-0.06000018119812012,ida,-4.931555414965944
2995.548,-1.0,1.25229116747505e-05,-2.2200000286102286,-9.258772593057074e-08,28,-0.05999994277954057,ida,-4.902294682526551
2996.55,-1.0,1.330385202891193e-05,-2.2799999713897714,-9.900040964794243e-08,28,-0.05999994277954279,ida,-4.876022594169205
2997.549,-1.0,1.411476114299148e-05,-2.339999914169312,-1.0659742599727911e-07,28,-0.05999994277954057,ida,-4.8503264668021115
2998.616,-1.0,1.480437458667438e-05,-2.400000095367432,-1.1264037880209801e-07,28,-0.06000018119812012,ida,-4.82960993473151
2999.548,-1.0,1.560456803417765e-05,-2.4600000381469727,-1.1811661693172941e-07,28,-0.05999994277954057,ida,-4.806748248976833
3001.035,-1.0,1.619851536815986e-05,-2.519999980926514,-1.280730970165678e-07,28,-0.05999994277954146,ida,-4.790524787738983
3053.546,-1.0,2.2200786986559248e-08,0.47999998927116394,3.785407542977737e-08,28,-0.06000003218650818,ida,-7.653631630150169
3054.547,-1.0,1.8743563146017553e-08,0.4199999868869781,2.775526120046834e-08,28,-0.060000002384185847,ida,-7.727147846342639
3055.547,-1.0,1.565170393291737e-08,0.3600000143051147,2.001699250797628e-08,28,-0.0599999725818634,ida,-7.805438375792847
3056.547,-1.0,1.297389307097774e-08,0.300000011920929,1.426070905807819e-08,28,-0.06000000238418568,ida,-7.886929685785759
3057.615,-1.0,1.082092548898572e-08,0.239999994635582,9.578931425835435e-09,28,-0.06000001728534701,ida,-7.965735593428082
3059.786,-1.0,8.76654393522358e-09,0.1800000071525574,4.5827390771080445e-09,28,-0.0599999874830246,ida,-8.05717158630157
3060.548,-1.0,7.158780235272388e-09,0.119999997317791,1.275145988799409e-09,28,-0.0600000098347664,ida,-8.145160969622044
3061.549,-1.0,5.747866627103804e-09,0.059999998658895486,-1.5110135365148378e-09,28,-0.05999999865889551,ida,-8.240493317744644
3062.548,-1.0,4.6216963589529306e-09,0.0,-3.845155305270963e-09,28,-0.059999998658895486,ida,-8.335198590653313
3063.549,-1.0,3.6183118723442927e-09,-0.059999998658895486,-5.903029620668575e-09,28,-0.059999998658895486,ida,-8.441494002815936
3064.549,-1.0,2.7966737814466565e-09,-0.119999997317791,-7.813585334304206e-09,28,-0.05999999865889551,ida,-8.55335818903789
3065.548,-1.0,2.044129310263543e-09,-0.1800000071525574,-9.60441859376715e-09,28,-0.0600000098347664,ida,-8.689491634487624
3066.548,-1.0,1.464462329181515e-09,-0.239999994635582,-1.140438321556303e-08,28,-0.0599999874830246,ida,-8.834321795330293
3067.55,-1.0,8.701444009773239e-10,-0.300000011920929,-1.336541188834417e-08,28,-0.06000001728534701,ida,-9.060408669974768
3068.546,-1.0,5.18083576039885e-10,-0.3600000143051147,-1.528110438187014e-08,28,-0.06000000238418568,ida,-9.285600175225536
3069.547,-1.0,1.0124445032344547e-10,-0.4199999868869781,-1.715531361412559e-08,28,-0.0599999725818634,ida,-9.994628773149932
3070.546,-1.0,6.024837573281872e-11,-0.47999998927116394,-1.901681478955197e-08,28,-0.060000002384185847,ida,-10.220054656965255
3071.547,-1.0,1.0027885466445949e-10,-0.5400000214576721,-2.077062077887604e-08,28,-0.06000003218650818,ida,-9.998790634982527
3072.547,-1.0,3.170967308174788e-11,-0.6000000238418579,-2.175363356116122e-08,28,-0.06000000238418579,ida,-10.498808235409834
3073.614,-1.0,7.190585349370338e-10,-0.6600000262260437,-2.2749294004142936e-08,28,-0.06000000238418579,ida,-9.143235754449648
3074.785,-1.0,1.7564535381708879e-09,-0.7200000286102295,-2.50036595872416e-08,28,-0.06000000238418579,ida,-8.755363333707354
3075.55,-1.0,4.361903727101434e-09,-0.7799999713897705,-2.5616694543373335e-08,28,-0.059999942779541016,ida,-8.360323924096615
3076.547,-1.0,9.656262456303464e-09,-0.8399999737739563,-2.60044092925682e-08,28,-0.06000000238418579,ida,-8.015190938667201
3077.547,-1.0,2.5891138122347e-08,-0.8999999761581422,-2.2319770920375962e-08,28,-0.0600000023841859,ida,-7.586848858433761
3079.587,-1.0,4.674544484828402e-08,-0.959999978542328,-2.361822204477448e-08,29,-0.06000000238418579,ida,-7.330260702944166
3080.549,-1.0,8.418716390679037e-08,-1.019999980926514,-2.4052143388075816e-08,29,-0.0600000023841859,ida,-7.074754120726171
3081.555,-1.0,1.6386591994432822e-07,-1.080000042915344,-2.154492229067273e-08,29,-0.06000006198883012,ida,-6.78551135954184
3082.826,-1.0,2.4460553049721067e-07,-1.139999985694885,-2.507654528471903e-08,29,-0.059999942779541016,ida,-6.611533727850561
3083.549,-1.0,3.9435553844668897e-07,-1.200000047683716,-2.5877893605752433e-08,29,-0.06000006198883101,ida,-6.404112055434013
3084.55,-1.0,6.082279924157775e-07,-1.2599999904632573,-2.717902702897845e-08,29,-0.05999994277954124,ida,-6.215933596240631
3085.547,-1.0,9.014297575049569e-07,-1.320000052452087,-2.89094330696571e-08,29,-0.06000006198882968,ida,-6.045068109337059
3086.547,-1.0,1.29275679228158e-06,-1.379999995231628,-3.076262444778877e-08,29,-0.059999942779541016,ida,-5.888483171720534
3087.564,-1.0,1.7694901544018653e-06,-1.440000057220459,-3.34045431316099e-08,29,-0.06000006198883101,ida,-5.752151849472263
3088.552,-1.0,2.355334800085984e-06,-1.5,-3.564163364444539e-08,29,-0.059999942779541016,ida,-5.627947351169781
3089.614,-1.0,3.0442499792116e-06,-1.559999942779541,-3.9260328321688576e-08,29,-0.059999942779541016,ida,-5.5165196882567
3090.547,-1.0,3.822750841209199e-06,-1.620000004768372,-4.2629551444406395e-08,29,-0.06000006198883101,ida,-5.417624007451618
3091.547,-1.0,4.674418960348703e-06,-1.679999947547913,-4.628888561342137e-08,29,-0.059999942779541016,ida,-5.330272365111678
3092.55,-1.0,5.573193902819185e-06,-1.7400000095367427,-5.034999972508559e-08,29,-0.06000006198882968,ida,-5.253895846687305
3093.549,-1.0,6.495076377177611e-06,-1.799999952316284,-5.478162989902557e-08,29,-0.05999994277954124,ida,-5.187415737586835
3094.548,-1.0,7.429092875099743e-06,-1.8600000143051152,-5.9501015670093687e-08,29,-0.06000006198883123,ida,-5.129064212267646
3095.549,-1.0,8.349041308974847e-06,-1.919999957084656,-6.450867573448704e-08,29,-0.059999942779540794,ida,-5.078363390160159
3096.549,-1.0,9.25232052395586e-06,-1.980000019073486,-6.976009814252393e-08,29,-0.06000006198883012,ida,-5.033749330573471
3097.549,-1.0,1.0299730092810927e-05,-2.039999961853027,-7.16893566732324e-08,29,-0.059999942779540794,ida,-4.987174155949071
3099.436,-1.0,1.1146318684041028e-05,-2.099999904632568,-7.823896197578507e-08,29,-0.059999942779541016,ida,-4.9528685442026665
3100.55,-1.0,1.198462177853798e-05,-2.160000085830688,-8.467863921168829e-08,29,-0.06000018119812012,ida,-4.921375667269525
3101.551,-1.0,1.2791001609002712e-05,-2.2200000286102286,-9.126146949256508e-08,29,-0.05999994277954057,ida,-4.893095446433682
3102.55,-1.0,1.356030679744435e-05,-2.2799999713897714,-9.809625112211506e-08,29,-0.05999994277954279,ida,-4.867730484589171
3103.546,-1.0,1.431764303561067e-05,-2.339999914169312,-1.0670101602272551e-07,29,-0.05999994277954057,ida,-4.8441284695196
3104.566,-1.0,1.5036546756164172e-05,-2.400000095367432,-1.1173856506729861e-07,29,-0.06000018119812012,ida,-4.822851890934556
3105.612,-1.0,1.573678127897438e-05,-2.4600000381469727,-1.198917658484788e-07,29,-0.05999994277954057,ida,-4.803084091273482
3106.546,-1.0,1.640797745494638e-05,-2.519999980926514,-1.277970085311608e-07,29,-0.05999994277954146,ida,-4.784944949372937
3160.548,-1.0,2.2715962444408433e-08,0.47999998927116394,3.596341713318907e-08,29,-0.06000003218650818,ida,-7.643668857993494
3161.549,-1.0,1.902586177493504e-08,0.4199999868869781,2.625345096873843e-08,29,-0.060000002384185847,ida,-7.72065566277696
3162.55,-1.0,1.583900477442057e-08,0.3600000143051147,1.874990473993421e-08,29,-0.0599999725818634,ida,-7.800272110281637
3163.548,-1.0,1.30553958754831e-08,0.300000011920929,1.281083861215393e-08,29,-0.06000000238418568,ida,-7.884209954639109
3164.548,-1.0,1.0684907181257592e-08,0.239999994635582,7.99382959826289e-09,29,-0.06000001728534701,ida,-7.971229246157163
3165.548,-1.0,8.703410436794455e-09,0.1800000071525574,4.066014192005696e-09,29,-0.0599999874830246,ida,-8.060310535467453
3166.548,-1.0,7.2523596017504124e-09,0.119999997317791,8.016943775501773e-10,29,-0.0600000098347664,ida,-8.139520669940019
3167.549,-1.0,5.686306980834387e-09,0.059999998658895486,-1.876831134950407e-09,29,-0.05999999865889551,ida,-8.245169698201037
3168.548,-1.0,4.528033947792665e-09,0.0,-4.175674916950811e-09,29,-0.059999998658895486,ida,-8.34409032579422
3169.548,-1.0,3.5582066182371355e-09,-0.059999998658895486,-5.674982261894001e-09,29,-0.059999998658895486,ida,-8.448768836871857
3170.615,-1.0,2.7332187624296007e-09,-0.119999997317791,-8.053219424652978e-09,29,-0.05999999865889551,ida,-8.563325606685018
3171.549,-1.0,1.9725441280371565e-09,-0.1800000071525574,-9.854603355563539e-09,29,-0.0600000098347664,ida,-8.704973272352424
3172.548,-1.0,1.388835935145494e-09,-0.239999994635582,-1.170600683053635e-08,29,-0.0599999874830246,ida,-8.85734905496029
3173.547,-1.0,8.608818102828763e-10,-0.300000011920929,-1.3595068182326028e-08,29,-0.06000001728534701,ida,-9.065056468366636
3174.546,-1.0,4.329085423471213e-10,-0.3600000143051147,-1.551203787641953e-08,29,-0.06000000238418568,ida,-9.363603844407184
3175.547,-1.0,8.625983954901884e-11,-0.4199999868869781,-1.744190392116707e-08,29,-0.0599999725818634,ida,-10.064191354015717
3176.546,-1.0,4.155635904834476e-11,-0.47999998927116394,-1.771447699638884e-08,29,-0.060000002384185847,ida,-10.381362510067722
3178.026,-1.0,2.4899243777909414e-10,-0.5400000214576721,-2.189500314386805e-08,29,-0.06000003218650818,ida,-9.603813842786524
3178.547,-1.0,4.959106389423873e-11,-0.6000000238418579,-2.285479361319176e-08,29,-0.06000000238418579,ida,-10.30459657453928
3179.552,-1.0,3.5973787837484384e-10,-0.6600000262260437,-2.4077261073784936e-08,29,-0.06000000238418579,ida,-9.44401383100806
3180.549,-1.0,1.311397546110982e-09,-0.7200000286102295,-2.486044259342179e-08,29,-0.06000000238418579,ida,-8.882265633321216
3181.548,-1.0,3.737103959622345e-09,-0.7799999713897705,-2.584952163431353e-08,29,-0.059999942779541016,ida,-8.427464820677969
3182.547,-1.0,9.218060981197596e-09,-0.8399999737739563,-2.628097561796494e-08,29,-0.06000000238418579,ida,-8.035360423168537
3183.547,-1.0,1.954834516482151e-08,-0.8999999761581422,-2.644304153420762e-08,29,-0.0600000023841859,ida,-7.708890001245365
3184.55,-1.0,3.852205310295176e-08,-0.959999978542328,-2.645552221736125e-08,30,-0.06000000238418579,ida,-7.414290574415592
3185.549,-1.0,7.245285615908868e-08,-1.019999980926514,-2.5831866423686727e-08,30,-0.0600000023841859,ida,-7.139944489562272
3186.616,-1.0,1.3364041251406894e-07,-1.080000042915344,-2.61578332327872e-08,30,-0.06000006198883012,ida,-6.874062192474887
3187.565,-1.0,2.2515474995543633e-07,-1.139999985694885,-2.6526118190872687e-08,30,-0.059999942779541016,ida,-6.647518886552811
3188.549,-1.0,3.702951687500899e-07,-1.200000047683716,-2.7096069388221615e-08,30,-0.06000006198883101,ida,-6.431451954164071
3189.548,-1.0,5.827664040225501e-07,-1.2599999904632573,-2.8200400237210488e-08,30,-0.05999994277954124,ida,-6.234505492880391
3190.549,-1.0,8.735540859561298e-07,-1.320000052452087,-2.988582892271552e-08,30,-0.06000006198882968,ida,-6.0587102005778855
3191.546,-1.0,1.265503101421928e-06,-1.379999995231628,-3.150753968839126e-08,30,-0.059999942779541016,ida,-5.897736786160584
3192.564,-1.0,1.741402115840174e-06,-1.440000057220459,-3.420229077732984e-08,30,-0.06000006198883101,ida,-5.7591009321992646
3193.546,-1.0,2.335632871108828e-06,-1.5,-3.686248106760104e-08,30,-0.059999942779541016,ida,-5.631595421226573
3194.548,-1.0,3.031226242455887e-06,-1.559999942779541,-3.98820638736197e-08,30,-0.059999942779541016,ida,-5.518381647867515
3195.548,-1.0,4.059754701302154e-06,-1.620000004768372,-3.995261366185332e-08,30,-0.06000006198883101,ida,-5.391500206592576
3197.701,-1.0,4.884030659013661e-06,-1.679999947547913,-4.4856594882958234e-08,30,-0.059999942779541016,ida,-5.311221618478453
3198.553,-1.0,5.78104481974151e-06,-1.7400000095367427,-4.900730843360179e-08,30,-0.06000006198882968,ida,-5.237993663579224
3199.568,-1.0,6.703840426780516e-06,-1.799999952316284,-5.4128481252746496e-08,30,-0.05999994277954124,ida,-5.173676331876807
3200.547,-1.0,7.632545020896941e-06,-1.8600000143051152,-5.909362954525932e-08,30,-0.06000006198883123,ida,-5.117330625316959
3201.547,-1.0,8.550347956770565e-06,-1.919999957084656,-6.365289806353758e-08,30,-0.059999942779540794,ida,-5.068016211279953
3202.615,-1.0,9.45316060096957e-06,-1.980000019073486,-6.972742028210632e-08,30,-0.06000006198883012,ida,-5.024422963758471
3203.549,-1.0,1.035740388033446e-05,-2.039999961853027,-7.511495425660542e-08,30,-0.059999942779540794,ida,-4.984749088387771
3204.566,-1.0,1.1186730262124908e-05,-2.099999904632568,-8.128753137270905e-08,30,-0.059999942779541016,ida,-4.951296833634685
3205.548,-1.0,1.202701332658762e-05,-2.160000085830688,-8.733385925552285e-08,30,-0.06000018119812012,ida,-4.9198422078075446
3206.548,-1.0,1.284173686144641e-05,-2.2200000286102286,-9.364918440724067e-08,30,-0.05999994277954057,ida,-4.891376233406647
3207.548,-1.0,1.362842249363894e-05,-2.2799999713897714,-1.0195731903195341e-07,30,-0.05999994277954279,ida,-4.865554411366864
3208.563,-1.0,1.4401566659216772e-05,-2.339999914169312,-1.071592592438719e-07,30,-0.05999994277954057,ida,-4.841590261068383
3209.547,-1.0,1.513832739874488e-05,-2.400000095367432,-1.14223119851431e-07,30,-0.06000018119812012,ida,-4.819922106449111
3210.546,-1.0,1.58577549882466e-05,-2.4600000381469727,-1.215878739913023e-07,30,-0.05999994277954057,ida,-4.799758296541055
3211.547,-1.0,1.653796425671317e-05,-2.519999980926514,-1.2927257841965914e-07,30,-0.05999994277954146,ida,-4.7815179510403505
3265.547,-1.0,2.280648914165795e-08,0.47999998927116394,3.757705613338658e-08,30,-0.06000003218650818,ida,-7.641941565392327
3266.614,-1.0,1.917413428031978e-08,0.4199999868869781,2.734564574780052e-08,30,-0.060000002384185847,ida,-7.717284235502456
3267.547,-1.0,1.595484100391786e-08,0.3600000143051147,1.965001850123826e-08,30,-0.0599999725818634,ida,-7.797107519359232
3268.549,-1.0,1.3171649548837648e-08,0.300000011920929,1.34833690879077e-08,30,-0.06000000238418568,ida,-7.88035983285162
3269.547,-1.0,1.080590461555175e-08,0.239999994635582,8.53573123293927e-09,30,-0.06000001728534701,ida,-7.966338870326562
3270.547,-1.0,8.827567121727498e-09,0.1800000071525574,4.472958892165479e-09,30,-0.0599999874830246,ida,-8.054158971529233
3271.547,-1.0,7.2629213754282765e-09,0.119999997317791,1.1447429670852218e-09,30,-0.0600000098347664,ida,-8.138888657257091
3272.548,-1.0,5.760359744755305e-09,0.059999998658895486,-1.317250752919108e-09,30,-0.05999999865889551,ida,-8.239550393263691
3273.567,-1.0,4.596245162247213e-09,0.0,-3.9620755565294985e-09,30,-0.059999998658895486,ida,-8.33759681423713
3274.548,-1.0,3.729665465357356e-09,-0.059999998658895486,-4.768264449950265e-09,30,-0.059999998658895486,ida,-8.428330120755627
3276.098,-1.0,2.6441573375279855e-09,-0.119999997317791,-9.04270436308252e-09,30,-0.05999999865889551,ida,-8.57771270622604
3276.548,-1.0,1.99794780719742e-09,-0.1800000071525574,-1.012922545839956e-08,30,-0.0600000098347664,ida,-8.699415861126162
3277.549,-1.0,1.3714432922640187e-09,-0.239999994635582,-1.182810116517885e-08,30,-0.0599999874830246,ida,-8.862822145307705
3278.546,-1.0,8.393287731500719e-10,-0.300000011920929,-1.363413382193812e-08,30,-0.06000001728534701,ida,-9.076067888520265
3279.546,-1.0,4.217386162519432e-10,-0.3600000143051147,-1.553459227920939e-08,30,-0.06000000238418568,ida,-9.37495663124195
3280.546,-1.0,8.405447171622171e-11,-0.4199999868869781,-1.742002986304669e-08,30,-0.0599999725818634,ida,-10.075439177048779
3281.546,-1.0,9.579658594160989e-11,-0.47999998927116394,-1.874818877922735e-08,30,-0.060000002384185847,ida,-10.018649968302878
3282.614,-1.0,1.692771894878931e-10,-0.5400000214576721,-2.0995974736592874e-08,30,-0.06000003218650818,ida,-9.77140156018385
3283.548,-1.0,1.9955636101909313e-11,-0.6000000238418579,-2.243479535479764e-08,30,-0.06000000238418579,ida,-10.699934424174312
3284.556,-1.0,3.6973954453678454e-10,-0.6600000262260437,-2.384890329665268e-08,30,-0.06000000238418579,ida,-9.432104098099646
3285.548,-1.0,1.6087412513243748e-09,-0.7200000286102295,-2.4896991135392448e-08,30,-0.06000000238418579,ida,-8.793513801866503
3286.548,-1.0,4.153454469246753e-09,-0.7799999713897705,-2.565990797620543e-08,30,-0.059999942779541016,ida,-8.381590545969967
3287.547,-1.0,9.467423289777344e-09,-0.8399999737739563,-2.612956784275866e-08,30,-0.06000000238418579,ida,-8.023768205083437
3288.547,-1.0,1.980979469351496e-08,-0.8999999761581422,-2.634854290306521e-08,30,-0.0600000023841859,ida,-7.703120025417313
3289.547,-1.0,3.905605083787123e-08,-0.959999978542328,-2.634775597698535e-08,31,-0.06000000238418579,ida,-7.40831167262085
3290.548,-1.0,7.350014641360758e-08,-1.019999980926514,-2.633764850656917e-08,31,-0.0600000023841859,ida,-7.13371179579256
3291.547,-1.0,1.3543713350827602e-07,-1.080000042915344,-2.60357388981447e-08,31,-0.06000006198883012,ida,-6.868262246531668
3292.565,-1.0,2.2814238320734153e-07,-1.139999985694885,-2.6485478699100905e-08,31,-0.059999942779541016,ida,-6.641794026063971
3293.547,-1.0,4.4869327098240324e-07,-1.200000047683716,-2.35761046241123e-08,31,-0.06000006198883101,ida,-6.348050443498181
3295.648,-1.0,6.638251761614811e-07,-1.2599999904632573,-2.605916371578587e-08,31,-0.05999994277954124,ida,-6.17794628060975
3296.546,-1.0,9.685545592219569e-07,-1.320000052452087,-2.815917810039537e-08,31,-0.06000006198882968,ida,-6.013875910203879
3297.548,-1.0,1.386533995173522e-06,-1.379999995231628,-2.983375679832534e-08,31,-0.059999942779541016,ida,-5.858069477881807
3298.63,-1.0,1.8582903749120312e-06,-1.440000057220459,-3.323615871408947e-08,31,-0.06000006198883101,ida,-5.730886422544378
3299.547,-1.0,2.459546294630854e-06,-1.5,-3.6118162682896575e-08,31,-0.059999942779541016,ida,-5.609144998551487
3300.547,-1.0,3.161530457873596e-06,-1.559999942779541,-3.928512271045292e-08,31,-0.059999942779541016,ida,-5.500102629880269
3301.547,-1.0,3.952832230424974e-06,-1.620000004768372,-4.276428100524754e-08,31,-0.06000006198883101,ida,-5.403091617973464
3302.547,-1.0,4.816921773453942e-06,-1.679999947547913,-4.65432066221183e-08,31,-0.059999942779541016,ida,-5.317230406546922
3303.548,-1.0,5.728044470743043e-06,-1.7400000095367427,-5.070976172305564e-08,31,-0.06000006198882968,ida,-5.241993618960791
3304.547,-1.0,6.665133241767761e-06,-1.799999952316284,-5.519825307942483e-08,31,-0.05999994277954124,ida,-5.176191164241706
3305.547,-1.0,7.607075986015843e-06,-1.8600000143051152,-6.000386321147744e-08,31,-0.06000006198883123,ida,-5.118782245616604
3306.547,-1.0,8.538974725524897e-06,-1.919999957084656,-6.506683547513603e-08,31,-0.059999942779540794,ida,-5.06859427190792
3307.547,-1.0,9.443986527912784e-06,-1.980000019073486,-7.035922777731685e-08,31,-0.06000006198883012,ida,-5.024844641125004
3308.547,-1.0,1.053419055097038e-05,-2.039999961853027,-7.311500382911618e-08,31,-0.059999942779540794,ida,-4.97739883003716
3309.792,-1.0,1.12087845991482e-05,-2.099999904632568,-8.1697621112653e-08,31,-0.059999942779541016,ida,-4.950441476655688
3310.548,-1.0,1.205904482048936e-05,-2.160000085830688,-8.766195946918742e-08,31,-0.06000018119812012,ida,-4.918687090671761
3311.55,-1.0,1.2874937056039932e-05,-2.2200000286102286,-9.394025823894481e-08,31,-0.05999994277954057,ida,-4.89025488549309
3312.548,-1.0,1.3675963600690008e-05,-2.2799999713897714,-1.0219729063010161e-07,31,-0.05999994277954279,ida,-4.864042063771941
3313.565,-1.0,1.456128302379511e-05,-2.339999914169312,-1.0436809105840442e-07,31,-0.05999994277954057,ida,-4.836800356780866
3315.275,-1.0,1.519682336947881e-05,-2.400000095367432,-1.1536419464164281e-07,31,-0.06000018119812012,ida,-4.818247184245114
3315.547,-1.0,1.592266562511213e-05,-2.4600000381469727,-1.22094505172754e-07,31,-0.05999994277954057,ida,-4.797984224954585
3316.554,-1.0,1.661241003603209e-05,-2.519999980926514,-1.297560885404891e-07,31,-0.05999994277954146,ida,-4.779567357950528
3370.548,-1.0,2.264226672821223e-08,0.47999998927116394,3.7954997367251047e-08,31,-0.06000003218650818,ida,-7.6450800978778854
3371.547,-1.0,1.910998825849219e-08,0.4199999868869781,2.7805352686982594e-08,31,-0.060000002384185847,ida,-7.718739579782958
3372.547,-1.0,1.594094101164956e-08,0.3600000143051147,1.97487111108785e-08,31,-0.0599999725818634,ida,-7.797486045292211
3374.209,-1.0,1.310608421789539e-08,0.300000011920929,1.252859860301214e-08,31,-0.06000000238418568,ida,-7.882527045654279
3374.547,-1.0,1.079504485801408e-08,0.239999994635582,8.365702797163975e-09,31,-0.06000001728534701,ida,-7.966775548647258
3375.549,-1.0,8.809972307233238e-09,0.1800000071525574,4.490232630161017e-09,31,-0.0599999874830246,ida,-8.055025456722424
3376.547,-1.0,7.234871368666518e-09,0.119999997317791,1.227319246233094e-09,31,-0.0600000098347664,ida,-8.140569185951293
3377.548,-1.0,5.825019133709474e-09,0.059999998658895486,-1.0057091825999007e-09,31,-0.05999999865889551,ida,-8.23470264375245
3378.615,-1.0,4.643380790980699e-09,0.0,-3.834784045864125e-09,31,-0.059999998658895486,ida,-8.333165699568696
3379.548,-1.0,3.6733627251095405e-09,-0.059999998658895486,-5.9307931898899816e-09,31,-0.059999998658895486,ida,-8.434936185257847
3380.548,-1.0,2.8271318619488275e-09,-0.119999997317791,-7.82412268307553e-09,31,-0.05999999865889551,ida,-8.548653934849279
3381.548,-1.0,2.0882844342651197e-09,-0.1800000071525574,-9.656250909984008e-09,31,-0.0600000098347664,ida,-8.680210348668407
3382.548,-1.0,1.4916300417056048e-09,-0.239999994635582,-1.148710282450338e-08,31,-0.0599999874830246,ida,-8.82633887845126
3383.549,-1.0,1.019561324255847e-09,-0.300000011920929,-1.348412048685077e-08,31,-0.06000001728534701,ida,-8.991586647291477
3384.546,-1.0,5.349040099744684e-10,-0.3600000143051147,-1.539692817686955e-08,31,-0.06000000238418568,ida,-9.271724146350158
3385.546,-1.0,1.376748159920282e-10,-0.4199999868869781,-1.728454890326248e-08,31,-0.0599999725818634,ida,-9.86114549529847
3386.546,-1.0,1.0025501262500572e-11,-0.47999998927116394,-1.918963299374354e-08,31,-0.060000002384185847,ida,-10.998893903985023
3387.547,-1.0,8.040666743536207e-11,-0.5400000214576721,-2.094866147217544e-08,31,-0.06000003218650818,ida,-10.0947079374415
3388.547,-1.0,9.101629172558744e-11,-0.6000000238418579,-2.2420943324164e-08,31,-0.06000000238418579,ida,-10.040880862917982
3389.55,-1.0,6.66248833880445e-10,-0.6600000262260437,-2.379002594921076e-08,31,-0.06000000238418579,ida,-9.176363538100052
3390.548,-1.0,1.9685864049989728e-09,-0.7200000286102295,-2.483766081695649e-08,31,-0.06000000238418579,ida,-8.70584551844514
3391.548,-1.0,6.622183246207668e-09,-0.7799999713897705,-2.104665064450728e-08,31,-0.059999942779541016,ida,-8.17899880580749
3393.866,-1.0,1.2342154853683948e-08,-0.8399999737739563,-2.4082160265948e-08,31,-0.06000000238418579,ida,-7.908609008911865
3394.548,-1.0,2.425634804126275e-08,-0.8999999761581422,-2.45773321694287e-08,31,-0.0600000023841859,ida,-7.615174584545918
3395.549,-1.0,4.575854717359106e-08,-0.959999978542328,-2.491083250788506e-08,32,-0.06000000238418579,ida,-7.339527772775102
3396.547,-1.0,8.329777756443946e-08,-1.019999980926514,-2.512460994807952e-08,32,-0.0600000023841859,ida,-7.079366585680561
3397.548,-1.0,1.4893520017267292e-07,-1.080000042915344,-2.510936347732695e-08,32,-0.06000006198883012,ida,-6.827002646545501
3398.564,-1.0,2.474902771609777e-07,-1.139999985694885,-2.568939905245315e-08,32,-0.059999942779541016,ida,-6.606441857975981
3399.548,-1.0,4.0122628774952323e-07,-1.200000047683716,-2.642897456439641e-08,32,-0.06000006198883101,ida,-6.396610620391023
3400.548,-1.0,6.226514415175188e-07,-1.2599999904632573,-2.764960527201765e-08,32,-0.05999994277954124,ida,-6.205755002117507
3401.547,-1.0,9.258556588065405e-07,-1.320000052452087,-2.933180454078865e-08,32,-0.06000006198882968,ida,-6.033456714689563
3402.548,-1.0,1.32922525608592e-06,-1.379999995231628,-3.119735580980887e-08,32,-0.059999942779541016,ida,-5.876401415456414
3403.563,-1.0,1.819697558858024e-06,-1.440000057220459,-3.395295067321058e-08,32,-0.06000006198883101,ida,-5.740000787527994
3404.547,-1.0,2.426377477604547e-06,-1.5,-3.666995951334684e-08,32,-0.059999942779541016,ida,-5.615041633936043
3405.547,-1.0,3.138371539535001e-06,-1.559999942779541,-3.97278192565409e-08,32,-0.059999942779541016,ida,-5.503295643279918
3406.548,-1.0,3.939691850973759e-06,-1.620000004768372,-4.312950352414191e-08,32,-0.06000006198883101,ida,-5.404537745853442
3407.549,-1.0,4.815481588593684e-06,-1.679999947547913,-4.6882785653679087e-08,32,-0.059999942779541016,ida,-5.317360273272573
3408.549,-1.0,5.7393717725062734e-06,-1.7400000095367427,-5.037461647816599e-08,32,-0.06000006198882968,ida,-5.241135642561184
3409.614,-1.0,6.6898487602884416e-06,-1.799999952316284,-5.541581060697354e-08,32,-0.05999994277954124,ida,-5.174583700365902
3410.548,-1.0,7.645337063877378e-06,-1.8600000143051152,-6.019430287551586e-08,32,-0.06000006198883123,ida,-5.116603362867087
3411.547,-1.0,8.735446499485986e-06,-1.919999957084656,-6.247679351645273e-08,32,-0.059999942779540794,ida,-5.058714891790714
3413.396,-1.0,9.470426448388023e-06,-1.980000019073486,-7.229305509781626e-08,32,-0.06000006198883012,ida,-5.0236304645012835
3413.548,-1.0,1.045783756126184e-05,-2.039999961853027,-7.634596954630979e-08,32,-0.059999942779540794,ida,-4.980558108231694
3414.571,-1.0,1.129355405282695e-05,-2.099999904632568,-8.225356395996641e-08,32,-0.059999942779541016,ida,-4.9471693651930995
3415.55,-1.0,1.2148320820415393e-05,-2.160000085830688,-8.81379875750099e-08,32,-0.06000018119812012,ida,-4.915483747483415
3416.548,-1.0,1.297503695241176e-05,-2.2200000286102286,-9.429729175280954e-08,32,-0.05999994277954057,ida,-4.886891396623576
3417.548,-1.0,1.3779496839561032e-05,-2.2799999713897714,-1.0248589177308531e-07,32,-0.05999994277954279,ida,-4.860766640468433
3418.563,-1.0,1.45616886584321e-05,-2.339999914169312,-1.0761833380001921e-07,32,-0.05999994277954057,ida,-4.8367882587788875
3419.547,-1.0,1.531274210719857e-05,-2.400000095367432,-1.145868324670118e-07,32,-0.06000018119812012,ida,-4.814947031679856
3420.547,-1.0,1.603955024620518e-05,-2.4600000381469727,-1.219915191086329e-07,32,-0.05999994277954057,ida,-4.794807813628524
3421.547,-1.0,1.67438975040568e-05,-2.519999980926514,-1.2971651131010733e-07,32,-0.05999994277954146,ida,-4.776143443147559
3474.547,-1.0,2.285134748092332e-08,0.47999998927116394,3.854241370504496e-08,32,-0.06000003218650818,ida,-7.641088185691496
3475.547,-1.0,1.926469828106292e-08,0.4199999868869781,2.823458977729842e-08,32,-0.060000002384185847,ida,-7.715237788410418
3476.547,-1.0,1.606159294453846e-08,0.3600000143051147,2.035585744408763e-08,32,-0.0599999725818634,ida,-7.794211384791078
3477.547,-1.0,1.3283336208758101e-08,0.300000011920929,1.410442607152618e-08,32,-0.06000000238418568,ida,-7.876692834976416
3478.548,-1.0,1.091614976189703e-08,0.239999994635582,9.02825636472926e-09,32,-0.06000001728534701,ida,-7.961930514746432
3479.547,-1.0,8.930396866446698e-09,0.1800000071525574,4.9052237827140735e-09,32,-0.0599999874830246,ida,-8.049129240654787
3480.547,-1.0,7.28425986196157e-09,0.119999997317791,1.493394408136339e-09,32,-0.0600000098347664,ida,-8.137614569384134
3481.547,-1.0,5.8703899519230154e-09,0.059999998658895486,-1.30779742590903e-09,32,-0.05999999865889551,ida,-8.231333048949418
3482.548,-1.0,4.693889721352207e-09,0.0,-3.7232161798073085e-09,32,-0.059999998658895486,ida,-8.328467117969383
3483.547,-1.0,3.7095904126260844e-09,-0.059999998658895486,-5.8223488252906455e-09,32,-0.059999998658895486,ida,-8.430674039537573
3484.548,-1.0,2.8389812722906527e-09,-0.119999997317791,-7.744467289683142e-09,32,-0.05999999865889551,ida,-8.54683747234475
3485.548,-1.0,2.101957718991798e-09,-0.1800000071525574,-9.576332615779391e-09,32,-0.0600000098347664,ida,-8.677376024080008
3486.548,-1.0,1.4658212421636559e-09,-0.239999994635582,-1.1434674540566901e-08,32,-0.0599999874830246,ida,-8.833918988955094
3487.548,-1.0,9.245157417403503e-10,-0.300000011920929,-1.337429278436275e-08,32,-0.06000001728534701,ida,-9.034085689704629
3488.546,-1.0,4.723429980479921e-10,-0.3600000143051147,-1.47973775455057e-08,32,-0.06000000238418568,ida,-9.325742518185743
3489.613,-1.0,4.0071010398712293e-10,-0.4199999868869781,-1.4525449287816632e-08,32,-0.0599999725818634,ida,-9.397169706605162
3491.807,-1.0,8.225441269944788e-13,-0.47999998927116394,-1.800264115559003e-08,32,-0.060000002384185847,ida,-12.084840794172946
3492.547,-1.0,7.889271180783197e-11,-0.5400000214576721,-1.9919419003144874e-08,32,-0.06000003218650818,ida,-10.10296311552113
3493.548,-1.0,6.079673656872453e-12,-0.6000000238418579,-2.164392576275986e-08,32,-0.06000000238418579,ida,-11.216119732046883
3494.547,-1.0,4.401445319324182e-10,-0.6600000262260437,-2.307325708272856e-08,32,-0.06000000238418579,ida,-9.356404689164577
3495.549,-1.0,1.6715765438490848e-09,-0.7200000286102295,-2.425895928581667e-08,32,-0.06000000238418579,ida,-8.776873731658815
3496.547,-1.0,4.2499541663687515e-09,-0.7799999713897705,-2.5105679313242042e-08,32,-0.059999942779541016,ida,-8.371615753573328
3497.547,-1.0,9.598350558803757e-09,-0.8399999737739563,-2.5608528630982615e-08,32,-0.06000000238418579,ida,-8.01780339245592
3498.548,-1.0,2.0029402136856327e-08,-0.8999999761581422,-2.5911582213211656e-08,32,-0.0600000023841859,ida,-7.698332013888618
3499.547,-1.0,3.9470673840469324e-08,-0.959999978542328,-2.5957108462648648e-08,33,-0.06000000238418579,ida,-7.403725459297429
3500.548,-1.0,7.418194769570617e-08,-1.019999980926514,-2.59719978856765e-08,33,-0.0600000023841859,ida,-7.1297017681711585
3501.548,-1.0,1.36736630906853e-07,-1.080000042915344,-2.5746084375555256e-08,33,-0.06000006198883012,ida,-6.86411512501071
3502.565,-1.0,2.3054563769164823e-07,-1.139999985694885,-2.622145522934716e-08,33,-0.059999942779541016,ida,-6.637243090943464
3503.547,-1.0,3.7991594581399113e-07,-1.200000047683716,-2.6803244068673848e-08,33,-0.06000006198883101,ida,-6.420312477875414
3504.548,-1.0,5.968693699287542e-07,-1.2599999904632573,-2.7359199350485145e-08,33,-0.05999994277954124,ida,-6.224120707608986
3505.614,-1.0,8.947495189204346e-07,-1.320000052452087,-2.956390332542469e-08,33,-0.06000006198882968,ida,-6.048298526444811
3506.546,-1.0,1.2955522379343167e-06,-1.379999995231628,-3.1367314079489006e-08,33,-0.059999942779541016,ida,-5.8875450711465165
3507.563,-1.0,1.783045490810764e-06,-1.440000057220459,-3.402823267606436e-08,33,-0.06000006198883101,ida,-5.748837576535208
3508.546,-1.0,2.391289399383822e-06,-1.5,-3.681032723079625e-08,33,-0.059999942779541016,ida,-5.621367861379066
3509.546,-1.0,3.283104888396338e-06,-1.559999942779541,-3.73329989145077e-08,33,-0.059999942779541016,ida,-5.4837152422404785
3511.412,-1.0,4.114118837605929e-06,-1.620000004768372,-4.096093064731576e-08,33,-0.06000006198883101,ida,-5.385723167728534
3512.549,-1.0,4.985978648619493e-06,-1.679999947547913,-4.521155361203455e-08,33,-0.059999942779541016,ida,-5.302249585600916
3513.549,-1.0,5.902743396291044e-06,-1.7400000095367427,-4.9690711989569536e-08,33,-0.06000006198882968,ida,-5.228946095992272
3514.547,-1.0,6.845894858997781e-06,-1.799999952316284,-5.438556627268554e-08,33,-0.05999994277954124,ida,-5.164569775152528
3515.548,-1.0,7.790084964653943e-06,-1.8600000143051152,-5.934845148658496e-08,33,-0.06000006198883123,ida,-5.108457805552193
3516.547,-1.0,8.724065992282702e-06,-1.919999957084656,-6.453553424989877e-08,33,-0.059999942779540794,ida,-5.059281057905828
3517.548,-1.0,9.640878488426097e-06,-1.980000019073486,-7.000851809380038e-08,33,-0.06000006198883012,ida,-5.015883390859313
3518.548,-1.0,1.05616445580381e-05,-2.039999961853027,-7.535692247984117e-08,33,-0.059999942779540794,ida,-4.976268452363542
3519.565,-1.0,1.140372751251562e-05,-2.099999904632568,-8.150832542241913e-08,33,-0.059999942779541016,ida,-4.942953168530649
3520.548,-1.0,1.225445248564938e-05,-2.160000085830688,-8.689765707003971e-08,33,-0.06000018119812012,ida,-4.91170608773896
3521.613,-1.0,1.3084888450976e-05,-2.2200000286102286,-9.382891619225121e-08,33,-0.05999994277954057,ida,-4.8832299753803925
3522.548,-1.0,1.388576038152678e-05,-2.2799999713897714,-1.021662967559678e-07,33,-0.05999994277954279,ida,-4.857430333381537
3523.563,-1.0,1.466442336095497e-05,-2.339999914169312,-1.074092352837397e-07,33,-0.05999994277954057,ida,-4.833735009811217
3524.546,-1.0,1.54157642100472e-05,-2.400000095367432,-1.14466544687275e-07,33,-0.06000018119812012,ida,-4.812034941000406
3525.546,-1.0,1.614253415027633e-05,-2.4600000381469727,-1.218661083157713e-07,33,-0.05999994277954057,ida,-4.7920282861511225
3526.546,-1.0,1.684587005001958e-05,-2.519999980926514,-1.296151879159879e-07,33,-0.05999994277954146,ida,-4.773506553803397
3579.547,-1.0,2.265491438890876e-08,0.47999998927116394,3.8615681319242874e-08,33,-0.06000003218650818,ida,-7.6448375746454555
3580.547,-1.0,1.9109117843640888e-08,0.4199999868869781,2.8348553726686994e-08,33,-0.060000002384185847,ida,-7.718759361321853
3581.547,-1.0,1.596401943970704e-08,0.3600000143051147,2.049770309042742e-08,33,-0.0599999725818634,ida,-7.796857752038581
3582.548,-1.0,1.322778508949796e-08,0.300000011920929,1.424686946194242e-08,33,-0.06000000238418568,ida,-7.87851286964005
3583.548,-1.0,1.090201173781224e-08,0.239999994635582,9.175789905668807e-09,33,-0.06000001728534701,ida,-7.96249335471849
3584.547,-1.0,8.95456064853306e-09,0.1800000071525574,5.51697043604804e-09,33,-0.0599999874830246,ida,-8.04795571775449
3585.615,-1.0,7.3155406177249915e-09,0.119999997317791,1.636517032999052e-09,33,-0.0600000098347664,ida,-8.135753574033654
3586.547,-1.0,5.913662892709225e-09,0.059999998658895486,-1.1911273078979428e-09,33,-0.05999999865889551,ida,-8.228143435983215
3587.547,-1.0,4.977274148387777e-09,0.0,-1.5140056985885047e-09,33,-0.059999998658895486,ida,-8.303008437645966
3589.805,-1.0,3.843188434160537e-09,-0.059999998658895486,-5.186569840276433e-09,33,-0.059999998658895486,ida,-8.41530832125778
3590.548,-1.0,2.9814719582077487e-09,-0.119999997317791,-7.225168019431294e-09,33,-0.05999999865889551,ida,-8.525569270991362
3591.55,-1.0,2.202558579966762e-09,-0.1800000071525574,-9.234750741882179e-09,33,-0.0600000098347664,ida,-8.657072532124543
3592.548,-1.0,1.542580174707098e-09,-0.239999994635582,-1.121579451535126e-08,33,-0.0599999874830246,ida,-8.81175225450509
3593.546,-1.0,9.823083457760615e-10,-0.300000011920929,-1.3192081205204428e-08,33,-0.06000001728534701,ida,-9.00775216613434
3594.546,-1.0,5.208850017979215e-10,-0.3600000143051147,-1.520049508485499e-08,33,-0.06000000238418568,ida,-9.283258147328631
3595.546,-1.0,1.461982757078317e-10,-0.4199999868869781,-1.717389785937939e-08,33,-0.0599999725818634,ida,-9.835057749505312
3596.546,-1.0,2.223253352251486e-11,-0.47999998927116394,-1.9101070947158408e-08,33,-0.060000002384185847,ida,-10.65301104417671
3597.547,-1.0,8.76545919181737e-11,-0.5400000214576721,-2.088290429469453e-08,33,-0.06000003218650818,ida,-10.057225327801932
3598.547,-1.0,3.8409234126568486e-11,-0.6000000238418579,-2.242132524088447e-08,33,-0.06000000238418579,ida,-10.415564352504735
3599.548,-1.0,5.735159014363944e-10,-0.6600000262260437,-2.376686403238182e-08,33,-0.06000000238418579,ida,-9.241454536245117
3600.549,-1.0,1.8199801665730318e-09,-0.7200000286102295,-2.4306011425778713e-08,33,-0.06000000238418579,ida,-8.739933344759333
3601.615,-1.0,4.536294895274295e-09,-0.7799999713897705,-2.565027479306536e-08,33,-0.059999942779541016,ida,-8.3432987205994
3602.547,-1.0,1.007887107107308e-08,-0.8399999737739563,-2.6125276164634673e-08,33,-0.06000000238418579,ida,-7.996588110257639
3603.547,-1.0,2.083082151216331e-08,-0.8999999761581422,-2.635550444551882e-08,33,-0.0600000023841859,ida,-7.681293602295939
3604.547,-1.0,4.072870041227361e-08,-0.959999978542328,-2.636277685041932e-08,34,-0.06000000238418579,ida,-7.390099447335628
3605.548,-1.0,7.61637224400147e-08,-1.019999980926514,-2.63624198026946e-08,34,-0.0600000023841859,ida,-7.118251838315138
3606.547,-1.0,1.394423208012086e-07,-1.080000042915344,-2.606829418994039e-08,34,-0.06000006198883012,ida,-6.855605397679684
3607.565,-1.0,2.7426506221672753e-07,-1.139999985694885,-2.3541975480156914e-08,34,-0.059999942779541016,ida,-6.561829512311196
3609.384,-1.0,3.6566532912729604e-07,-1.200000047683716,-2.914266694631351e-08,34,-0.06000006198883101,ida,-6.43691621571477
3609.55,-1.0,5.909816991334083e-07,-1.2599999904632573,-2.8788196715368034e-08,34,-0.05999994277954124,ida,-6.228425967660937
3610.548,-1.0,8.9107027179125e-07,-1.320000052452087,-3.014634941678196e-08,34,-0.06000006198882968,ida,-6.050088045180008
3611.546,-1.0,1.294366143156367e-06,-1.379999995231628,-3.177067142701162e-08,34,-0.059999942779541016,ida,-5.887942855460378
3612.564,-1.0,1.7826497469286553e-06,-1.440000057220459,-3.441611440280212e-08,34,-0.06000006198883101,ida,-5.748933978147512
3613.546,-1.0,2.39080054598162e-06,-1.5,-3.708020557269265e-08,34,-0.059999942779541016,ida,-5.621456653659513
3614.546,-1.0,3.1054103146743728e-06,-1.559999942779541,-4.007583953580252e-08,34,-0.059999942779541016,ida,-5.507881008812397
3615.547,-1.0,3.91519779441296e-06,-1.620000004768372,-4.3420314455033804e-08,34,-0.06000006198883101,ida,-5.407246292647617
3616.548,-1.0,4.795952918357216e-06,-1.679999947547913,-4.6531248187875456e-08,34,-0.059999942779541016,ida,-5.319125089000634
3617.615,-1.0,5.728104952140711e-06,-1.7400000095367427,-5.113446732707416e-08,34,-0.06000006198882968,ida,-5.241989033347197
3618.549,-1.0,6.684726486128056e-06,-1.799999952316284,-5.5572701995743046e-08,34,-0.05999994277954124,ida,-5.17491635773564
3619.547,-1.0,7.650261068192776e-06,-1.8600000143051152,-6.027423182786151e-08,34,-0.06000006198883123,ida,-5.116323744122078
3620.547,-1.0,8.606051778770054e-06,-1.919999957084656,-6.52692335734173e-08,34,-0.059999942779540794,ida,-5.065196045289663
3621.547,-1.0,9.54554616328096e-06,-1.980000019073486,-7.053458972450244e-08,34,-0.06000006198883012,ida,-5.020199217724662
3622.547,-1.0,1.048631656885846e-05,-2.039999961853027,-7.573126481474901e-08,34,-0.059999942779540794,ida,-4.979377035613988
3623.565,-1.0,1.13483183667995e-05,-2.099999904632568,-8.174956178663707e-08,34,-0.059999942779541016,ida,-4.945068488966705
3624.548,-1.0,1.22127048598486e-05,-2.160000085830688,-8.76941896876815e-08,34,-0.06000018119812012,ida,-4.913188138216417
3625.548,-1.0,1.3057171599939472e-05,-2.2200000286102286,-9.381340504432957e-08,34,-0.05999994277954057,ida,-4.884150888265441
3626.55,-1.0,1.386599524266785e-05,-2.2799999713897714,-1.0205995693013391e-07,34,-0.05999994277954279,ida,-4.8580489531408135
3627.565,-1.0,1.472423082304886e-05,-2.339999914169312,-1.0562157370941351e-07,34,-0.05999994277954057,ida,-4.831967382994546
3628.954,-1.0,1.542116297059692e-05,-2.400000095367432,-1.1456072002147271e-07,34,-0.06000018119812012,ida,-4.811882873193774
3629.546,-1.0,1.615730434423313e-05,-2.4600000381469727,-1.2159789264387652e-07,34,-0.05999994277954057,ida,-4.791631094432638
3630.548,-1.0,1.685748065938242e-05,-2.519999980926514,-1.292781774964169e-07,34,-0.05999994277954146,ida,-4.773207329917869
3683.546,-1.0,2.2478937822256736e-08,0.47999998927116394,3.846177065724987e-08,34,-0.06000003218650818,ida,-7.648224213958456
3684.547,-1.0,1.89743278866672e-08,0.4199999868869781,2.8271484708852768e-08,34,-0.060000002384185847,ida,-7.72183359884652
3685.547,-1.0,1.58525583771052e-08,0.3600000143051147,1.955616468762855e-08,34,-0.0599999725818634,ida,-7.799900638847011
3687.67,-1.0,1.308231389884895e-08,0.300000011920929,1.3175249335972692e-08,34,-0.06000000238418568,ida,-7.883315434557175
3688.548,-1.0,1.073889777103432e-08,0.239999994635582,8.314382959895282e-09,34,-0.06000001728534701,ida,-7.969040291869514
3689.549,-1.0,8.772182980010255e-09,0.1800000071525574,4.3032168939305385e-09,34,-0.0599999874830246,ida,-8.056892317899674
3690.547,-1.0,7.2676660245463146e-09,0.119999997317791,1.005411198740092e-09,34,-0.0600000098347664,ida,-8.138605038302531
3691.547,-1.0,5.7394147212619365e-09,0.059999998658895486,-1.7143368946648248e-09,34,-0.05999999865889551,ida,-8.24113239266929
3692.547,-1.0,4.581558687988263e-09,0.0,-4.024148125836291e-09,34,-0.059999998658895486,ida,-8.338986745919614
3693.548,-1.0,3.5982012924762326e-09,-0.059999998658895486,-6.100559168942253e-09,34,-0.059999998658895486,ida,-8.44391454477969
3694.547,-1.0,2.7635456145702615e-09,-0.119999997317791,-7.978951721554493e-09,34,-0.05999999865889551,ida,-8.558533362639048
3695.548,-1.0,2.0391821564658126e-09,-0.1800000071525574,-9.809470569166477e-09,34,-0.0600000098347664,ida,-8.6905439777459
3696.547,-1.0,1.414477868166841e-09,-0.239999994635582,-1.1101675134739248e-08,34,-0.0599999874830246,ida,-8.849403843405442
3697.615,-1.0,8.889317615334846e-10,-0.300000011920929,-1.355410805814472e-08,34,-0.06000001728534701,ida,-9.05113157618042
3698.546,-1.0,4.5915843349675356e-10,-0.3600000143051147,-1.549418016111304e-08,34,-0.06000000238418568,ida,-9.338037434460418
3699.546,-1.0,1.0429621055685349e-10,-0.4199999868869781,-1.74110539319372e-08,34,-0.0599999725818634,ida,-9.981731470711967
3700.546,-1.0,6.083249876054353e-11,-0.47999998927116394,-1.9318735056117482e-08,34,-0.060000002384185847,ida,-10.215864344056104
3701.546,-1.0,1.01184845224811e-10,-0.5400000214576721,-2.103531393515823e-08,34,-0.06000003218650818,ida,-9.99488452828763
3702.547,-1.0,4.8220157033984634e-11,-0.6000000238418579,-2.255450581856167e-08,34,-0.06000000238418579,ida,-10.31677137963086
3703.547,-1.0,6.241202554768677e-10,-0.6600000262260437,-2.387388953195568e-08,34,-0.06000000238418579,ida,-9.204731722403764
3704.548,-1.0,1.946210970160678e-09,-0.7200000286102295,-2.493380257817535e-08,34,-0.06000000238418579,ida,-8.710810083795081
3705.548,-1.0,5.836915839552147e-09,-0.7799999713897705,-2.325538339675859e-08,34,-0.059999942779541016,ida,-8.233816568584922
3707.247,-1.0,9.529149913589663e-09,-0.8399999737739563,-2.788364916739283e-08,34,-0.06000000238418579,ida,-8.020945840631779
3707.547,-1.0,2.0589054017250416e-08,-0.8999999761581422,-2.706791235596029e-08,34,-0.0600000023841859,ida,-7.6863636069772125
3708.549,-1.0,4.041351076011779e-08,-0.959999978542328,-2.6896000093756808e-08,35,-0.06000000238418579,ida,-7.393473420343833
3709.547,-1.0,7.562683634887435e-08,-1.019999980926514,-2.674309129702124e-08,35,-0.0600000023841859,ida,-7.121324066798974
3710.548,-1.0,1.387101349337172e-07,-1.080000042915344,-2.642478946768279e-08,35,-0.06000006198883012,ida,-6.857891805797781
3711.564,-1.0,2.3332678722454153e-07,-1.139999985694885,-2.6754415571872408e-08,35,-0.059999942779541016,ida,-6.632035398900288
3712.548,-1.0,3.833651476270461e-07,-1.200000047683716,-2.670164178653067e-08,35,-0.06000006198883101,ida,-6.416387372108094
3713.614,-1.0,6.013016786710068e-07,-1.2599999904632573,-2.8275966457158568e-08,35,-0.05999994277954124,ida,-6.220907583720545
3714.548,-1.0,9.013983230943268e-07,-1.320000052452087,-2.983354363550461e-08,35,-0.06000006198882968,ida,-6.045083254198875
3715.548,-1.0,1.303513045058935e-06,-1.379999995231628,-3.159129491336898e-08,35,-0.059999942779541016,ida,-5.884884618221189
3716.563,-1.0,1.8064998812405968e-06,-1.440000057220459,-3.390487535170905e-08,35,-0.06000006198883101,ida,-5.743162062646501
3717.566,-1.0,2.4008522814256135e-06,-1.5,-3.69232537877906e-08,35,-0.059999942779541016,ida,-5.619634560199237
3718.546,-1.0,3.118601853202563e-06,-1.559999942779541,-3.991971198047394e-08,35,-0.059999942779541016,ida,-5.506040067369949
3719.547,-1.0,3.926284080080222e-06,-1.620000004768372,-4.326008706811991e-08,35,-0.06000006198883101,ida,-5.4060182809082304
3720.547,-1.0,4.810392510989914e-06,-1.679999947547913,-4.694742017363751e-08,35,-0.059999942779541016,ida,-5.3178194852889265
3721.547,-1.0,5.74550495002768e-06,-1.7400000095367427,-5.092927324312768e-08,35,-0.06000006198882968,ida,-5.240671796849709
3722.548,-1.0,6.706457952532219e-06,-1.799999952316284,-5.531881086540125e-08,35,-0.05999994277954124,ida,-5.17350679396311
3723.547,-1.0,7.674822882108856e-06,-1.8600000143051152,-6.000655616844597e-08,35,-0.06000006198883123,ida,-5.114931638288606
3724.547,-1.0,9.0293442553957e-06,-1.919999957084656,-5.795597957103382e-08,35,-0.059999942779540794,ida,-5.04434378862382
3726.71,-1.0,9.738199878484009e-06,-1.980000019073486,-6.695530174738451e-08,35,-0.06000006198883012,ida,-5.011521315718262
3727.548,-1.0,1.0682606443879188e-05,-2.039999961853027,-7.285203906803872e-08,35,-0.059999942779540794,ida,-4.971322771081883
3728.565,-1.0,1.1542355423443952e-05,-2.099999904632568,-7.864976225846477e-08,35,-0.059999942779541016,ida,-4.937705556603007
3729.614,-1.0,1.240540677827084e-05,-2.160000085830688,-8.551346297736018e-08,35,-0.06000018119812012,ida,-4.906388990467794
3730.547,-1.0,1.32404802570818e-05,-2.2200000286102286,-9.190681282689184e-08,35,-0.05999994277954057,ida,-4.878096261934249
3731.547,-1.0,1.405600232828874e-05,-2.2799999713897714,-9.846197457363814e-08,35,-0.05999994277954279,ida,-4.852138179574595
3732.548,-1.0,1.483719279349316e-05,-2.339999914169312,-1.0696959407141551e-07,35,-0.05999994277954057,ida,-4.828648260082638
3733.563,-1.0,1.559734300826676e-05,-2.400000095367432,-1.1241781550097581e-07,35,-0.06000018119812012,ida,-4.806949376974187
3734.546,-1.0,1.633852662052959e-05,-2.4600000381469727,-1.197003172137556e-07,35,-0.05999994277954057,ida,-4.786787109947087
3735.546,-1.0,1.705390241113491e-05,-2.519999980926514,-1.273340046736848e-07,35,-0.05999994277954146,ida,-4.768176226542519
3788.546,-1.0,2.220398265251333e-08,0.47999998927116394,3.898206912822388e-08,35,-0.06000003218650818,ida,-7.653569120644837
3789.547,-1.0,1.8774592547288194e-08,0.4199999868869781,2.871179560770543e-08,35,-0.060000002384185847,ida,-7.726429479430826
3790.547,-1.0,1.573235941521034e-08,0.3600000143051147,2.102069807108364e-08,35,-0.0599999725818634,ida,-7.803206140430385
3791.566,-1.0,1.306631602915331e-08,0.300000011920929,1.456780474029529e-08,35,-0.06000000238418568,ida,-7.8838468419324
3792.548,-1.0,1.078923972386292e-08,0.239999994635582,9.492802988120273e-09,35,-0.06000001728534701,ida,-7.9670091572970865
3793.549,-1.0,8.872282464267299e-09,0.1800000071525574,5.749916986985681e-09,35,-0.0599999874830246,ida,-8.051964640132132
3794.614,-1.0,7.266473645017868e-09,0.119999997317791,1.862657139639623e-09,35,-0.0600000098347664,ida,-8.138676297264185
3795.547,-1.0,5.887794696235459e-09,0.059999998658895486,-9.981393489510992e-10,35,-0.05999999865889551,ida,-8.230047341986888
3796.547,-1.0,4.742062298390692e-09,0.0,-3.422689465182316e-09,35,-0.059999998658895486,ida,-8.32403274481806
3797.548,-1.0,3.756547073408001e-09,-0.059999998658895486,-5.5925606368134595e-09,35,-0.059999998658895486,ida,-8.42521116463249
3798.547,-1.0,2.91706325761254e-09,-0.119999997317791,-7.540595703403596e-09,35,-0.05999999865889551,ida,-8.535054152937168
3799.548,-1.0,2.1856547682830296e-09,-0.1800000071525574,-9.421229130168738e-09,35,-0.0600000098347664,ida,-8.660418435282104
3800.548,-1.0,1.5500545291757819e-09,-0.239999994635582,-1.130522520043087e-08,35,-0.0599999874830246,ida,-8.809653023569327
3801.548,-1.0,1.0124325822147278e-09,-0.300000011920929,-1.3240492258148608e-08,35,-0.06000001728534701,ida,-8.99463388677695
3802.548,-1.0,5.614400055975465e-10,-0.3600000143051147,-1.524302994937443e-08,35,-0.06000000238418568,ida,-9.250696644798762
3803.546,-1.0,5.021691396045469e-10,-0.4199999868869781,-1.4773857692773621e-08,35,-0.0599999725818634,ida,-9.299149980016697
3805.609,-1.0,1.374602376369438e-10,-0.47999998927116394,-1.765742396742098e-08,35,-0.060000002384185847,ida,-9.861822909631643
3806.546,-1.0,8.803606454943491e-11,-0.5400000214576721,-1.971178065218737e-08,35,-0.06000003218650818,ida,-10.055339379824566
3807.548,-1.0,2.291560136091775e-10,-0.6000000238418579,-2.153352518519114e-08,35,-0.06000000238418579,ida,-9.639868741329893
3808.548,-1.0,8.972644849336574e-10,-0.6600000262260437,-2.30291838931862e-08,35,-0.06000000238418579,ida,-9.047079521932051
3809.548,-1.0,2.306473234625628e-09,-0.7200000286102295,-2.3664867399020295e-08,35,-0.06000000238418579,ida,-8.637051580779037
3810.616,-1.0,5.262982938347704e-09,-0.7799999713897705,-2.508713059512502e-08,35,-0.059999942779541016,ida,-8.278768037885715
3811.548,-1.0,1.119731685150782e-08,-0.8399999737739563,-2.566378221047216e-08,35,-0.06000000238418579,ida,-7.950886032346549
3812.547,-1.0,2.255347908430849e-08,-0.8999999761581422,-2.593735537459452e-08,35,-0.0600000023841859,ida,-7.646786454647554
3813.548,-1.0,4.3367350599510246e-08,-0.959999978542328,-2.6010024356537536e-08,36,-0.06000000238418579,ida,-7.362837108982417
3814.548,-1.0,7.997986273267088e-08,-1.019999980926514,-2.603552395896713e-08,36,-0.0600000023841859,ida,-7.097019345570024
3815.548,-1.0,1.4486658983514642e-07,-1.080000042915344,-2.581458069528253e-08,36,-0.06000006198883012,ida,-6.8390317630677435
3816.565,-1.0,2.4195063019760715e-07,-1.139999985694885,-2.625174566617261e-08,36,-0.059999942779541016,ida,-6.616273242367149
3817.548,-1.0,3.948491666960763e-07,-1.200000047683716,-2.685341904395955e-08,36,-0.06000006198883101,ida,-6.403568774200691
3818.547,-1.0,6.161383225844475e-07,-1.2599999904632573,-2.79309642081671e-08,36,-0.05999994277954124,ida,-6.210321778109111
3819.547,-1.0,9.195760526381492e-07,-1.320000052452087,-2.9530323075732674e-08,36,-0.06000006198882968,ida,-6.036412347040129
3820.548,-1.0,1.325702669419115e-06,-1.379999995231628,-3.133323289716828e-08,36,-0.059999942779541016,ida,-5.877553869226965
3821.563,-1.0,1.8184410919275247e-06,-1.440000057220459,-3.403462045525885e-08,36,-0.06000006198883101,ida,-5.740300763273111
3822.546,-1.0,2.431274651826243e-06,-1.5,-3.6735034569801435e-08,36,-0.059999942779541016,ida,-5.614165977793835
3823.546,-1.0,3.287733761681011e-06,-1.559999942779541,-3.780040813694541e-08,36,-0.059999942779541016,ida,-5.483103358563353
3825.184,-1.0,3.934719643439166e-06,-1.620000004768372,-4.410145493238815e-08,36,-0.06000006198883101,ida,-5.405086206543787
3825.547,-1.0,4.843844180868473e-06,-1.679999947547913,-4.657418628539745e-08,36,-0.059999942779541016,ida,-5.314809835900048
3826.615,-1.0,5.787016107206e-06,-1.7400000095367427,-5.104378431042278e-08,36,-0.06000006198882968,ida,-5.237545308847625
3827.548,-1.0,6.760374162695371e-06,-1.799999952316284,-5.529417990146612e-08,36,-0.05999994277954124,ida,-5.170029266736317
3828.548,-1.0,7.740393812127877e-06,-1.8600000143051152,-5.990809626155169e-08,36,-0.06000006198883123,ida,-5.1112369429239335
3829.547,-1.0,8.714609066373667e-06,-1.919999957084656,-6.477109337765796e-08,36,-0.059999942779540794,ida,-5.059752090381273
3830.548,-1.0,9.670055987953674e-06,-1.980000019073486,-6.995851009605758e-08,36,-0.06000006198883012,ida,-5.014571011419693
3831.547,-1.0,1.062563660525484e-05,-2.039999961853027,-7.508212718221331e-08,36,-0.059999942779540794,ida,-4.97364504096075
3832.565,-1.0,1.150137177319266e-05,-2.099999904632568,-8.09862399364647e-08,36,-0.059999942779541016,ida,-4.939250358081284
3833.548,-1.0,1.237964625033783e-05,-2.160000085830688,-8.683060315206603e-08,36,-0.06000018119812012,ida,-4.907291765147989
3834.548,-1.0,1.32323257275857e-05,-2.2200000286102286,-9.290030078545897e-08,36,-0.05999994277954057,ida,-4.878363817045463
3835.548,-1.0,1.4055013707547907e-05,-2.2799999713897714,-9.921838284299157e-08,36,-0.05999994277954279,ida,-4.852168726498411
3836.548,-1.0,1.484897074988112e-05,-2.339999914169312,-1.075612274803461e-07,36,-0.05999994277954057,ida,-4.828303648241617
3837.565,-1.0,1.561810859129764e-05,-2.400000095367432,-1.1288452128610521e-07,36,-0.06000018119812012,ida,-4.806371561886337
3838.546,-1.0,1.636135493754409e-05,-2.4600000381469727,-1.2010299599296562e-07,36,-0.05999994277954057,ida,-4.786180733822847
3839.546,-1.0,1.706855255179107e-05,-2.519999980926514,-1.276930561289191e-07,36,-0.05999994277954146,ida,-4.767803306385167
3893.546,-1.0,2.245956665092308e-08,0.47999998927116394,3.797264014337998e-08,36,-0.06000003218650818,ida,-7.648598627545998
3894.546,-1.0,1.89483770896004e-08,0.4199999868869781,2.791570530291665e-08,36,-0.060000002384185847,ida,-7.722427981010628
3895.547,-1.0,1.582579578496279e-08,0.3600000143051147,2.0186972093938487e-08,36,-0.0599999725818634,ida,-7.800634442680037
3896.547,-1.0,1.312041320034041e-08,0.300000011920929,1.403468896654658e-08,36,-0.06000000238418568,ida,-7.882052487536424
3897.548,-1.0,1.080539213660359e-08,0.239999994635582,9.051453808694987e-09,36,-0.06000001728534701,ida,-7.966359467589362
3898.549,-1.0,8.856869015971823e-09,0.1800000071525574,4.929042063395173e-09,36,-0.0599999874830246,ida,-8.052719778045617
3899.547,-1.0,7.243323274508383e-09,0.119999997317791,1.5550017939958138e-09,36,-0.0600000098347664,ida,-8.14006213150478
3900.548,-1.0,5.849420947612315e-09,0.059999998658895486,-1.267659643922059e-09,36,-0.05999999865889551,ida,-8.232887123952631
3901.547,-1.0,4.872703573965963e-09,0.0,-1.9781232207805025e-09,36,-0.059999998658895486,ida,-8.312230007684283
3903.453,-1.0,3.84738463310441e-09,-0.059999998658895486,-4.662513930497879e-09,36,-0.059999998658895486,ida,-8.414834393967526
3904.548,-1.0,2.9664517509075945e-09,-0.119999997317791,-7.031142779112541e-09,36,-0.05999999865889551,ida,-8.527762711032915
3905.549,-1.0,2.2026895862836678e-09,-0.1800000071525574,-8.608711077329188e-09,36,-0.0600000098347664,ida,-8.65704670142516
3906.616,-1.0,1.5492678251405319e-09,-0.239999994635582,-1.1114550169111232e-08,36,-0.0599999874830246,ida,-8.809873498363284
3907.548,-1.0,9.902596520561247e-10,-0.300000011920929,-1.314590036827212e-08,36,-0.06000001728534701,ida,-9.004250915836787
3908.546,-1.0,5.393028246203356e-10,-0.3600000143051147,-1.516188419259379e-08,36,-0.06000000238418568,ida,-9.268167305070984
3909.546,-1.0,1.588583015132983e-10,-0.4199999868869781,-1.715008046687672e-08,36,-0.0599999725818634,ida,-9.79899008516662
3910.546,-1.0,2.1457672878116843e-13,-0.47999998927116394,-1.908584934540158e-08,36,-0.060000002384185847,ida,-12.668417379806895
3911.546,-1.0,3.898143960401335e-11,-0.5400000214576721,-2.085139705343408e-08,36,-0.06000003218650818,ida,-10.409142126210334
3912.547,-1.0,1.1391639714863899e-10,-0.6000000238418579,-2.240505203587873e-08,36,-0.06000000238418579,ida,-9.943413758988191
3913.548,-1.0,7.501602117265804e-10,-0.6600000262260437,-2.378667574021165e-08,36,-0.06000000238418579,ida,-9.124845974423954
3914.548,-1.0,2.1267057004337175e-09,-0.7200000286102295,-2.485995409529096e-08,36,-0.06000000238418579,ida,-8.672292604841415
3915.549,-1.0,5.0188302402887075e-09,-0.7799999713897705,-2.5674415482512807e-08,36,-0.059999942779541016,ida,-8.29939749388812
3916.548,-1.0,1.0845828235517268e-08,-0.8399999737739563,-2.61875037210757e-08,36,-0.06000000238418579,ida,-7.964737277731812
3917.547,-1.0,2.1963048268958122e-08,-0.8999999761581422,-2.644225460812777e-08,36,-0.0600000023841859,ida,-7.65830738396171
3918.547,-1.0,4.238207296225482e-08,-0.959999978542328,-2.6475966308225913e-08,37,-0.06000000238418579,ida,-7.372817805198342
3919.547,-1.0,7.851564021166269e-08,-1.019999980926514,-2.6454699764144607e-08,37,-0.0600000023841859,ida,-7.105043823750904
3920.548,-1.0,1.4272427506512034e-07,-1.080000042915344,-2.6184535428797056e-08,37,-0.06000006198883012,ida,-6.845502154213853
3921.565,-1.0,2.650675696713733e-07,-1.139999985694885,-2.402097010190118e-08,37,-0.059999942779541016,ida,-6.576643403818484
3923.142,-1.0,3.8136744251460197e-07,-1.200000047683716,-2.810246968465435e-08,37,-0.06000006198883101,ida,-6.41865638559464
3923.547,-1.0,6.044514293535032e-07,-1.2599999904632573,-2.8509116845043536e-08,37,-0.05999994277954124,ida,-6.218638591099711
3924.55,-1.0,9.06522643617791e-07,-1.320000052452087,-3.001412096637068e-08,37,-0.06000006198882968,ida,-6.042621343388179
3925.546,-1.0,1.3125919622325453e-06,-1.379999995231628,-3.168039341971962e-08,37,-0.059999942779541016,ida,-5.881870259509799
3926.563,-1.0,1.8059146214000072e-06,-1.440000057220459,-3.433110862260946e-08,37,-0.06000006198883101,ida,-5.743302785767442
3927.546,-1.0,2.419129486952443e-06,-1.5,-3.6988723195463535e-08,37,-0.059999942779541016,ida,-5.6163408848568634
3928.546,-1.0,3.1400131774717006e-06,-1.559999942779541,-3.99720896382405e-08,37,-0.059999942779541016,ida,-5.503068529349958
3929.546,-1.0,3.957837634516181e-06,-1.620000004768372,-4.3286814133125524e-08,37,-0.06000006198883101,ida,-5.402542026168035
3930.547,-1.0,4.850942787015811e-06,-1.679999947547913,-4.6918966489784e-08,37,-0.059999942779541016,ida,-5.314173847499241
3931.548,-1.0,5.796196091978345e-06,-1.7400000095367427,-5.092104871096126e-08,37,-0.06000006198882968,ida,-5.236856930270641
3932.547,-1.0,6.770976597181289e-06,-1.799999952316284,-5.523543578078716e-08,37,-0.05999994277954124,ida,-5.169348687270747
3933.548,-1.0,7.750108125037514e-06,-1.8600000143051152,-5.9866415824672e-08,37,-0.06000006198883123,ida,-5.110692238425357
3934.548,-1.0,8.728107786737382e-06,-1.919999957084656,-6.476496849927571e-08,37,-0.059999942779540794,ida,-5.059079899118131
3935.548,-1.0,9.688261343399063e-06,-1.980000019073486,-7.002742563599895e-08,37,-0.06000006198883012,ida,-5.013754154499063
3936.548,-1.0,1.06559873529477e-05,-2.039999961853027,-7.511275157412456e-08,37,-0.059999942779540794,ida,-4.972406303615617
3937.566,-1.0,1.15362763608573e-05,-2.099999904632568,-8.038022514256225e-08,37,-0.059999942779541016,ida,-4.9379343486234575
3938.615,-1.0,1.242343114427058e-05,-2.160000085830688,-8.646551208357779e-08,37,-0.06000018119812012,ida,-4.905758442707725
3939.568,-1.0,1.328103553532856e-05,-2.2200000286102286,-9.292837432894884e-08,37,-0.05999994277954057,ida,-4.87676806128233
3940.548,-1.0,1.43213510455098e-05,-2.2799999713897714,-9.513148313544659e-08,37,-0.05999994277954279,ida,-4.8440160096865155
3942.774,-1.0,1.510337551735574e-05,-2.339999914169312,-1.0508966141742351e-07,37,-0.05999994277954057,ida,-4.820925979545824
3943.566,-1.0,1.588272971275728e-05,-2.400000095367432,-1.1075711370267531e-07,37,-0.06000018119812012,ida,-4.799074854723287
3944.549,-1.0,1.665236959524918e-05,-2.4600000381469727,-1.1787795983764233e-07,37,-0.05999994277954057,ida,-4.778523958619036
3945.676,-1.0,1.73477892531082e-05,-2.519999980926514,-1.263076114810247e-07,37,-0.05999994277954146,ida,-4.7607558624495
3998.548,-1.0,2.229680973186987e-08,0.47999998927116394,3.914061963428139e-08,37,-0.06000003218650818,ida,-7.651757272151886
3999.55,-1.0,1.892998291452841e-08,0.4199999868869781,2.9540181856191335e-08,37,-0.060000002384185847,ida,-7.7228497780134555
4001.843,-1.0,1.577384445283769e-08,0.3600000143051147,1.9928933170376688e-08,37,-0.0599999725818634,ida,-7.802062446102066
4002.548,-1.0,1.3036585144732268e-08,0.300000011920929,1.3596451076125501e-08,37,-0.06000000238418568,ida,-7.8848361545412695
4003.55,-1.0,1.071347011105672e-08,0.239999994635582,8.644986060346582e-09,37,-0.06000001728534701,ida,-7.970069837665891
4004.547,-1.0,8.734846623781321e-09,0.1800000071525574,4.444479895227004e-09,37,-0.0599999874830246,ida,-8.058744716442954
4005.547,-1.0,7.1923018651887105e-09,0.119999997317791,1.1340737238185739e-09,37,-0.0600000098347664,ida,-8.143132093294494
4006.548,-1.0,5.7144404763675985e-09,0.059999998658895486,-1.6286015869226838e-09,37,-0.05999999865889551,ida,-8.243026286689892
4007.548,-1.0,4.539835618544429e-09,0.0,-3.977775442365328e-09,37,-0.059999998658895486,ida,-8.342959872088167
4008.549,-1.0,3.555274075139891e-09,-0.059999998658895486,-6.0886025110562506e-09,37,-0.059999998658895486,ida,-8.44912691399672
4009.548,-1.0,2.7351618747672997e-09,-0.119999997317791,-7.96583865536604e-09,37,-0.05999999865889551,ida,-8.563016965770098
4010.551,-1.0,2.0019055302356037e-09,-0.1800000071525574,-9.814954182729707e-09,37,-0.0600000098347664,ida,-8.698556420695569
4011.55,-1.0,1.376271319131206e-09,-0.239999994635582,-1.16745351164127e-08,37,-0.0599999874830246,ida,-8.861295940529308
4012.55,-1.0,8.263468798119789e-10,-0.300000011920929,-1.358778511928449e-08,37,-0.06000001728534701,ida,-9.082837608412467
4013.55,-1.0,3.549933402791083e-10,-0.3600000143051147,-1.555723017077071e-08,37,-0.06000000238418568,ida,-9.449779794289029
4014.549,-1.0,5.5372716828427926e-11,-0.4199999868869781,-1.74899703608844e-08,37,-0.0599999725818634,ida,-10.256704167572618
4015.549,-1.0,1.5398264607835438e-10,-0.47999998927116394,-1.944851923951774e-08,37,-0.060000002384185847,ida,-9.812528221612173
4016.547,-1.0,2.2811889877072386e-10,-0.5400000214576721,-2.067143967110496e-08,37,-0.06000003218650818,ida,-9.641838733610482
4017.614,-1.0,1.1353493145627172e-10,-0.6000000238418579,-2.273718102685507e-08,37,-0.06000000238418579,ida,-9.944870497900872
4018.549,-1.0,2.786874897520164e-10,-0.6600000262260437,-2.4069976234386562e-08,37,-0.06000000238418579,ida,-9.55488252627633
4019.548,-1.0,2.7637721000672846e-09,-0.7200000286102295,-2.100117235670496e-08,37,-0.06000000238418579,ida,-8.558497771632082
4021.657,-1.0,5.270397895884571e-09,-0.7799999713897705,-2.364289741763059e-08,37,-0.059999942779541016,ida,-8.278156595894885
4022.549,-1.0,1.1203301397699761e-08,-0.8399999737739563,-2.447947267114614e-08,37,-0.06000000238418579,ida,-7.9506539802289895
4023.557,-1.0,2.2515559194857808e-08,-0.8999999761581422,-2.507474405888388e-08,37,-0.0600000023841859,ida,-7.647517262459642
4024.549,-1.0,4.326461677806037e-08,-0.959999978542328,-2.533197474008375e-08,38,-0.06000000238418579,ida,-7.363867138751464
4025.549,-1.0,8.119243233295491e-08,-1.019999980926514,-2.52508645104399e-08,38,-0.0600000023841859,ida,-7.0904844479657205
4026.611,-1.0,1.448345159360542e-07,-1.080000042915344,-2.5518131607782376e-08,38,-0.06000006198883012,ida,-6.839127927819402
4027.566,-1.0,2.428034520107758e-07,-1.139999985694885,-2.601815474179148e-08,38,-0.059999942779541016,ida,-6.614745143055701
4028.549,-1.0,3.9728055867271916e-07,-1.200000047683716,-2.6690996079992153e-08,38,-0.06000006198883101,ida,-6.400902687065819
4029.549,-1.0,6.209976390891825e-07,-1.2599999904632573,-2.788012132270978e-08,38,-0.05999994277954124,ida,-6.206910050922437
4030.547,-1.0,9.299132557316625e-07,-1.320000052452087,-2.951790101235474e-08,38,-0.06000006198882968,ida,-6.031557561461236
4031.548,-1.0,1.341727966064354e-06,-1.379999995231628,-3.13198214030308e-08,38,-0.059999942779541016,ida,-5.872335527991915
4032.565,-1.0,1.843335553530778e-06,-1.440000057220459,-3.345234489415816e-08,38,-0.06000006198883101,ida,-5.73439560033056
4033.614,-1.0,2.4658834263391327e-06,-1.5,-3.675697968219538e-08,38,-0.059999942779541016,ida,-5.6080274583543686
4034.548,-1.0,3.195291583324433e-06,-1.559999942779541,-3.980397167424599e-08,38,-0.059999942779541016,ida,-5.495489504563249
4035.548,-1.0,4.017673745693172e-06,-1.620000004768372,-4.317692514632654e-08,38,-0.06000006198883101,ida,-5.396025332943163
4036.548,-1.0,4.9157451940118335e-06,-1.679999947547913,-4.685043109020626e-08,38,-0.059999942779541016,ida,-5.3084106367096275
4037.549,-1.0,5.862735179107403e-06,-1.7400000095367427,-5.089989940643136e-08,38,-0.06000006198882968,ida,-5.231899722538693
4038.548,-1.0,6.839257366664242e-06,-1.799999952316284,-5.5251692998581354e-08,38,-0.05999994277954124,ida,-5.164991053114605
4039.548,-1.0,8.009799785213545e-06,-1.8600000143051152,-5.693835092301924e-08,38,-0.06000006198883123,ida,-5.096378339504237
4041.3,-1.0,8.777824405115098e-06,-1.919999957084656,-6.59481855791455e-08,38,-0.059999942779540794,ida,-5.056613111193521
4041.549,-1.0,9.80087224888848e-06,-1.980000019073486,-7.009914071431922e-08,38,-0.06000006198883012,ida,-5.008735271652199
4042.576,-1.0,1.071580663847271e-05,-2.039999961853027,-7.561603609929078e-08,38,-0.059999942779540794,ida,-4.969975131626162
4043.567,-1.0,1.158693976321956e-05,-2.099999904632568,-8.148841601496315e-08,38,-0.059999942779541016,ida,-4.936031250786973
4044.549,-1.0,1.246898136741947e-05,-2.160000085830688,-8.736561341038396e-08,38,-0.06000018119812012,ida,-4.904169024033753
4045.549,-1.0,1.332552437816048e-05,-2.2200000286102286,-9.349393792490444e-08,38,-0.05999994277954057,ida,-4.87531569186532
4046.55,-1.0,1.415873703081161e-05,-2.2799999713897714,-9.987574856040736e-08,38,-0.05999994277954279,ida,-4.848975484288334
4047.55,-1.0,1.495647393312538e-05,-2.339999914169312,-1.0827040597405361e-07,38,-0.05999994277954057,ida,-4.825170781597516
4048.564,-1.0,1.572344262967817e-05,-2.400000095367432,-1.1320805270997881e-07,38,-0.06000018119812012,ida,-4.803452359608083
4049.612,-1.0,1.647176759433933e-05,-2.4600000381469727,-1.211029285741461e-07,38,-0.05999994277954057,ida,-4.783259793952436
4050.546,-1.0,1.719113606668543e-05,-2.519999980926514,-1.287289848050932e-07,38,-0.05999994277954146,ida,-4.764695422254799
4104.546,-1.0,2.272696519867168e-08,0.47999998927116394,3.889895694442203e-08,38,-0.06000003218650818,ida,-7.643458553076822
4105.547,-1.0,1.9171833898212753e-08,0.4199999868869781,2.861763270800566e-08,38,-0.060000002384185847,ida,-7.717336342323799
4106.548,-1.0,1.602221821883631e-08,0.3600000143051147,2.073547911152218e-08,38,-0.0599999725818634,ida,-7.795277357570739
4107.548,-1.0,1.326470400186963e-08,0.300000011920929,1.444830921570883e-08,38,-0.06000000238418568,ida,-7.8773024367324584
4108.548,-1.0,1.092108536937531e-08,0.239999994635582,9.341776241456044e-09,38,-0.06000001728534701,ida,-7.961734198031768
4109.547,-1.0,9.238100062702866e-09,0.1800000071525574,5.063259589377367e-09,38,-0.0599999874830246,ida,-8.034417337992878
4110.547,-1.0,7.302713544987681e-09,0.119999997317791,1.7341613700594388e-09,38,-0.0600000098347664,ida,-8.136515734586688
4111.547,-1.0,5.908691758094164e-09,0.059999998658895486,-1.1228680207864268e-09,38,-0.05999999865889551,ida,-8.22850866550358
4112.547,-1.0,4.726242952557413e-09,0.0,-3.0287743424395326e-09,38,-0.059999998658895486,ida,-8.32548395721845
4113.615,-1.0,3.730571407345451e-09,-0.059999998658895486,-5.688881810073098e-09,38,-0.059999998658895486,ida,-8.428224642708482
4114.548,-1.0,2.8794526762965225e-09,-0.119999997317791,-7.647681599110001e-09,38,-0.05999999865889551,ida,-8.54069005468996
4115.548,-1.0,2.142644062175236e-09,-0.1800000071525574,-9.531784250782492e-09,38,-0.0600000098347664,ida,-8.669049968329201
4116.547,-1.0,1.493036805300108e-09,-0.239999994635582,-1.1390399734523268e-08,38,-0.0599999874830246,ida,-8.825929486218898
4117.548,-1.0,1.217198342118309e-09,-0.300000011920929,-1.09777209544859e-08,38,-0.06000001728534701,ida,-8.914638647843086
4119.662,-1.0,6.178498268560872e-10,-0.3600000143051147,-1.4147294002953e-08,38,-0.06000000238418568,ida,-9.209117070692937
4120.546,-1.0,1.925468534613728e-10,-0.4199999868869781,-1.636688651274198e-08,38,-0.0599999725818634,ida,-9.715463574083724
4121.548,-1.0,1.434087744389689e-11,-0.47999998927116394,-1.849453390434519e-08,38,-0.060000002384185847,ida,-10.84342427562885
4122.547,-1.0,1.7970801236000258e-10,-0.5400000214576721,-2.0482469054172728e-08,38,-0.06000003218650818,ida,-9.745432559250723
4123.548,-1.0,3.114938862402993e-11,-0.6000000238418579,-2.204458660060027e-08,38,-0.06000000238418579,ida,-10.506550472915432
4124.547,-1.0,6.291747123299273e-10,-0.6600000262260437,-2.347408489811187e-08,38,-0.06000000238418579,ida,-9.201228740778994
4125.548,-1.0,1.9793391370370728e-09,-0.7200000286102295,-2.4616682026135088e-08,38,-0.06000000238418579,ida,-8.703479788044607
4126.548,-1.0,4.841804734923016e-09,-0.7799999713897705,-2.5448978036024528e-08,38,-0.059999942779541016,ida,-8.314992729197346
4127.547,-1.0,1.0633361746670292e-08,-0.8399999737739563,-2.5948095228045528e-08,38,-0.06000000238418579,ida,-7.973329411185462
4128.548,-1.0,2.178143354569784e-08,-0.8999999761581422,-2.565512602359377e-08,38,-0.0600000023841859,ida,-7.661913540535337
4129.614,-1.0,4.235604933455761e-08,-0.959999978542328,-2.6263380803470682e-08,39,-0.06000000238418579,ida,-7.373084554518647
4130.548,-1.0,7.890975695090674e-08,-1.019999980926514,-2.6297700017607888e-08,39,-0.0600000023841859,ida,-7.102869294281606
4131.547,-1.0,1.4424776395571834e-07,-1.080000042915344,-2.6028537547517768e-08,39,-0.06000006198883012,ida,-6.840890910298536
4132.565,-1.0,2.423139733309654e-07,-1.139999985694885,-2.648116392833799e-08,39,-0.059999942779541016,ida,-6.615621541019102
4133.547,-1.0,3.9770270632288884e-07,-1.200000047683716,-2.705997204088817e-08,39,-0.06000006198883101,ida,-6.400441453678093
4134.547,-1.0,6.231796874089923e-07,-1.2599999904632573,-2.812153176989796e-08,39,-0.05999994277954124,ida,-6.205386710967645
4135.548,-1.0,9.32852969981468e-07,-1.320000052452087,-2.981744984253965e-08,39,-0.06000006198882968,ida,-6.030186801438498
4136.546,-1.0,1.348348860119586e-06,-1.379999995231628,-3.148759475379848e-08,39,-0.059999942779541016,ida,-5.870197727664746
4137.563,-1.0,1.9816875465039634e-06,-1.440000057220459,-3.226256239940994e-08,39,-0.06000006198883101,ida,-5.702964819843834
4139.257,-1.0,2.452646413075854e-06,-1.5,-3.830206551924675e-08,39,-0.059999942779541016,ida,-5.610365057549254
4139.546,-1.0,3.2144498618436046e-06,-1.559999942779541,-4.054139779441357e-08,39,-0.059999942779541016,ida,-5.492893343862506
4140.548,-1.0,4.05127275371342e-06,-1.620000004768372,-4.379708684609795e-08,39,-0.06000006198883101,ida,-5.392408516765798
4141.547,-1.0,4.96524671689258e-06,-1.679999947547913,-4.743759518532897e-08,39,-0.059999942779541016,ida,-5.304059167083408
4142.547,-1.0,5.931793111813022e-06,-1.7400000095367427,-5.145908588133352e-08,39,-0.06000006198882968,ida,-5.226814004637056
4143.549,-1.0,6.9231628003763035e-06,-1.799999952316284,-5.583878959214417e-08,39,-0.05999994277954124,ida,-5.159695455695545
4144.548,-1.0,7.923083103378302e-06,-1.8600000143051152,-5.984525586200107e-08,39,-0.06000006198883123,ida,-5.101105788835581
4145.614,-1.0,8.913165402191225e-06,-1.919999957084656,-6.554951426096522e-08,39,-0.059999942779540794,ida,-5.049968034170892
4146.547,-1.0,9.882111044134945e-06,-1.980000019073486,-7.081842312572917e-08,39,-0.06000006198883012,ida,-5.005150270302492
4147.547,-1.0,1.085419626178918e-05,-2.039999961853027,-7.60380984843323e-08,39,-0.059999942779540794,ida,-4.964402329924273
4148.565,-1.0,1.1744022231141568e-05,-2.099999904632568,-8.20522103595067e-08,39,-0.059999942779541016,ida,-4.93018313531859
4149.548,-1.0,1.263929607375758e-05,-2.160000085830688,-8.797539408078592e-08,39,-0.06000018119812012,ida,-4.898277112746328
4150.548,-1.0,1.350804541289108e-05,-2.2200000286102286,-9.425755820302584e-08,39,-0.05999994277954057,ida,-4.8694074879733416
4151.547,-1.0,1.434816113032866e-05,-2.2799999713897714,-1.0237681635771881e-07,39,-0.05999994277954279,ida,-4.84320375482715
4152.565,-1.0,1.5154563698160928e-05,-2.339999914169312,-1.075825721841284e-07,39,-0.05999994277954057,ida,-4.819456562510397
4153.546,-1.0,1.59440387506038e-05,-2.400000095367432,-1.1454045534264881e-07,39,-0.06000018119812012,ida,-4.797401658791202
4154.546,-1.0,1.67023408721434e-05,-2.4600000381469727,-1.2179982888937962e-07,39,-0.05999994277954057,ida,-4.777222657199123
4155.547,-1.0,1.74333563336404e-05,-2.519999980926514,-1.2949001870765642e-07,39,-0.05999994277954146,ida,-4.758618992875341
