VG,IDS,IGS,transistor,diff_VG,direction,log_IDS,sqrt_IDS
-9.0,2.7910016342502786e-07,4.642464261905843e-07,0,,volta,-6.554239909213386,0.0005282993123457837
-8.899999618530273,2.731775907705014e-07,4.535822029083647e-07,0,0.10000038146972656,ida,-6.5635549294556546,0.0005226639367418623
-8.800000190734863,2.68332115638259e-07,4.45229858314633e-07,0,0.09999942779541016,ida,-6.5713273451820475,0.0005180078335684307
-8.699999809265137,2.6412388365315564e-07,4.3795029114335193e-07,0,0.10000038146972656,ida,-6.578192325526186,0.0005139298431237046
-8.600000381469727,2.602532163109572e-07,4.312488499635947e-07,0,0.09999942779541016,ida,-6.584603894603326,0.0005101501899548379
-8.5,2.565602699178271e-07,4.2481474338273983e-07,0,0.10000038146972656,ida,-6.59081059617378,0.000506517788352815
-8.399999618530273,2.5301432060587103e-07,4.1861983390845126e-07,0,0.10000038146972656,ida,-6.596854897068861,0.0005030052888448302
-8.300000190734863,2.4949292765086284e-07,4.1244115323024744e-07,0,0.09999942779541016,ida,-6.60294176076499,0.0004994926702674053
-8.199999809265137,2.4602536541351583e-07,4.0636990661369055e-07,0,0.10000038146972656,ida,-6.60902011447703,0.0004960094408511958
-8.100000381469727,2.426176877179387e-07,4.0035942561189586e-07,0,0.09999942779541016,ida,-6.615077540657079,0.0004925623693685285
-8.0,2.390662245943531e-07,3.931721721528447e-07,0,0.10000038146972656,ida,-6.6214817769098735,0.0004889439892199854
-7.900000095367432,2.35519479474533e-07,3.8692698467457376e-07,0,0.09999990463256836,ida,-6.627973167182897,0.0004853034921309891
-7.800000190734863,2.3227846668305574e-07,3.8115624079182453e-07,0,0.09999990463256836,ida,-6.633991049494602,0.00048195276395416155
-7.699999809265137,2.2905769014869293e-07,3.754043689241371e-07,0,0.10000038146972656,ida,-6.640055123084237,0.00047859971808254646
-7.599999904632568,2.2579082781248871e-07,3.6958792293262377e-07,0,0.09999990463256836,ida,-6.646293704179565,0.0004751745235305537
-7.5,2.225423827439954e-07,3.637883594365121e-07,0,0.09999990463256836,ida,-6.65258726630559,0.0004717439800824123
-7.400000095367432,2.1933752236691362e-07,3.580433656225068e-07,0,0.09999990463256836,ida,-6.658887066621837,0.00046833484000970247
-7.300000190734863,2.1605340805308515e-07,3.5217300364820403e-07,0,0.09999990463256836,ida,-6.665438878684039,0.00046481545591028396
-7.199999809265137,2.1268093064463756e-07,3.461471749233169e-07,0,0.10000038146972656,ida,-6.672271447977257,0.00046117342794727186
-7.099999904632568,2.0955675950062869e-07,3.4050771091642673e-07,0,0.09999990463256836,ida,-6.678698325923064,0.0004577736990048999
-7.0,2.0644120013457723e-07,3.3488677786408516e-07,0,0.09999990463256836,ida,-6.685203624847632,0.00045435800877125215
-6.900000095367432,2.03420086108963e-07,3.2940536698333744e-07,0,0.09999990463256836,ida,-6.691606166184199,0.0004510211592696766
-6.800000190734863,2.0044934956331417e-07,3.2399950100625574e-07,0,0.09999990463256836,ida,-6.697995348650286,0.0004477157017162947
-6.699999809265137,1.973986485381829e-07,3.1850373716224567e-07,0,0.10000038146972656,ida,-6.704655824991706,0.00044429567692943274
-6.599999904632568,1.9425161212893727e-07,3.128229764115531e-07,0,0.09999990463256836,ida,-6.711635368224365,0.0004407398463140555
-6.5,1.9120294325603027e-07,3.072428569339536e-07,0,0.09999990463256836,ida,-6.718505426756495,0.0004372675877034911
-6.400000095367432,1.8816605518168217e-07,3.017088658907596e-07,0,0.09999990463256836,ida,-6.725458719787211,0.00043378111436723725
-6.300000190734863,1.8515679300890042e-07,2.9621375574606645e-07,0,0.09999990463256836,ida,-6.73246034998147,0.00043029849291962484
-6.199999809265137,1.8219296293864318e-07,2.907819407482748e-07,0,0.10000038146972656,ida,-6.7394684013253485,0.00042684067629344225
-6.099999904632568,1.792153625501669e-07,2.8534211082842376e-07,0,0.09999990463256836,ida,-6.7466247648480175,0.0004233383546882646
-6.0,1.7625632153794868e-07,2.799190781388461e-07,0,0.09999990463256836,ida,-6.753855297826976,0.000419828919368293
-5.900000095367432,1.7326701140518708e-07,2.744609730598313e-07,0,0.09999990463256836,ida,-6.76128411546528,0.00041625354221338113
-5.800000190734863,1.7036377641943545e-07,2.6912422868008434e-07,0,0.09999990463256836,ida,-6.768622741573492,0.00041275147052364993
-5.699999809265137,1.6746282938129298e-07,2.6378083362033067e-07,0,0.10000038146972656,ida,-6.776081575409451,0.0004092222249356613
-5.599999904632568,1.6452928264243383e-07,2.583949196832691e-07,0,0.09999990463256836,ida,-6.783756795840107,0.0004056220933854982
-5.5,1.6156165827396762e-07,2.5294991701230174e-07,0,0.09999990463256836,ida,-6.791661697866882,0.00040194733271159747
-5.400000095367432,1.5858751112318714e-07,2.4749218141550955e-07,0,0.09999990463256836,ida,-6.79973101666435,0.0003982304748800462
-5.300000190734863,1.5567401590033114e-07,2.4212670268752845e-07,0,0.09999990463256836,ida,-6.807783871008244,0.0003945554661899023
-5.199999809265137,1.5266461161900224e-07,2.366843290246834e-07,0,0.10000038146972656,ida,-6.816261622797896,0.0003907231905313559
-5.099999904632568,1.4976245665820898e-07,2.3126933967887453e-07,0,0.09999990463256836,ida,-6.82459704451173,0.0003869915459776983
-5.0,1.4685709004425007e-07,2.2590968740132666e-07,0,0.09999990463256836,ida,-6.833105081536385,0.0003832193758726848
-4.900000095367432,1.4397940617527638e-07,2.205871538762949e-07,0,0.09999990463256836,ida,-6.841699621960562,0.00037944618350337425
-4.800000190734863,1.410920162925322e-07,2.1525123372612143e-07,0,0.09999990463256836,ida,-6.850497560152064,0.0003756221722589499
-4.699999809265137,1.38140009653398e-07,2.0982724890927784e-07,0,0.10000038146972656,ida,-6.859680517980825,0.00037167191130538506
-4.599999904632568,1.3526170050681685e-07,2.0451437876545242e-07,0,0.09999990463256836,ida,-6.868825156936666,0.0003677794182751624
-4.5,1.3249130859094294e-07,1.9935414741212298e-07,0,0.09999990463256836,ida,-6.877812610442633,0.0003639935556997444
-4.400000095367432,1.2974274454791157e-07,1.9422671471147623e-07,0,0.09999990463256836,ida,-6.886916919343928,0.0003601982017555218
-4.300000190734863,1.2693803341790044e-07,1.8902196075032407e-07,0,0.09999990463256836,ida,-6.896408234258788,0.00035628364180509387
-4.199999809265137,1.2413427441515523e-07,1.8381338406925352e-07,0,0.10000038146972656,ida,-6.906108289941831,0.00035232694250533157
-4.099999904632568,1.2132453264257492e-07,1.786125949365669e-07,0,0.09999990463256836,ida,-6.916051372966658,0.0003483167131255331
-4.0,1.1849988368339837e-07,1.733944401394183e-07,0,0.09999990463256836,ida,-6.9262820759465615,0.0003442381206133312
-3.9000000953674316,1.1571386693276509e-07,1.6821495307794976e-07,0,0.09999990463256836,ida,-6.93661459289342,0.00034016741015677134
-3.799999952316284,1.1293540325141294e-07,1.6306042027736112e-07,0,0.10000014305114746,ida,-6.947169893092619,0.0003360586306753822
-3.700000047683716,1.1020232904002114e-07,1.5795822605468857e-07,0,0.09999990463256836,ida,-6.957809226913084,0.00033196736140774614
-3.5999999046325684,1.0740568257006089e-07,1.5278602916168893e-07,0,0.10000014305114746,ida,-6.968972740577489,0.000327728061920338
-3.5,1.04665552669303e-07,1.476865634231217e-07,0,0.09999990463256836,ida,-6.980196228991822,0.00032352055988654413
-3.4000000953674316,1.019333168983394e-07,1.4260886871397815e-07,0,0.09999990463256836,ida,-6.99168384366587,0.00031926997494023673
-3.299999952316284,9.923742538830993e-08,1.3756681482846034e-07,0,0.10000014305114746,ida,-7.00332451157188,0.00031501972222118085
-3.200000047683716,9.652359267420252e-08,1.3250806318865216e-07,0,0.09999990463256836,ida,-7.015366521724465,0.00031068246277220495
-3.0999999046325684,9.379263588016329e-08,1.2742515309582814e-07,0,0.10000014305114746,ida,-7.027831258872097,0.0003062558340344936
-3.0,9.103894171857974e-08,1.223177292786204e-07,0,0.09999990463256836,ida,-7.0407727993722515,0.0003017266009462536
-2.9000000953674316,8.832198261643498e-08,1.1726801574241108e-07,0,0.09999990463256836,ida,-7.053931190637145,0.00029719014555741076
-2.799999952316284,8.565224618450884e-08,1.1229735719098244e-07,0,0.10000014305114746,ida,-7.0672612434077955,0.00029266405003776743
-2.700000047683716,8.306233212351799e-08,1.0743787015599082e-07,0,0.09999990463256836,ida,-7.080595879460714,0.0002882053644946915
-2.5999999046325684,8.048442623476149e-08,1.0257604543539856e-07,0,0.10000014305114746,ida,-7.094288147640118,0.0002836977726996839
-2.5,7.789554956616485e-08,9.771154196869247e-08,0,0.09999990463256836,ida,-7.108487354318055,0.00027909774195819797
-2.4000000953674316,7.525252243567593e-08,9.277407997387854e-08,0,0.09999990463256836,ida,-7.12347893810575,0.00027432193210838235
-2.299999952316284,7.265269630352122e-08,8.790681249593035e-08,0,0.10000014305114746,ida,-7.138748263430495,0.00026954164113086724
-2.200000047683716,7.011401947920604e-08,8.31156725666915e-08,0,0.09999990463256836,ida,-7.1541951350475514,0.0002647905199949689
-2.0999999046325684,6.757672821322558e-08,7.83365052825502e-08,0,0.10000014305114746,ida,-7.170202838801712,0.00025995524271155905
-2.0,6.502373395278482e-08,7.354720565899697e-08,0,0.09999990463256836,ida,-7.1869280949978664,0.00025499751754239655
-1.899999976158142,6.250608919344813e-08,6.879998437625545e-08,0,0.10000002384185791,ida,-7.2040776726671405,0.0002500121780902845
-1.7999999523162842,5.998396801487615e-08,6.406207830877975e-08,0,0.10000002384185791,ida,-7.2219648085003865,0.0002449162469393898
-1.7000000476837158,5.748241704850443e-08,5.934600721957395e-08,0,0.09999990463256836,ida,-7.240464978729213,0.0002397549103741244
-1.600000023841858,5.4993726905649964e-08,5.466045038815537e-08,0,0.10000002384185791,ida,-7.2596868473355425,0.00023450741332770264
-1.5,5.257869517549807e-08,5.006986825151216e-08,0,0.10000002384185791,ida,-7.279190195808821,0.00022930044739489296
-1.399999976158142,5.0146272911888445e-08,4.547331045046121e-08,0,0.10000002384185791,ida,-7.299761340090255,0.00022393363506157006
-1.2999999523162842,4.774327067025297e-08,4.0913061383207605e-08,0,0.10000002384185791,ida,-7.3210878328075175,0.0002185023356173864
-1.2000000476837158,4.544295961750322e-08,3.6470108710773275e-08,0,0.09999990463256836,ida,-7.342533391564353,0.00021317354342765714
-1.100000023841858,4.308493117832768e-08,3.202035259164404e-08,0,0.10000002384185791,ida,-7.365674596437716,0.00020756909976758986
-1.0,4.079919335708837e-08,2.7651426037778037e-08,0,0.10000002384185791,ida,-7.389348423283367,0.00020198810201862971
-0.8999999761581421,3.855330632518417e-08,2.351267625044784e-08,0,0.10000002384185791,ida,-7.413938370992816,0.0001963499588112617
-0.800000011920929,3.637279277768357e-08,1.9282740737480708e-08,0,0.09999996423721313,ida,-7.439223351643337,0.0001907165246581522
-0.699999988079071,3.419588878728064e-08,1.5172846090649728e-08,0,0.10000002384185791,ida,-7.466026104011802,0.00018492130430883467
-0.6000000238418579,3.214173815990762e-08,1.1155533385931449e-08,0,0.09999996423721313,ida,-7.492930641174256,0.00017928117067865108
-0.5,3.0130578920761764e-08,7.465893681057878e-09,0,0.10000002384185791,ida,-7.52099252383023,0.0001735816203425978
-0.4000000059604645,2.8272657104366772e-08,3.8972824967231645e-09,0,0.09999999403953552,ida,-7.548633373981759,0.0001681447504514095
-0.30000001192092896,2.6500433847331806e-08,4.765894345837296e-10,0,0.09999999403953552,ida,-7.576747016026971,0.00016278953850703
-0.20000000298023224,2.482974181816644e-08,2.793045794646787e-09,0,0.10000000894069672,ida,-7.605027796254078,0.00015757455955250658
-0.10000000149011612,2.3227816114967936e-08,5.955746562591457e-09,0,0.10000000149011612,ida,-7.633991620755247,0.00015240674563472554
0.0,2.1700692798276577e-08,9.267346001706755e-09,0,0.10000000149011612,ida,-7.6635264010055835,0.00014731155011836843
0.10000000149011612,2.0133230194119278e-08,1.2480215971777397e-08,0,0.10000000149011612,ida,-7.696086540911756,0.00014189161424876128
0.20000000298023224,1.8594448647490935e-08,1.5668401687207734e-08,0,0.10000000149011612,ida,-7.73061669457859,0.00013636146320530201
0.30000001192092896,1.7075505454045015e-08,1.8877871710287764e-08,0,0.10000000894069672,ida,-7.767626431854124,0.0001306732775055597
0.4000000059604645,1.556522377654801e-08,2.2124723386696132e-08,0,0.09999999403953552,ida,-7.807844631215236,0.00012476066598310546
0.5,1.4055201447149557e-08,2.540801347095112e-08,0,0.09999999403953552,ida,-7.85216292545615,0.00011855463486152516
0.6000000238418579,1.2586762743183044e-08,2.869270687710923e-08,0,0.10000002384185791,ida,-7.900085954050597,0.00011219074268041479
0.699999988079071,1.1154694057324832e-08,3.201638065775114e-08,0,0.09999996423721313,ida,-7.95254233672373,0.00010561578507649712
0.800000011920929,9.792660904395234e-09,3.531865289119196e-08,0,0.10000002384185791,ida,-8.009099283776333,9.89578743930731e-05
0.8999999761581421,8.529376316346315e-09,3.858315267279977e-08,0,0.09999996423721313,ida,-8.069082724081245,9.235462260410312e-05
1.0,7.402253032751105e-09,4.17692866960806e-08,0,0.10000002384185791,ida,-8.130636073408793,8.60363471606687e-05
1.100000023841858,6.411430941710705e-09,4.4817877409286666e-08,0,0.10000002384185791,ida,-8.19304503120907,8.007141151316558e-05
1.2000000476837158,5.660601765100637e-09,4.77567390078093e-08,0,0.10000002384185791,ida,-8.247137397544815,7.523697073314846e-05
1.2999999523162842,5.650631074161083e-09,4.9955769299003805e-08,0,0.09999990463256836,ida,-8.247903046566261,7.51706796175283e-05
1.399999976158142,5.333733898993387e-09,5.276184467106759e-08,0,0.10000002384185791,ida,-8.272968655140623,7.303241676812693e-05
1.5,5.301867389562176e-09,5.54245147554866e-08,0,0.10000002384185791,ida,-8.275571139051365,7.281392304746515e-05
1.600000023841858,5.60073276645312e-09,5.802346336736264e-08,0,0.10000002384185791,ida,-8.251755148778063,7.483804357713476e-05
1.7000000476837158,6.230721272260098e-09,6.05819536758645e-08,0,0.10000002384185791,ida,-8.205461676225081,7.893491795308397e-05
1.7999999523162842,7.2540649043162375e-09,6.309983291430399e-08,0,0.09999990463256836,ida,-8.139418562973907,8.517079842479016e-05
1.899999976158142,8.748622271070872e-09,6.556686571457249e-08,0,0.10000002384185791,ida,-8.05806033408422,9.353407010854853e-05
2.0,1.0895329083382421e-08,6.795404061676891e-08,0,0.10000002384185791,ida,-7.962759647754698,0.00010438069305854614
2.0999999046325684,1.3650556240918377e-08,7.017744252379998e-08,0,0.09999990463256836,ida,-7.864849651374908,0.00011683559492260215
2.200000047683716,1.6972679262039492e-08,7.2306939102873e-08,0,0.10000014305114746,ida,-7.770249595698,0.00013027923572864363
2.299999952316284,2.154895284434133e-08,7.434372406578404e-08,0,0.09999990463256836,ida,-7.66657382921433,0.00014679561588937638
2.4000000953674316,2.675418642184013e-08,7.629597575942171e-08,0,0.10000014305114746,ida,-7.572608251113859,0.00016356707010226762
2.5,3.273036952577968e-08,7.828131032283636e-08,0,0.09999990463256836,ida,-7.485049091480841,0.0001809153656431086
2.5999999046325684,3.9978957033781626e-08,8.040999688319062e-08,0,0.09999990463256836,ida,-7.398168539892282,0.00019994738566378312
2.700000047683716,4.900842043298326e-08,8.2727865446941e-08,0,0.10000014305114746,ida,-7.309729294800043,0.00022137845521410447
2.799999952316284,6.220026449454963e-08,8.457755029667169e-08,0,0.09999990463256836,ida,-7.206207768552281,0.00024939980852949675
2.9000000953674316,7.368040400024256e-08,8.741633195086251e-08,0,0.10000014305114746,ida,-7.132648001505629,0.00027144134541414757
3.0,8.880271451516819e-08,9.034009451625025e-08,0,0.09999990463256836,ida,-7.051573758535136,0.0002979978431384499
3.0999999046325684,1.057549710026251e-07,9.329345118658239e-08,0,0.09999990463256836,ida,-6.975699209501196,0.00032519989391545796
3.200000047683716,1.263644833215949e-07,9.631847319724329e-08,0,0.10000014305114746,ida,-6.898374974035579,0.00035547782395192376
3.299999952316284,1.509578027025782e-07,9.944594836497345e-08,0,0.09999990463256836,ida,-6.821144434259994,0.000388532884969314
3.4000000953674316,1.8130458556697704e-07,1.0263774896657196e-07,0,0.10000014305114746,ida,-6.741591211562241,0.00042579876181945037
3.5,2.1558413720867975e-07,1.0589558030460466e-07,0,0.09999990463256836,ida,-6.666383197920291,0.00046431038886576696
3.5999999046325684,2.569468904312089e-07,1.0918154202954611e-07,0,0.09999990463256836,ida,-6.590156633774639,0.0005068992902255919
3.700000047683716,3.053123975860217e-07,1.124883439729274e-07,0,0.10000014305114746,ida,-6.515255560280832,0.0005525508099587056
3.799999952316284,3.6279740811551164e-07,1.158330178441247e-07,0,0.09999990463256836,ida,-6.440335824272228,0.0006023266622983841
3.9000000953674316,4.300826219605369e-07,1.192908598568465e-07,0,0.10000014305114746,ida,-6.36644810531645,0.0006558068480585857
4.0,5.30424983935518e-07,1.2245482139405794e-07,0,0.09999990463256836,ida,-6.275376028099151,0.0007283028106052577
4.099999904632568,6.219808597052179e-07,1.260076771814056e-07,0,0.09999990463256836,ida,-6.2062229797019555,0.000788657631488606
4.199999809265137,7.327838602577685e-07,1.2959307582605106e-07,0,0.09999990463256836,ida,-6.135024104676153,0.0008560279553015594
4.300000190734863,8.682790735292656e-07,1.3322392078407574e-07,0,0.10000038146972656,ida,-6.061340665820904,0.0009318149352362118
4.400000095367432,1.0198788231718936e-06,1.3701775003482908e-07,0,0.09999990463256836,ida,-5.991451425840102,0.0010098905005850355
4.5,1.1931952030863613e-06,1.408048291295927e-07,0,0.09999990463256836,ida,-5.923288501268164,0.0010923347486399768
4.599999904632568,1.3985660416437895e-06,1.445381627718234e-07,0,0.09999990463256836,ida,-5.854317021001944,0.0011826098433734558
4.699999809265137,1.6365130477424827e-06,1.4843529072550155e-07,0,0.09999990463256836,ida,-5.786080527758988,0.0012792626969244756
4.800000190734863,1.9254071048635524e-06,1.5238305195452995e-07,0,0.10000038146972656,ida,-5.715477429946144,0.0013875903952044178
4.900000095367432,2.250175839435542e-06,1.5639299988379207e-07,0,0.09999990463256836,ida,-5.647783542727449,0.0015000586120000586
5.0,2.6286813863407588e-06,1.6042825734530197e-07,0,0.09999990463256836,ida,-5.580262050082128,0.0016213208770446271
5.099999904632568,3.067292254854692e-06,1.6441207151274284e-07,0,0.09999990463256836,ida,-5.513244842007814,0.0017513686804481493
5.199999809265137,3.5691327866516076e-06,1.6846419725879969e-07,0,0.09999990463256836,ida,-5.447437294174545,0.0018892148598430004
5.300000190734863,4.1361217881785706e-06,1.7267248608732189e-07,0,0.10000038146972656,ida,-5.383406681917208,0.002033745753081877
5.400000095367432,4.802369403478224e-06,1.769010680163774e-07,0,0.09999990463256836,ida,-5.318544436590152,0.002191430903195039
5.5,5.705337116523879e-06,1.8088989861553273e-07,0,0.09999990463256836,ida,-5.243718688928409,0.0023885847517984113
5.599999904632568,6.542631581396563e-06,1.8517165756293252e-07,0,0.09999990463256836,ida,-5.184247534335799,0.0025578568336395535
5.699999809265137,7.542468210886e-06,1.8944847113289143e-07,0,0.09999990463256836,ida,-5.12248651156277,0.00274635544146893
5.800000190734863,8.66078153194394e-06,1.9363245939985063e-07,0,0.10000038146972656,ida,-5.062442916331827,0.002942920578599419
5.900000095367432,9.917756869981531e-06,1.9793527883393836e-07,0,0.09999990463256836,ida,-5.003586542477621,0.0031492470322255655
6.0,1.1339163393131457e-05,2.0229852282227512e-07,0,0.09999990463256836,ida,-4.945418986637965,0.0033673674276994865
6.099999904632568,1.2910726582049392e-05,2.065392266104027e-07,0,0.09999990463256836,ida,-4.889049316084056,0.003593149952625049
6.199999809265137,1.4686794202134479e-05,2.108721304239225e-07,0,0.09999990463256836,ida,-4.833072990612851,0.0038323353457303914
6.300000190734863,1.664039518800564e-05,2.153152394157587e-07,0,0.10000038146972656,ida,-4.778836363986871,0.004079264049801832
6.400000095367432,1.883480763353873e-05,2.198299569045048e-07,0,0.09999990463256836,ida,-4.725038811039119,0.0043399087125812605
6.5,2.119612690876238e-05,2.24399556714161e-07,0,0.09999990463256836,ida,-4.6737434888741545,0.004603925163245204
6.599999904632568,2.3834731109673157e-05,2.2888106343543768e-07,0,0.09999990463256836,ida,-4.622789743180777,0.004882082661085652
6.699999809265137,2.677307929843664e-05,2.332300681473498e-07,0,0.09999990463256836,ida,-4.572301675678576,0.005174270895347154
6.800000190734863,2.9800945412716828e-05,2.3760019018936873e-07,0,0.10000038146972656,ida,-4.5257699580373965,0.005459024218000578
6.900000095367432,3.308331724838354e-05,2.418790359115519e-07,0,0.09999990463256836,ida,-4.480390950436347,0.0057518099106614725
7.0,3.673334504128434e-05,2.4593873604317196e-07,0,0.09999990463256836,ida,-4.434939521781999,0.006060803992976867
7.099999904632568,4.0485061617800966e-05,2.5035126327566104e-07,0,0.09999990463256836,ida,-4.392705195396062,0.006362787252281893
7.199999809265137,4.475511741475202e-05,2.5476063569840335e-07,0,0.09999990463256836,ida,-4.349157299165446,0.006689926562732361
7.300000190734863,4.9343292630510405e-05,2.5907229428412393e-07,0,0.10000038146972656,ida,-4.306771873825808,0.007024478103781832
7.400000095367432,5.478081584442407e-05,2.6330070568292285e-07,0,0.09999990463256836,ida,-4.2613715041358535,0.007401406342339547
7.5,5.980804780847393e-05,2.6788384843712265e-07,0,0.09999990463256836,ida,-4.2232403731412145,0.00773356630594669
7.599999904632568,6.49319335934706e-05,2.7241614475315146e-07,0,0.09999990463256836,ida,-4.18754166417682,0.008058035343275096
7.699999809265137,7.017735333647579e-05,2.7707733352144714e-07,0,0.09999990463256836,ida,-4.1538030147618,0.008377192449530797
7.800000190734863,7.578037912026048e-05,2.817231745666504e-07,0,0.10000038146972656,ida,-4.120443226331741,0.008705192652679232
7.900000095367432,8.174386312020943e-05,2.8637748528126394e-07,0,0.09999990463256836,ida,-4.087544841885675,0.009041231283415408
8.0,8.77702550496906e-05,2.910582566073572e-07,0,0.09999990463256836,ida,-4.05665263963461,0.009368578069786823
8.100000381469727,9.418199624633417e-05,2.95774725600495e-07,0,0.10000038146972656,ida,-4.026032108652486,0.00970474091598195
8.199999809265137,0.00010039537301054224,3.0052700594751514e-07,0,0.09999942779541016,ida,-3.998286302353297,0.010019749149082638
8.300000190734863,0.00010691089846659452,3.052501540423691e-07,0,0.10000038146972656,ida,-3.970978020678525,0.01033977265062412
8.399999618530273,0.00011342523066559806,3.0999001410236815e-07,0,0.09999942779541016,ida,-3.945290328864286,0.010650128199491219
8.5,0.00012027704360662028,3.145783580293937e-07,0,0.10000038146972656,ida,-3.9198172553396495,0.010967089112732708
8.600000381469727,0.00012714600597973913,3.1900091812531173e-07,0,0.10000038146972656,ida,-3.8956972777077272,0.011275903776626472
8.699999809265137,0.00013379826850723475,3.234198970858415e-07,0,0.09999942779541016,ida,-3.8735495067671426,0.011567120147523096
8.800000190734863,0.00014080262917559594,3.2793698778732505e-07,0,0.10000038146972656,ida,-3.8513892356357204,0.011866028365699955
8.899999618530273,0.00014768628170713782,3.325770308038045e-07,0,0.09999942779541016,ida,-3.8306598435884287,0.012152624478158527
9.0,0.0001545681298011914,3.370219872067537e-07,0,0.10000038146972656,ida,-3.8108800477936042,0.012432543175118733
9.100000381469727,0.00016139032959472388,3.4164585827056726e-07,0,0.10000038146972656,ida,-3.792122491481801,0.012703949369968532
9.199999809265137,0.00016834972484502941,3.461911717295152e-07,0,0.09999942779541016,ida,-3.773787589096998,0.012974965311900816
9.300000190734863,0.00017495042993687093,3.5086736716039013e-07,0,0.10000038146972656,ida,-3.7570849859105335,0.013226882850349547
9.399999618530273,0.00018190474656876177,3.554586101017776e-07,0,0.09999942779541016,ida,-3.740155968436648,0.013487206774153118
9.5,0.0001887707767309621,3.6016041349284933e-07,0,0.10000038146972656,ida,-3.7240652371926655,0.013739387785886317
9.600000381469727,0.00019527488620951772,3.6489905141934287e-07,0,0.10000038146972656,ida,-3.7093536065940826,0.013974079082698713
9.699999809265137,0.0002019784733420238,3.695558916660957e-07,0,0.09999942779541016,ida,-3.6946949147462167,0.014211913078189854
9.800000190734863,0.0002084708830807358,3.7414298503790633e-07,0,0.10000038146972656,ida,-3.680954593929575,0.014438520806534712
9.899999618530273,0.00021486669720616192,3.7880991499150696e-07,0,0.09999942779541016,ida,-3.6678308918160742,0.014658332006274177
10.0,0.0002212992258137092,3.8353002196345187e-07,0,0.10000038146972656,ida,-3.655020105392318,0.01487612939624112
10.100000381469727,0.0002274020080221817,3.882075247929606e-07,0,0.10000038146972656,ida,-3.6432057046918076,0.01507985437669017
10.199999809265137,0.00023342524946201593,3.930041430066922e-07,0,0.09999942779541016,ida,-3.631852168389506,0.015278260681832075
10.300000190734863,0.00023949569731485099,3.977513927111431e-07,0,0.10000038146972656,ida,-3.620702284542541,0.015475648526470579
10.399999618530273,0.00024533315445296466,4.024755639875366e-07,0,0.09999942779541016,ida,-3.610243757040256,0.015663114455719357
10.5,0.0002510228368919343,4.0723440974943514e-07,0,0.10000038146972656,ida,-3.6002867666265583,0.015843700227280693
10.600000381469727,0.000256850355071947,4.12101968549905e-07,0,0.10000038146972656,ida,-3.5903198295671284,0.016026551565197892
10.699999809265137,0.0002622120373416692,4.1681511220303946e-07,0,0.09999942779541016,ida,-3.581347375075122,0.016192962586928594
10.800000190734863,0.0002676776493899524,4.2165655145254277e-07,0,0.10000038146972656,ida,-3.572387890119932,0.016360857232735466
10.899999618530273,0.00027303321985527873,4.263550579253206e-07,0,0.09999942779541016,ida,-3.563784509288455,0.016523716889830772
11.0,0.00027825674624182284,4.3091387169624795e-07,0,0.10000038146972656,ida,-3.555554297541034,0.016681029531831145
11.100000381469727,0.000283338304143399,4.3555627371461014e-07,0,0.10000038146972656,ida,-3.5476947097943863,0.016832655885017048
11.199999809265137,0.0002883398556150496,4.402247952839389e-07,0,0.09999942779541016,ida,-3.5400953233510735,0.016980572888305318
11.300000190734863,0.0002933043579105288,4.4503647700366855e-07,0,0.10000038146972656,ida,-3.532681484232421,0.017126130850560754
11.399999618530273,0.0002981055877171457,4.498384100770636e-07,0,0.09999942779541016,ida,-3.525629883437415,0.017265734496891397
11.5,0.00030281359795480967,4.546241143543739e-07,0,0.10000038146972656,ida,-3.518824626582327,0.01740154010295668
11.600000381469727,0.0003075060376431793,4.594460278894985e-07,0,0.10000038146972656,ida,-3.5121463527686467,0.01753585006902087
11.699999809265137,0.00031194707844406366,4.64154879864509e-07,0,0.09999942779541016,ida,-3.5059190774212228,0.017662023622565554
11.800000190734863,0.0003164882946293801,4.6885025994924945e-07,0,0.10000038146972656,ida,-3.499642347801053,0.017790117892509318
11.899999618530273,0.00032067441497929394,4.7373879397127894e-07,0,0.09999942779541016,ida,-3.493935688891526,0.01790738437012212
12.0,0.0003249672881793231,4.783432245858421e-07,0,0.10000038146972656,ida,-3.488160353723337,0.018026849091821985
12.0,0.00032877700868994,4.779333835358557e-07,0,0.0,volta,-3.4830985601958777,0.0181322091508437
11.899999618530273,0.000332022609654814,4.7236144951057213e-07,0,-0.10000038146972656,volta,-3.4788323412538356,0.018221487580733192
11.800000190734863,0.0003348021418787539,4.669582551741769e-07,0,-0.09999942779541016,volta,-3.475211772294225,0.018297599347421343
11.699999809265137,0.0003374986117705703,4.6135485831655387e-07,0,-0.10000038146972656,volta,-3.471728009208129,0.018371135288015553
11.600000381469727,0.00033994734985753894,4.557701061003172e-07,0,-0.09999942779541016,volta,-3.4685883401252084,0.018437661181872796
11.5,0.000342080689733848,4.5011591964794206e-07,0,-0.10000038146972656,volta,-3.465871440806845,0.01849542348079243
11.399999618530273,0.00034432223765179515,4.445849128842383e-07,0,-0.10000038146972656,volta,-3.4630349279848613,0.018555921902503124
11.300000190734863,0.0003464038309175521,4.3912899627684965e-07,0,-0.09999942779541016,volta,-3.460417313718335,0.018611927114556195
11.199999809265137,0.0003481551248114556,4.3361404777897405e-07,0,-0.10000038146972656,volta,-3.4582272076664706,0.018658915424307372
11.100000381469727,0.00035002001095563173,4.279398524431599e-07,0,-0.09999942779541016,volta,-3.455907125937788,0.018708821741510923
11.0,0.000351788941770792,4.2246568909831694e-07,0,-0.10000038146972656,volta,-3.4537178163947764,0.018756037475191608
10.899999618530273,0.0003533638664521277,4.1713295217959967e-07,0,-0.10000038146972656,volta,-3.4517778617414105,0.018797975062546702
10.800000190734863,0.00035494426265358925,4.117916319046344e-07,0,-0.09999942779541016,volta,-3.4498398394025545,0.018839964507758215
10.699999809265137,0.0003564493963494897,4.0655081079421507e-07,0,-0.10000038146972656,volta,-3.4480021164322867,0.018879867487604084
10.600000381469727,0.00035780607140623033,4.0128404066308576e-07,0,-0.09999942779541016,volta,-3.4463522944118763,0.018915762511890193
10.5,0.0003590990090742707,3.957317460390186e-07,0,-0.10000038146972656,volta,-3.4447857932982378,0.018949907890917852
10.399999618530273,0.00036032547359354794,3.9004433460831933e-07,0,-0.10000038146972656,volta,-3.443305033880634,0.018982241005570125
10.300000190734863,0.00036157568683847785,3.847700611459004e-07,0,-0.09999942779541016,volta,-3.44180078015156,0.01901514361866557
10.199999809265137,0.0003626825346145779,3.7948578324176196e-07,0,-0.10000038146972656,volta,-3.440473357855312,0.019044225755188313
10.100000381469727,0.000363654806278646,3.742869125744619e-07,0,-0.09999942779541016,volta,-3.439310668159918,0.019069735348940898
10.0,0.0003647122357506305,3.688624587994127e-07,0,-0.10000038146972656,volta,-3.4380496662726148,0.019097440554970462
9.899999618530273,0.00036571576492860913,3.6339707776278374e-07,0,-0.10000038146972656,volta,-3.436856318103488,0.019123696424295414
9.800000190734863,0.00036667741369456053,3.5801517128675187e-07,0,-0.09999942779541016,volta,-3.4357158405436774,0.019148822775684162
9.699999809265137,0.00036753041786141694,3.526096179484739e-07,0,-0.10000038146972656,volta,-3.4347067116473013,0.01917108285573397
9.600000381469727,0.0003684966068249196,3.4719172958830313e-07,0,-0.09999942779541016,volta,-3.4335665068388463,0.01919626543953067
9.5,0.0003692129103001207,3.4184225228273135e-07,0,-0.10000038146972656,volta,-3.432723121367488,0.019214913746882153
9.399999618530273,0.00036990767694078386,3.3653714126558043e-07,0,-0.10000038146972656,volta,-3.4319066553879765,0.019232984088299553
9.300000190734863,0.00037071379483677447,3.31235298745014e-07,0,-0.09999942779541016,volta,-3.4309612528967355,0.019253929334989636
9.199999809265137,0.0003712863544933498,3.259570462432748e-07,0,-0.10000038146972656,volta,-3.430291011660291,0.019268792242726315
9.100000381469727,0.00037186648114584386,3.2077156220111647e-07,0,-0.09999942779541016,volta,-3.4296129657911836,0.01928383989629254
9.0,0.00037248150329105556,3.152323415633873e-07,0,-0.10000038146972656,volta,-3.4288952886018005,0.01929977987675133
8.899999618530273,0.00037305522710084915,3.099822265539842e-07,0,-0.10000038146972656,volta,-3.4282268704709216,0.01931463763835214
8.800000190734863,0.0003735279606189579,3.046626204650238e-07,0,-0.09999942779541016,volta,-3.4276768833050157,0.019326871464853224
8.699999809265137,0.00037407371564768255,2.992209431340598e-07,0,-0.10000038146972656,volta,-3.4270428065042973,0.01934098538460961
8.600000381469727,0.0003745144058484584,2.939205501206743e-07,0,-0.09999942779541016,volta,-3.426531472329898,0.019352374682411935
8.5,0.000374886323697865,2.8837590093644394e-07,0,-0.10000038146972656,volta,-3.4261004028723665,0.01936198139906825
8.399999618530273,0.0003751909243874252,2.8314326527834055e-07,0,-0.10000038146972656,volta,-3.425747675453239,0.019369845750222825
8.300000190734863,0.00037546674138866365,2.7795877599601226e-07,0,-0.09999942779541016,volta,-3.425428526492255,0.019376964194338174
8.199999809265137,0.00037578807678073645,2.7269805968899163e-07,0,-0.10000038146972656,volta,-3.4250570035608794,0.01938525410668471
8.100000381469727,0.0003760502440854907,2.6747562742457376e-07,0,-0.09999942779541016,volta,-3.4247541250955362,0.01939201495681897
8.0,0.0003762797568924725,2.6226558702546754e-07,0,-0.10000038146972656,volta,-3.4244891452368016,0.019397931768425018
7.900000095367432,0.0003764442808460444,2.5707933559715457e-07,0,-0.09999990463256836,volta,-3.4242992965200534,0.01940217206515921
7.800000190734863,0.0003766807494685054,2.518985127153428e-07,0,-0.09999990463256836,volta,-3.4240265741509406,0.019408264978315434
7.699999809265137,0.0003768382011912763,2.467373576564569e-07,0,-0.10000038146972656,volta,-3.423845077944904,0.019412320860507027
7.599999904632568,0.00037686878931708634,2.415987978565681e-07,0,-0.09999990463256836,volta,-3.423809827497646,0.019413108697915602
7.5,0.0003769498725887388,2.3646803981591802e-07,0,-0.09999990463256836,volta,-3.4237163991457926,0.01941519694952227
7.400000095367432,0.00037702382542192936,2.3131499915507447e-07,0,-0.09999990463256836,volta,-3.423631204376894,0.019417101365083546
7.300000190734863,0.00037704274291172624,2.2615168404627184e-07,0,-0.09999990463256836,volta,-3.4236094138300723,0.01941758849372718
7.199999809265137,0.0003771120682358742,2.2095960616752564e-07,0,-0.10000038146972656,volta,-3.4235295692003667,0.01941937352840905
7.099999904632568,0.0003770500479731709,2.1576298081527057e-07,0,-0.09999990463256836,volta,-3.423600999619212,0.019417776597055875
7.0,0.00037694815546274185,2.1049682175089401e-07,0,-0.09999990463256836,volta,-3.423718377499144,0.019415152728287817
6.900000095367432,0.00037686715950258076,2.0533073552542191e-07,0,-0.09999990463256836,volta,-3.423811705660542,0.019413066720705946
6.800000190734863,0.0003766678273677826,2.001686425501248e-07,0,-0.09999990463256836,volta,-3.42404147295665,0.019407932073453437
6.699999809265137,0.00037657268694601953,1.949132979461865e-07,0,-0.10000038146972656,volta,-3.4241511828291604,0.019405480848101123
6.599999904632568,0.0003764569410122931,1.8971695681102574e-07,0,-0.09999990463256836,volta,-3.4242846910441087,0.019402498318832374
6.5,0.0003761522239074111,1.8443130045397993e-07,0,-0.09999990463256836,volta,-3.424636366178007,0.019394644206775516
6.400000095367432,0.00037585245445370674,1.792029280522911e-07,0,-0.09999990463256836,volta,-3.4249826093071496,0.019386914516077765
6.300000190734863,0.00037568589323200285,1.7408936514584639e-07,0,-0.09999990463256836,volta,-3.425175112113938,0.01938261832756356
6.199999809265137,0.00037538656033575535,1.6892388998712704e-07,0,-0.10000038146972656,volta,-3.4255212801337014,0.019374895105154902
6.099999904632568,0.00037504357169382274,1.6366350052976486e-07,0,-0.09999990463256836,volta,-3.425918274013775,0.01936604171465668
6.0,0.00037465678178705275,1.585196116593579e-07,0,-0.09999990463256836,volta,-3.4263664016858257,0.019356052846255942
5.900000095367432,0.0003743309935089201,1.5342266124207526e-07,0,-0.09999990463256836,volta,-3.4267442130868973,0.01934763534670116
5.800000190734863,0.0003739465610124171,1.4826730421191314e-07,0,-0.09999990463256836,volta,-3.4271904563974864,0.01933769792432432
5.699999809265137,0.00037351998616941273,1.4325524944069912e-07,0,-0.10000038146972656,volta,-3.4276861551581774,0.019326665159033845
5.599999904632568,0.0003730395983438939,1.382319965159695e-07,0,-0.09999990463256836,volta,-3.4282450651632694,0.01931423305088488
5.5,0.00037247862201184034,1.3319458957994357e-07,0,-0.09999990463256836,volta,-3.428898648039766,0.019299705231216366
5.400000095367432,0.0003719478554558009,1.2825397277538286e-07,0,-0.09999990463256836,volta,-3.4295179409652694,0.019285949690274546
5.300000190734863,0.00037139817140996456,1.2327265608291782e-07,0,-0.09999990463256836,volta,-3.430160238852881,0.019271693527294496
5.199999809265137,0.00037074298597872257,1.1828742429997874e-07,0,-0.10000038146972656,volta,-3.4309270565626995,0.01925468737681094
5.099999904632568,0.000370100635336712,1.1337474603578812e-07,0,-0.09999990463256836,volta,-3.43168016936857,0.01923799977483917
5.0,0.00036947487387806177,1.0843996989251536e-07,0,-0.09999990463256836,volta,-3.43241509044139,0.019221729211443536
4.900000095367432,0.0003688229189720005,1.0354654733646385e-07,0,-0.09999990463256836,volta,-3.4331820993488793,0.019204762924129017
4.800000190734863,0.00036807736614719033,9.865226502370206e-08,0,-0.09999990463256836,volta,-3.4340608874150544,0.019185342481884193
4.699999809265137,0.00036726644611917436,9.382569032823085e-08,0,-0.10000038146972656,volta,-3.4350187474808376,0.01916419698602512
4.599999904632568,0.00036638579331338406,8.901094616931005e-08,0,-0.09999990463256836,volta,-3.4360613745380877,0.019141206683837467
4.5,0.00036555418046191335,8.410382434931307e-08,0,-0.09999990463256836,volta,-3.437048245158146,0.01911947123907754
4.400000095367432,0.0003646468394435942,7.931363654734014e-08,0,-0.09999990463256836,volta,-3.4381275463081824,0.019095728303565544
4.300000190734863,0.00036379098310135305,7.454944039864131e-08,0,-0.09999990463256836,volta,-3.439148069532724,0.01907330551061753
4.199999809265137,0.00036289068521000445,6.983366773738453e-08,0,-0.10000038146972656,volta,-3.4402241792610404,0.01904968989800108
4.099999904632568,0.0003618468181230128,6.518158812696129e-08,0,-0.09999990463256836,volta,-3.441475241962049,0.019022271634140143
4.0,0.0003607656108215451,6.054312962078257e-08,0,-0.09999990463256836,volta,-3.4427748673114755,0.01899383086219168
3.9000000953674316,0.00035963550908491015,5.595805063762782e-08,0,-0.09999990463256836,volta,-3.4441374341849635,0.018964058349544018
3.799999952316284,0.0003583861980587244,5.141934877883614e-08,0,-0.10000014305114746,volta,-3.445648723960679,0.01893109077836574
3.700000047683716,0.0003573182038962841,4.6956085242300105e-08,0,-0.09999990463256836,volta,-3.4469448577121513,0.018902862320195956
3.5999999046325684,0.00035597773967310786,4.256675367741991e-08,0,-0.10000014305114746,volta,-3.4485771588793663,0.018867372357408645
3.5,0.000354420772055164,3.848062135602959e-08,0,-0.09999990463256836,volta,-3.4504808327088825,0.018826066292647648
3.4000000953674316,0.0003530904068611562,3.4270538407099593e-08,0,-0.09999990463256836,volta,-3.4521140816548583,0.018790700009876062
3.299999952316284,0.00035174525692127645,3.016712923908926e-08,0,-0.10000014305114746,volta,-3.4537717500603953,0.018754872884700565
3.200000047683716,0.00035015164758078754,2.6173131217888113e-08,0,-0.09999990463256836,volta,-3.455743825810175,0.018712339447027663
3.0999999046325684,0.00034858702565543354,2.2317177439390434e-08,0,-0.10000014305114746,volta,-3.457688781285438,0.018670485415634847
3.0,0.0003470765659585595,1.8588167449706816e-08,0,-0.09999990463256836,volta,-3.459574708191034,0.018629991034849146
2.9000000953674316,0.00034532384597696364,1.5027612931817202e-08,0,-0.09999990463256836,volta,-3.4617734308638815,0.018582891216841466
2.799999952316284,0.00034379010321572423,1.1594163851214034e-08,0,-0.10000014305114746,volta,-3.4637066296287933,0.018541577689498923
2.700000047683716,0.00034201351809315383,8.287532438089329e-09,0,-0.09999990463256836,volta,-3.465956728103986,0.01849360749267578
2.5999999046325684,0.0003404230810701847,5.298619321081333e-09,0,-0.10000014305114746,volta,-3.467981001931776,0.018450557744149217
2.5,0.00033833979978226125,2.323342851440202e-09,0,-0.09999990463256836,volta,-3.470646912028313,0.018394015325161096
2.4000000953674316,0.0003363001742400229,6.414211939365089e-10,0,-0.09999990463256836,volta,-3.4732729076735867,0.018338488875586857
2.299999952316284,0.0003341315023135394,3.628681577438897e-09,0,-0.10000014305114746,volta,-3.4760825766337233,0.018279264271669673
2.200000047683716,0.0003317272348795086,6.7121743718701055e-09,0,-0.09999990463256836,volta,-3.4792188713435457,0.01821338065487867
2.0999999046325684,0.0003295958449598402,1.0112913173543348e-08,0,-0.10000014305114746,volta,-3.482018271860807,0.018154774715204818
2.0,0.0003274157934356481,1.3605782278602874e-08,0,-0.09999990463256836,volta,-3.4849003755150303,0.018094634382480573
1.899999976158142,0.00032543251290917397,1.7219054626593788e-08,0,-0.10000002384185791,volta,-3.4875390602754024,0.018039748138740017
1.7999999523162842,0.0003232292947359383,2.0966455238635717e-08,0,-0.10000002384185791,volta,-3.490489285380068,0.017978578774083848
1.7000000476837158,0.0003208411217201501,2.4850660196307217e-08,0,-0.09999990463256836,volta,-3.4937099739551365,0.017912038457979878
1.600000023841858,0.0003184089728165418,2.886547711966614e-08,0,-0.10000002384185791,volta,-3.4970147022729243,0.01784401784398743
1.5,0.0003158443432766944,3.299417627999901e-08,0,-0.10000002384185791,volta,-3.5005268968469174,0.01777201010793924
1.399999976158142,0.0003130019176751375,3.723454611304078e-08,0,-0.10000002384185791,volta,-3.5044530016446727,0.01769186020957484
1.2999999523162842,0.0003101966285612434,4.155870314548338e-08,0,-0.10000002384185791,volta,-3.5083629267197223,0.017612399852412034
1.2000000476837158,0.00030746404081583023,4.5910354629086214e-08,0,-0.09999990463256836,volta,-3.512205669444506,0.01753465257185982
1.100000023841858,0.0003036181442439556,5.022130267207103e-08,0,-0.10000002384185791,volta,-3.51767227852896,0.017424641868456166
1.0,0.00030048421467654407,5.468928421237251e-08,0,-0.10000002384185791,volta,-3.5221783378340805,0.017334480513604787
0.8999999761581421,0.0002972681832034141,5.91809943273347e-08,0,-0.10000002384185791,volta,-3.5268515711133595,0.01724146696784859
0.800000011920929,0.00029396318132057786,6.370090233076553e-08,0,-0.09999996423721313,volta,-3.531707061256685,0.01714535451137065
0.699999988079071,0.00029010718571953475,6.820348374958485e-08,0,-0.10000002384185791,volta,-3.5374415139422744,0.017032533156272872
0.6000000238418579,0.0002866346621885896,7.269882473792677e-08,0,-0.09999996423721313,volta,-3.542671292351107,0.016930288307899236
0.5,0.00028298216057009995,7.715311767242383e-08,0,-0.10000002384185791,volta,-3.5482409418967955,0.016822073610886976
0.4000000059604645,0.0002790111757349223,8.162002984590799e-08,0,-0.09999999403953552,volta,-3.554378400802379,0.016703627622014397
0.30000001192092896,0.00027467371546663344,8.600922285495471e-08,0,-0.09999999403953552,volta,-3.561182897819939,0.016573283183082144
0.20000000298023224,0.0002704438811633736,9.039476367433963e-08,0,-0.10000000894069672,volta,-3.5679228400937752,0.016445178052042295
0.10000000149011612,0.00026557777891866863,9.476370621541719e-08,0,-0.10000000149011612,volta,-3.5758082655115677,0.01629655727197216
0.0,0.0002608033246360719,9.903700259883408e-08,0,-0.10000000149011612,volta,-3.5836868766598364,0.016149406324570324
-0.10000000149011612,0.00025567281409166753,1.0336975719837938e-07,0,-0.10000000149011612,volta,-3.5923154484212976,0.015989772171349646
-0.20000000298023224,0.00025041631306521595,1.0766694913399988e-07,0,-0.10000000149011612,volta,-3.6013373829558573,0.015824547799707135
-0.30000001192092896,0.00024472485529258847,1.1191465887350205e-07,0,-0.10000000894069672,volta,-3.6113219196215236,0.01564368419818645
-0.4000000059604645,0.00023893750039860606,1.1613217765216177e-07,0,-0.09999999403953552,volta,-3.6217156839123876,0.015457603320004239
-0.5,0.00023293840058613569,1.20299773698207e-07,0,-0.09999999403953552,volta,-3.632758910830089,0.015262319633205684
-0.6000000238418579,0.00022657241788692772,1.2443872776657372e-07,0,-0.10000002384185791,volta,-3.6447929607065253,0.01505232267415656
-0.699999988079071,0.0002198842994403094,1.2850232167238573e-07,0,-0.09999996423721313,volta,-3.6578057797791357,0.014828496196186227
-0.800000011920929,0.00021325203124433756,1.3263594667023426e-07,0,-0.10000002384185791,volta,-3.6711068234476336,0.0146031514148261
-0.8999999761581421,0.00020599701383616775,1.367003221730556e-07,0,-0.09999996423721313,volta,-3.686139075183634,0.014352596066083925
-1.0,0.00019834928389173,1.4069355813717266e-07,0,-0.10000002384185791,volta,-3.702569363137557,0.014083653073394346
-1.100000023841858,0.0001905442913994193,1.4469222264779091e-07,0,-0.10000002384185791,volta,-3.7200040579171048,0.013803778156701132
-1.2000000476837158,0.00018263155652675778,1.486510115000783e-07,0,-0.10000002384185791,volta,-3.7384241794777515,0.013514124334442013
-1.2999999523162842,0.0001744725159369409,1.5263402985965513e-07,0,-0.09999990463256836,volta,-3.7582729762521376,0.013208804485529375
-1.399999976158142,0.00016595055058132857,1.5659038865578623e-07,0,-0.10000002384185791,volta,-3.7800213023753764,0.012882179574176436
-1.5,0.00015741439710836858,1.605024095852059e-07,0,-0.10000002384185791,volta,-3.8029555496212955,0.012546489433637146
-1.600000023841858,0.00014877690409775823,1.6441065042727132e-07,0,-0.10000002384185791,volta,-3.8274644827781223,0.012197413828257129
-1.7000000476837158,0.0001398244930896908,1.6832946414524486e-07,0,-0.10000002384185791,volta,-3.8544167464588535,0.011824740719765943
-1.7999999523162842,0.00013101637887302786,1.7222458836840815e-07,0,-0.09999990463256836,volta,-3.8826744080882865,0.01144623863428628
-1.899999976158142,0.00012212542060296983,1.7610328484352067e-07,0,-0.10000002384185791,volta,-3.913193927549655,0.011051037082689109
-2.0,0.00011323894432280213,1.7989457035127998e-07,0,-0.10000002384185791,volta,-3.9460041880257513,0.010641378873191299
-2.0999999046325684,0.00010448541434016079,1.8360300657604967e-07,0,-0.09999990463256836,volta,-3.9809443307365955,0.010221810717292744
-2.200000047683716,9.598453470971435e-05,1.873022341669639e-07,0,-0.10000014305114746,volta,-4.017798736036397,0.009797169729555284
-2.299999952316284,8.780183998169377e-05,1.9103697468381142e-07,0,-0.09999990463256836,volta,-4.056496382892036,0.009370263602572437
-2.4000000953674316,7.991591701284051e-05,1.946804388808232e-07,0,-0.10000014305114746,volta,-4.097366712771189,0.008939570292404468
-2.5,7.242624997161329e-05,1.9813458607131906e-07,0,-0.09999990463256836,volta,-4.140104000769147,0.008510361330261677
-2.5999999046325684,6.527095683850348e-05,2.0165948910744191e-07,0,-0.09999990463256836,volta,-4.185280020724641,0.0080790443022986
-2.700000047683716,5.8627992984838784e-05,2.050901883876577e-07,0,-0.10000014305114746,volta,-4.231894972786528,0.007656891861900544
-2.799999952316284,5.2325216529425234e-05,2.0843729942043865e-07,0,-0.09999990463256836,volta,-4.281288965811254,0.007233617112442795
-2.9000000953674316,4.652779898606241e-05,2.1168085595490993e-07,0,-0.10000014305114746,volta,-4.332287491434423,0.0068211288644961406
-3.0,4.120406447327696e-05,2.148899085341327e-07,0,-0.09999990463256836,volta,-4.385059941946178,0.0064190392173032376
-3.0999999046325684,3.537240263540298e-05,2.1763490565263055e-07,0,-0.09999990463256836,volta,-4.451335440160961,0.005947470271922591
-3.200000047683716,3.099407331319526e-05,2.2072619287882844e-07,0,-0.10000014305114746,volta,-4.508721344019043,0.005567232105202303
-3.299999952316284,2.6946034267893992e-05,2.2367419205693295e-07,0,-0.09999990463256836,volta,-4.56950514225097,0.005190956970337357
-3.4000000953674316,2.3282993424800225e-05,2.2654363363017183e-07,0,-0.10000014305114746,volta,-4.632961184490414,0.0048252454263799085
-3.5,1.9957005861215293e-05,2.2930639431706368e-07,0,-0.09999990463256836,volta,-4.699904615127399,0.004467326478019632
-3.5999999046325684,1.7008211216307245e-05,2.3194915854674036e-07,0,-0.09999990463256836,volta,-4.7693413595054475,0.00412410126164565
-3.700000047683716,1.4380042557604611e-05,2.3450517971923546e-07,0,-0.10000014305114746,volta,-4.842239828660682,0.0037921026565224483
-3.799999952316284,1.2096023965568747e-05,2.370124434492027e-07,0,-0.09999990463256836,volta,-4.917357361384539,0.0034779338644615925
-3.9000000953674316,1.0128353096661158e-05,2.393764759744954e-07,0,-0.10000014305114746,volta,-4.994461166602148,0.0031825073600325196
-4.0,8.408721441810485e-06,2.415586664028524e-07,0,-0.09999990463256836,volta,-5.075270034282851,0.002899779550553884
-4.099999904632568,6.95523840477108e-06,2.4350330818379007e-07,0,-0.09999990463256836,volta,-5.15768797910083,0.00263727859824689
-4.199999809265137,5.709714514523512e-06,2.454149239383696e-07,0,-0.09999990463256836,volta,-5.2433856059164405,0.0023895008923462474
-4.300000190734863,4.677943707065424e-06,2.473244080647419e-07,0,-0.10000038146972656,volta,-5.329945008661529,0.0021628554521894022
-4.400000095367432,3.6868254937871825e-06,2.4837950718392676e-07,0,-0.09999990463256836,volta,-5.433347418097395,0.001920110802476561
-4.5,3.022815917574917e-06,2.5014372795340023e-07,0,-0.09999990463256836,volta,-5.519588299535925,0.001738624720166752
-4.599999904632568,2.47726279667404e-06,2.5177899942718796e-07,0,-0.09999990463256836,volta,-5.606027919497542,0.0015739322719462996
-4.699999809265137,2.0326124285929836e-06,2.534272880438948e-07,0,-0.09999990463256836,volta,-5.691945423216234,0.001425697172822119
-4.800000190734863,1.6688530877218e-06,2.5507398504487355e-07,0,-0.10000038146972656,volta,-5.777581893398657,0.001291840968432957
-4.900000095367432,1.3731333865507622e-06,2.5668967396086373e-07,0,-0.09999990463256836,volta,-5.862287273229929,0.0011718077429982968
-5.0,1.123223228205461e-06,2.5828532557170547e-07,0,-0.09999990463256836,volta,-5.949533923931197,0.00105982226255418
-5.099999904632568,9.210359621647513e-07,2.600426682874968e-07,0,-0.09999990463256836,volta,-6.035723412295229,0.0009597061853321313
-5.199999809265137,7.546879601250112e-07,2.622595900447777e-07,0,-0.09999990463256836,volta,-6.122232578447689,0.0008687277825216661
-5.300000190734863,6.202874942573544e-07,2.645726340233523e-07,0,-0.10000038146972656,volta,-6.2074069746463705,0.0007875833252788903
-5.400000095367432,5.095379265185329e-07,2.6733044933280325e-07,0,-0.09999990463256836,volta,-6.292823484543331,0.0007138192533957969
-5.5,4.209529720355931e-07,2.703947927784611e-07,0,-0.09999990463256836,volta,-6.375766419903658,0.0006488088871428883
-5.599999904632568,3.4107225133084285e-07,2.729524624101032e-07,0,-0.09999990463256836,volta,-6.467153612120317,0.0005840139136449086
-5.699999809265137,2.9366390208451776e-07,2.7628482257568976e-07,0,-0.09999990463256836,volta,-6.532149434781247,0.0005419076508820647
-5.800000190734863,2.6032736855086114e-07,2.799222897920117e-07,0,-0.10000038146972656,volta,-6.584480171553465,0.0005102228616505352
-5.900000095367432,2.3686506267495133e-07,2.836877399658988e-07,0,-0.09999990463256836,volta,-6.625498992491387,0.0004866878493192031
-6.0,2.1906561187279294e-07,2.875405016311561e-07,0,-0.09999990463256836,volta,-6.659425791065563,0.0004680444550176756
-6.099999904632568,2.0727243565943354e-07,2.916080177328695e-07,0,-0.09999990463256836,volta,-6.683458449169819,0.00045527182612087205
-6.199999809265137,1.9977701981588325e-07,2.957168590000947e-07,0,-0.09999990463256836,volta,-6.699454469769386,0.00044696422655049613
-6.300000190734863,1.9520126670613536e-07,2.99887119581399e-07,0,-0.10000038146972656,volta,-6.7095173684229135,0.00044181587421247706
-6.400000095367432,1.9286986230326875e-07,3.03965634884662e-07,0,-0.09999990463256836,volta,-6.714735629577186,0.00043916951431453974
-6.5,1.9224567893161293e-07,3.0805011874690535e-07,0,-0.09999990463256836,volta,-6.716143412968646,0.00043845829782501885
-6.599999904632568,1.9260893679984292e-07,3.122133875876898e-07,0,-0.09999990463256836,volta,-6.715323566054606,0.0004388723468160678
-6.699999809265137,1.934195807962169e-07,3.1646004572394304e-07,0,-0.09999990463256836,volta,-6.713499562304249,0.00043979493038939966
-6.800000190734863,1.9470391521281272e-07,3.2076454203888716e-07,0,-0.10000038146972656,volta,-6.7106253153612005,0.00044125266595547354
-6.900000095367432,1.9618239832652762e-07,3.2508629033145553e-07,0,-0.09999990463256836,volta,-6.707339960526807,0.0004429248224321229
-7.0,1.9782554261382757e-07,3.294071007076127e-07,0,-0.09999990463256836,volta,-6.703717634376553,0.0004447758341162743
-7.099999904632568,1.9961176178640017e-07,3.337672183079121e-07,0,-0.09999990463256836,volta,-6.699813872224823,0.0004467793211266611
-7.199999809265137,2.0150959301190596e-07,3.382000102192251e-07,0,-0.09999990463256836,volta,-6.695704274123533,0.00044889819894036774
-7.300000190734863,2.034993542565644e-07,3.426712567033974e-07,0,-0.10000038146972656,volta,-6.691436964538298,0.00045110902701737683
-7.400000095367432,2.0555454227633163e-07,3.47212193219093e-07,0,-0.09999990463256836,volta,-6.687072921881685,0.00045338123282325177
-7.5,2.076653800031636e-07,3.5179087376491225e-07,0,-0.09999990463256836,volta,-6.682635898875535,0.0004557031709382365
-7.599999904632568,2.0982781734346645e-07,3.563850725640805e-07,0,-0.09999990463256836,volta,-6.678136936933996,0.00045806966429077844
-7.699999809265137,2.1198063393512712e-07,3.6094763800065266e-07,0,-0.09999990463256836,volta,-6.673703813407495,0.00046041354664597687
-7.800000190734863,2.141574810821112e-07,3.655192983842426e-07,0,-0.10000038146972656,volta,-6.669266749957904,0.00046277152146832805
-7.900000095367432,2.1631821311984822e-07,3.7002288877374667e-07,0,-0.09999990463256836,volta,-6.664906913180188,0.00046510021836142825
-8.0,2.18326420053927e-07,3.742706553566677e-07,0,-0.09999990463256836,volta,-6.660893706391846,0.00046725412791534223
-8.100000381469727,2.2045635716949619e-07,3.7868613844693755e-07,0,-0.10000038146972656,volta,-6.656677373164149,0.00046952780233921847
-8.199999809265137,2.2269000510277692e-07,3.832622326171986e-07,0,-0.09999942779541016,volta,-6.652299274776116,0.0004719004186295843
-8.300000190734863,2.2490421258680726e-07,3.878042207361432e-07,0,-0.10000038146972656,volta,-6.648002409899757,0.0004742406694778583
-8.399999618530273,2.2716761804986163e-07,3.92400636428647e-07,0,-0.09999942779541016,volta,-6.6436535757099096,0.00047662104239097717
-8.5,2.2945219768644165e-07,3.9701720311313693e-07,0,-0.10000038146972656,volta,-6.63930777828955,0.00047901168846536685
-8.600000381469727,2.3168153973074368e-07,4.0153634017769946e-07,0,-0.10000038146972656,volta,-6.63510856919866,0.00048133308605449477
-8.699999809265137,2.3398904147597932e-07,4.061792822085408e-07,0,-0.09999942779541016,volta,-6.630804481640951,0.0004837241377851423
-8.800000190734863,2.3626697043255263e-07,4.107523068341834e-07,0,-0.10000038146972656,volta,-6.626596987472595,0.00048607300936438823
-8.899999618530273,2.385891093581449e-07,4.1539129824741394e-07,0,-0.09999942779541016,volta,-6.622349384025306,0.0004884558417688798
-9.0,2.409163926131441e-07,4.2004145939245063e-07,0,-0.10000038146972656,volta,-6.618133648406715,0.0004908323467469765
-9.0,2.444721758365631e-07,4.251227210261277e-07,1,,volta,-6.61177056217746,0.0004944412764288223
-8.899999618530273,2.403433541076083e-07,4.181507904377213e-07,1,0.10000038146972656,ida,-6.61916788233208,0.0004902482576283248
-8.800000190734863,2.3654249048377096e-07,4.115243825708603e-07,1,0.09999942779541016,ida,-6.626090834946756,0.00048635634105434564
-8.699999809265137,2.3306897389829828e-07,4.053594295783114e-07,1,0.10000038146972656,ida,-6.632515535838426,0.0004827721759777569
-8.600000381469727,2.2961421564104967e-07,3.9806812424103555e-07,1,0.09999942779541016,ida,-6.6390012278448465,0.0004791807755336702
-8.5,2.2646261754744046e-07,3.9230206994034234e-07,1,0.10000038146972656,ida,-6.6450034772394835,0.00047588088588158324
-8.399999618530273,2.2351234463258152e-07,3.868209432766889e-07,1,0.10000038146972656,ida,-6.650698485696437,0.00047277092194061756
-8.300000190734863,2.206111702207636e-07,3.814049875927594e-07,1,0.09999942779541016,ida,-6.656372501676325,0.0004696926337731555
-8.199999809265137,2.1768556734969025e-07,3.75925509388253e-07,1,0.10000038146972656,ida,-6.662170363922481,0.0004665678593191887
-8.100000381469727,2.146696687077565e-07,3.703100048824126e-07,1,0.09999942779541016,ida,-6.668229313940145,0.0004633245824557084
-8.0,2.1159401342174533e-07,3.646748325536464e-07,1,0.10000038146972656,ida,-6.674496623851789,0.00045999349280369755
-7.900000095367432,2.0869559591574216e-07,3.591439963201992e-07,1,0.09999990463256836,ida,-6.6804867157149594,0.0004568321310019055
-7.800000190734863,2.0575207315687294e-07,3.536183896812872e-07,1,0.09999990463256836,ida,-6.686655780144592,0.00045359902243818044
-7.699999809265137,2.028957482025362e-07,3.4824142858269624e-07,1,0.10000038146972656,ida,-6.692727053762732,0.0004504395055970737
-7.599999904632568,1.99981514015235e-07,3.427568913139112e-07,1,0.09999990463256836,ida,-6.699010147997165,0.00044719292706306863
-7.5,1.9705096576672076e-07,3.3725919479365984e-07,1,0.09999990463256836,ida,-6.705421432271964,0.00044390423039966713
-7.400000095367432,1.9418224894707237e-07,3.318552614928194e-07,1,0.09999990463256836,ida,-6.711790473381098,0.0004406611498045549
-7.300000190734863,1.914120844048739e-07,3.2661452564752835e-07,1,0.09999990463256836,ida,-6.718030647412449,0.0004375066678404729
-7.199999809265137,1.8843881832708576e-07,3.2102909131026536e-07,1,0.10000038146972656,ida,-6.724829627823929,0.0004340954023335029
-7.099999904632568,1.856019338219994e-07,3.156767434120411e-07,1,0.09999990463256836,ida,-6.731417503096424,0.0004308154289507276
-7.0,1.8285470559931127e-07,3.1047170523379464e-07,1,0.09999990463256836,ida,-6.737893859009177,0.000427615137242955
-6.900000095367432,1.8008573476890888e-07,3.052387569368875e-07,1,0.09999990463256836,ida,-6.744520687827417,0.00042436509607755076
-6.800000190734863,1.7728721957155358e-07,2.9994632200214255e-07,1,0.09999990463256836,ida,-6.751322571052265,0.00042105488902464196
-6.699999809265137,1.744864874808627e-07,2.9465536499628797e-07,1,0.10000038146972656,ida,-6.758238199877992,0.00041771579749976266
-6.599999904632568,1.7172247623875592e-07,2.8942673679921427e-07,1,0.09999990463256836,ida,-6.765172857619376,0.00041439410738903604
-6.5,1.6904844812870579e-07,2.8435101739887614e-07,1,0.09999990463256836,ida,-6.7719888117200595,0.0004111550171513243
-6.400000095367432,1.6642675859657174e-07,2.793495923469891e-07,1,0.09999990463256836,ida,-6.778776845253553,0.0004079543584723317
-6.300000190734863,1.6377485678731318e-07,2.7431556759438536e-07,1,0.09999990463256836,ida,-6.785752771664039,0.00040469106338948625
-6.199999809265137,1.6113497736114368e-07,2.692880798349506e-07,1,0.10000038146972656,ida,-6.7928101776060545,0.00040141621462161153
-6.099999904632568,1.584785565000857e-07,2.6423802523822815e-07,1,0.09999990463256836,ida,-6.800029493217253,0.00039809365292614964
-6.0,1.558582169991496e-07,2.592555006231123e-07,1,0.09999990463256836,ida,-6.807270296349497,0.0003947888258286316
-5.900000095367432,1.531947049215887e-07,2.5420123961339414e-07,1,0.09999990463256836,ida,-6.814756245559011,0.00039140095161047925
-5.800000190734863,1.5051870150273317e-07,2.491209158961283e-07,1,0.09999990463256836,ida,-6.822409536914957,0.00038796739747397997
-5.699999809265137,1.4786654389808973e-07,2.4407978571616695e-07,1,0.10000038146972656,ida,-6.83013007782237,0.00038453419080504366
-5.599999904632568,1.4523573099722853e-07,2.3907026047709223e-07,1,0.09999990463256836,ida,-6.8379265250551695,0.0003810980595558426
-5.5,1.4258139913181367e-07,2.3403570992286404e-07,1,0.09999990463256836,ida,-6.845937127929631,0.00037759952215517126
-5.400000095367432,1.3991517278100218e-07,2.289663427745836e-07,1,0.09999990463256836,ida,-6.854135186882281,0.00037405236636198707
-5.300000190734863,1.372125950638292e-07,2.2384308806522313e-07,1,0.09999990463256836,ida,-6.862606021897037,0.00037042218489694863
-5.199999809265137,1.3457268721595028e-07,2.1883357703700312e-07,1,0.10000038146972656,ida,-6.871043075290701,0.0003668415014906987
-5.099999904632568,1.319107667541175e-07,2.1379079839789483e-07,1,0.09999990463256836,ida,-6.8797197552416005,0.00036319521851769674
-5.0,1.2928721560001577e-07,2.0879501505532971e-07,1,0.09999990463256836,ida,-6.888444417647598,0.0003595653147899777
-4.900000095367432,1.2662852100220334e-07,2.0375946974127146e-07,1,0.09999990463256836,ida,-6.897468465575846,0.0003558490143336122
-4.800000190734863,1.2399043214372796e-07,1.9875218981724174e-07,1,0.09999990463256836,ida,-6.906611826349872,0.00035212275152811124
-4.699999809265137,1.2136399618611904e-07,1.937679741104148e-07,1,0.10000038146972656,ida,-6.915910131850472,0.0003483733574573679
-4.599999904632568,1.1866166715890358e-07,1.8864980688704236e-07,1,0.09999990463256836,ida,-6.925689554255551,0.00034447302820235954
-4.5,1.1594920579227619e-07,1.8352950803546264e-07,1,0.09999990463256836,ida,-6.935732221766944,0.00034051315068918587
-4.400000095367432,1.1325455062660694e-07,1.7845304967067932e-07,1,0.09999990463256836,ida,-6.945944338786924,0.00033653313451517214
-4.300000190734863,1.1063633564845077e-07,1.7348675385164825e-07,1,0.09999990463256836,ida,-6.9561022167925595,0.00033262040774500106
-4.199999809265137,1.0800187055792776e-07,1.6849323003498284e-07,1,0.10000038146972656,ida,-6.966568722606096,0.00032863638045403274
-4.099999904632568,1.0542296280391383e-07,1.6358869459054404e-07,1,0.09999990463256836,ida,-6.977064782549922,0.0003246890247666432
-4.0,1.0287013907372966e-07,1.5873837355684373e-07,1,0.09999990463256836,ida,-6.987710673027136,0.00032073375106734506
-3.9000000953674316,1.0034151642912548e-07,1.539154368401796e-07,1,0.09999990463256836,ida,-6.998519339905587,0.0003167672906553413
-3.799999952316284,9.774247189398011e-08,1.4900328437761345e-07,1,0.10000014305114746,ida,-7.009916681919873,0.0003126379245932587
-3.700000047683716,9.519480670405756e-08,1.4415822136015777e-07,1,0.09999990463256836,ida,-7.021386743645895,0.0003085365565116354
-3.5999999046325684,9.262056011039022e-08,1.3941914289716806e-07,1,0.10000014305114746,ida,-7.033292596996668,0.0003043362615765499
-3.5,9.034796022433511e-08,1.3471063198267075e-07,1,0.09999990463256836,ida,-7.044081648009696,0.00030057937424968987
-3.4000000953674316,8.776135018706555e-08,1.298242011671391e-07,1,0.09999990463256836,ida,-7.056696703866784,0.00029624542222128186
-3.299999952316284,8.531080908369404e-08,1.2515302216797863e-07,1,0.10000014305114746,ida,-7.068995939195911,0.0002920801415428547
-3.200000047683716,8.279298668867341e-08,1.2038546515213966e-07,1,0.09999990463256836,ida,-7.08200645030945,0.0002877377046698493
-3.0999999046325684,8.024841946507877e-08,1.155667916918901e-07,1,0.10000014305114746,ida,-7.095563512497599,0.00028328151980861507
-3.0,7.778788813084248e-08,1.1087364981676728e-07,1,0.09999990463256836,ida,-7.10908801904411,0.0002789048011971871
-2.9000000953674316,7.535643220535349e-08,1.0620679802286759e-07,1,0.09999990463256836,ida,-7.122879671656359,0.0002745112606166703
-2.799999952316284,7.286871550604701e-08,1.0147940088245377e-07,1,0.10000014305114746,ida,-7.1374588859377095,0.0002699420595350917
-2.700000047683716,7.043091443392768e-08,9.681789947535435e-08,1,0.09999990463256836,ida,-7.15223667294473,0.0002653882334127263
-2.5999999046325684,6.798961038612106e-08,9.215847285304335e-08,1,0.10000014305114746,ida,-7.1675574475395605,0.0002607481742718845
-2.5,6.559581322562735e-08,8.75519106102729e-08,1,0.09999990463256836,ida,-7.183123879390098,0.0002561167960630996
-2.4000000953674316,6.320986045693644e-08,8.296796494278169e-08,1,0.09999990463256836,ida,-7.19921516842638,0.00025141571243050115
-2.299999952316284,6.082473191781901e-08,7.838643512059207e-08,1,0.10000014305114746,ida,-7.215919796525684,0.000246626705605494
-2.200000047683716,5.843356021273394e-08,7.38327159410801e-08,1,0.09999990463256836,ida,-7.2333376523917465,0.00024173034607333425
-2.0999999046325684,5.6100734724395807e-08,6.928751616896989e-08,1,0.10000014305114746,ida,-7.251031450960214,0.0002368559366458772
-2.0,5.375891731773663e-08,6.476837910440736e-08,1,0.09999990463256836,ida,-7.269549486376617,0.0002318596931718332
-1.899999976158142,5.143670378515708e-08,6.027883614478924e-08,1,0.10000002384185791,ida,-7.288726870056321,0.0002267966132576875
-1.7999999523162842,4.909570705535771e-08,5.577829043090787e-08,1,0.10000002384185791,ida,-7.308956481068047,0.0002215755109558764
-1.7000000476837158,4.680098797393839e-08,5.133067304541328e-08,1,0.09999990463256836,ida,-7.329744978825431,0.0002163353599713611
-1.600000023841858,4.4501270224373e-08,4.6906205142249746e-08,1,0.10000002384185791,ida,-7.35162759253451,0.00021095324179631135
-1.5,4.2271981470776154e-08,4.2552109391635895e-08,1,0.10000002384185791,ida,-7.373947394431328,0.0002056015113533365
-1.399999976158142,4.012049004131768e-08,3.826890093705515e-08,1,0.10000002384185791,ida,-7.396633771041937,0.00020030099860289684
-1.2999999523162842,3.7910442785005216e-08,3.409438065204995e-08,1,0.10000002384185791,ida,-7.421241143087112,0.00019470604198382037
-1.2000000476837158,3.577228468998328e-08,2.984956992690968e-08,1,0.09999990463256836,ida,-7.446453321618816,0.0001891356251211899
-1.100000023841858,3.366710998875533e-08,2.5691150540296803e-08,1,0.10000002384185791,ida,-7.472794162192391,0.00018348599398525036
-1.0,3.1607669370714575e-08,2.160510526039161e-08,1,0.10000002384185791,ida,-7.5002075262026295,0.00017778545882809026
-0.8999999761581421,2.9592557737601055e-08,1.7596525125895823e-08,1,0.10000002384185791,ida,-7.528817496369607,0.00017202487534540188
-0.800000011920929,2.7647788058970946e-08,1.3703984613755438e-08,1,0.09999996423721313,ida,-7.5583396083813295,0.00016627624021179618
-0.699999988079071,2.577426982952602e-08,9.916077736704665e-09,1,0.10000002384185791,ida,-7.588813629187003,0.0001605436695404899
-0.6000000238418579,2.398751952625844e-08,6.420352249847383e-09,1,0.09999996423721313,ida,-7.62001465873306,0.00015487904805446874
-0.5,2.233140605767403e-08,3.01358915599792e-09,1,0.10000002384185791,ida,-7.651083931480079,0.00014943696349188184
-0.4000000059604645,2.0754965746050402e-08,2.627209561012478e-10,1,0.09999999403953552,ida,-7.682877979043523,0.00014406583823394915
-0.30000001192092896,1.927017656555563e-08,3.4228651024648116e-09,1,0.09999999403953552,ida,-7.715114306045367,0.0001388170615074229
-0.20000000298023224,1.7869545843041124e-08,6.434072830074911e-09,1,0.10000000894069672,ida,-7.747886485007929,0.00013367702062449299
-0.10000000149011612,1.655577364090277e-08,9.584555371588976e-09,1,0.10000000149011612,ida,-7.78105052012939,0.00012866924123854453
0.0,1.5224307148287153e-08,1.2598994736379154e-08,1,0.10000000149011612,ida,-7.8174624628016565,0.00012338681918376513
0.10000000149011612,1.3939702725451752e-08,1.5552203080915206e-08,1,0.10000000149011612,ida,-7.85574648779271,0.00011806651822363423
0.20000000298023224,1.2689516992736571e-08,1.8546433722121947e-08,1,0.10000000149011612,ida,-7.8965549083530036,0.00011264775627031624
0.30000001192092896,1.1425656865071687e-08,2.164006041027733e-08,1,0.10000000894069672,ida,-7.942118822796352,0.00010689086427320011
0.4000000059604645,1.0141292250409606e-08,2.4859485137085358e-08,1,0.09999999403953552,ida,-7.993906701663022,0.00010070398328968724
0.5,8.852187427521585e-09,2.8203764657064312e-08,1,0.09999999403953552,ida,-8.052949399322655,9.408606393893617e-05
0.6000000238418579,7.593758510893167e-09,3.162442041571012e-08,1,0.10000002384185791,ida,-8.11954321797501,8.71421741230569e-05
0.699999988079071,6.376565497845377e-09,3.5145070853559446e-08,1,0.09999996423721313,ida,-8.195413175033616,7.985340003935572e-05
0.800000011920929,5.261677316070745e-09,3.8711799987822815e-08,1,0.10000002384185791,ida,-8.278875789497556,7.253742010900818e-05
0.8999999761581421,4.286340171688607e-09,4.228028416264351e-08,1,0.09999996423721313,ida,-8.367913365532907,6.547014717937182e-05
1.0,4.036696310549814e-09,4.545388776477921e-08,1,0.10000002384185791,ida,-8.39397392227993,6.35350006732495e-05
1.100000023841858,3.656715819033707e-09,4.882406301476294e-08,1,0.10000002384185791,ida,-8.436908789462642,6.0470784838909664e-05
1.2000000476837158,4.21702539554758e-09,5.159230553886118e-08,1,0.10000002384185791,ida,-8.374993783591973,6.493862791549864e-05
1.2999999523162842,4.528073471732341e-09,5.481457066025541e-08,1,0.09999990463256836,ida,-8.344086534975911,6.729096129297263e-05
1.399999976158142,5.953068260566852e-09,5.7379988760430933e-08,1,0.10000002384185791,ida,-8.225259137603201,7.715612911860504e-05
1.5,6.901114346646864e-09,6.043571687541771e-08,1,0.10000002384185791,ida,-8.161080776578013,8.307294593697074e-05
1.600000023841858,8.416943586553316e-09,6.332918189855263e-08,1,0.10000002384185791,ida,-8.07484558361544,9.174390217640252e-05
1.7000000476837158,1.055741538635857e-08,6.610003566720479e-08,1,0.10000002384185791,ida,-7.976442390593069,0.00010274928411603932
1.7999999523162842,1.345236810834649e-08,6.873022329045853e-08,1,0.09999990463256836,ida,-7.871201257233382,0.00011598434423811901
1.899999976158142,1.702259488922664e-08,7.122792311520243e-08,1,0.10000002384185791,ida,-7.768974236250653,0.00013047066677696807
2.0,2.1512091663566935e-08,7.36576737381256e-08,1,0.10000002384185791,ida,-7.667317360241035,0.0001466700094210365
2.0999999046325684,2.698219603303187e-08,7.60650777920091e-08,1,0.09999990463256836,ida,-7.568922706768793,0.00016426258257141784
2.200000047683716,3.349203225866404e-08,7.843443228239266e-08,1,0.10000014305114746,ida,-7.475058499162268,0.00018300828467220833
2.299999952316284,4.134546927048177e-08,8.076241897470027e-08,1,0.09999990463256836,ida,-7.3835720744702185,0.00020333585338174322
2.4000000953674316,5.352718446260951e-08,8.240438376105885e-08,1,0.10000014305114746,ida,-7.2714255999662925,0.0002313594270018179
2.5,6.345701564214323e-08,8.488638769676982e-08,1,0.09999990463256836,ida,-7.197520356449695,0.0002519067598182773
2.5999999046325684,7.5320180314975e-08,8.740124002315497e-08,1,0.09999990463256836,ida,-7.123088648961999,0.00027444522279495957
2.700000047683716,8.947613139298483e-08,8.990990352231165e-08,1,0.10000014305114746,ida,-7.048292801408216,0.00029912561139592317
2.799999952316284,1.0603577749179749e-07,9.237523102001433e-08,1,0.09999990463256836,ida,-6.974547574870709,0.0003256313521327415
2.9000000953674316,1.2580063923905982e-07,9.468794814893045e-08,1,0.10000014305114746,ida,-6.9003171520760365,0.0003546838581597136
3.0,1.4811580228979437e-07,9.685068391718232e-08,1,0.09999990463256836,ida,-6.829398604671554,0.00038485815866341506
3.0999999046325684,1.738162325182202e-07,9.887230589811224e-08,1,0.09999990463256836,ida,-6.759909667680803,0.0004169127396928765
3.200000047683716,2.0309995818479365e-07,1.0076821865823149e-07,1,0.10000014305114746,ida,-6.692290166009842,0.0004506661271770862
3.299999952316284,2.3620867750651087e-07,1.0260951910368021e-07,1,0.09999990463256836,ida,-6.626704151921611,0.00048601304252716396
3.4000000953674316,2.7447541128822195e-07,1.0450455789623447e-07,1,0.10000014305114746,ida,-6.561496555476739,0.0005239040096126598
3.5,3.1673189937464485e-07,1.0657465310259795e-07,1,0.09999990463256836,ida,-6.499308194838608,0.0005627893916685396
3.5999999046325684,3.6651840673584957e-07,1.0886496681905555e-07,1,0.09999990463256836,ida,-6.435904209991268,0.000605407636833109
3.700000047683716,4.225989584938361e-07,1.1138264710552903e-07,1,0.10000014305114746,ida,-6.374071577612473,0.000650076117461514
3.799999952316284,4.872306931247294e-07,1.1422897472357363e-07,1,0.09999990463256836,ida,-6.312265361108276,0.0006980191208876225
3.9000000953674316,5.82408233640308e-07,1.1696586454945646e-07,1,0.10000014305114746,ida,-6.234772493929779,0.0007631567556146692
4.0,6.675437020930985e-07,1.2030859863898513e-07,1,0.09999990463256836,ida,-6.175520297069607,0.0008170334767272995
4.099999904632568,7.719081622781232e-07,1.2387955905523995e-07,1,0.09999990463256836,ida,-6.112434366747661,0.0008785830423347148
4.199999809265137,8.936807489590137e-07,1.2758481204855343e-07,1,0.09999990463256836,ida,-6.048817597230249,0.0009453468934518237
4.300000190734863,1.0316587122360943e-06,1.3138837573478668e-07,1,0.10000038146972656,ida,-5.986463949905001,0.0010157060166387194
4.400000095367432,1.1975218967563706e-06,1.3527505871024914e-07,1,0.09999990463256836,ida,-5.921716536741357,0.001094313436249583
4.5,1.389614112667914e-06,1.3916255170443037e-07,1,0.09999990463256836,ida,-5.857105783922877,0.0011788189482138103
4.599999904632568,1.6133079725477728e-06,1.4310020901575626e-07,1,0.09999990463256836,ida,-5.792282720018924,0.0012701606089576911
4.699999809265137,1.8736370748229092e-06,1.4708608375713084e-07,1,0.09999990463256836,ida,-5.727314528531479,0.0013688086333826614
4.800000190734863,2.1814976207679138e-06,1.5110948936580826e-07,1,0.10000038146972656,ida,-5.661245256336538,0.0014769893773375331
4.900000095367432,2.527855258449563e-06,1.551331081373064e-07,1,0.09999990463256836,ida,-5.597247796788495,0.001589923035385538
5.0,2.9258887934702216e-06,1.5928101504414371e-07,1,0.09999990463256836,ida,-5.5337421844649946,0.001710522959059662
5.099999904632568,3.397437239982537e-06,1.6342904984867346e-07,1,0.09999990463256836,ida,-5.46884855713587,0.00184321383457876
5.199999809265137,3.924050361092668e-06,1.67600546774338e-07,1,0.09999990463256836,ida,-5.4062654275397195,0.001980921593878129
5.300000190734863,4.527980763668893e-06,1.718004227768688e-07,1,0.10000038146972656,ida,-5.344095426839705,0.0021279052525121724
5.400000095367432,5.370799954107497e-06,1.756330050284305e-07,1,0.09999990463256836,ida,-5.269961023466095,0.002317498641662492
5.5,6.163122179714264e-06,1.7979928657041455e-07,1,0.09999990463256836,ida,-5.210199222590639,0.002482563630546912
5.599999904632568,7.077180725900689e-06,1.8400120893602434e-07,1,0.09999990463256836,ida,-5.150139713924311,0.0026602971123355166
5.699999809265137,8.102388164843433e-06,1.8822426284259564e-07,1,0.09999990463256836,ida,-5.091386954708165,0.0028464694210272893
5.800000190734863,9.264677828468848e-06,1.924222345905946e-07,1,0.10000038146972656,ida,-5.033169678314963,0.0030437933288035256
5.900000095367432,1.058494581229752e-05,1.9662758177219075e-07,1,0.09999990463256836,ida,-4.97531136093039,0.0032534513692842435
6.0,1.2046363735862542e-05,2.0074503481737338e-07,1,0.09999990463256836,ida,-4.919144027593045,0.003470787192534648
6.099999904632568,1.3716637113247998e-05,2.049309131280097e-07,1,0.09999990463256836,ida,-4.8627523508870825,0.0037035978606279594
6.199999809265137,1.555876042402815e-05,2.0917825338528928e-07,1,0.09999990463256836,ida,-4.808025006475435,0.003944459459042284
6.300000190734863,1.758204962243326e-05,2.13452082675758e-07,1,0.10000038146972656,ida,-4.754930498555373,0.0041930954702264125
6.400000095367432,1.982044159376528e-05,2.17761623844126e-07,1,0.09999990463256836,ida,-4.702886673786209,0.004452015453001627
6.5,2.2268672182690352e-05,2.2206701544291718e-07,1,0.09999990463256836,ida,-4.6523056779333,0.004718969398363413
6.599999904632568,2.4920283976825885e-05,2.2632136165157135e-07,1,0.09999990463256836,ida,-4.603447013021465,0.004992022032886663
6.699999809265137,2.7837026209454052e-05,2.3045494401685573e-07,1,0.09999990463256836,ida,-4.5553771616551035,0.00527608057268405
6.800000190734863,3.104596180492081e-05,2.3470011001336388e-07,1,0.10000038146972656,ida,-4.507994881152209,0.005571890325995372
6.900000095367432,3.443876266828738e-05,2.3900756218608876e-07,1,0.09999990463256836,ida,-4.462952460470077,0.005868454879121708
7.0,3.821413338300772e-05,2.4330219616786053e-07,1,0.09999990463256836,ida,-4.417775984862083,0.006181758114242882
7.099999904632568,4.2185900383628905e-05,2.475576650340372e-07,1,0.09999990463256836,ida,-4.374832677208223,0.006495067388690352
7.199999809265137,4.647279638447799e-05,2.5186525931530923e-07,1,0.09999990463256836,ida,-4.332801194148871,0.006817095890808489
7.300000190734863,5.1697988965315744e-05,2.5605672249184863e-07,1,0.10000038146972656,ida,-4.286526350489291,0.007190131359392243
7.400000095367432,5.6283101002918556e-05,2.6017528398369905e-07,1,0.09999990463256836,ida,-4.24962198246411,0.007502206408978532
7.5,6.134426803328097e-05,2.6442032208251476e-07,1,0.09999990463256836,ida,-4.21222601122247,0.007832258169473283
7.599999904632568,6.654278695350513e-05,2.6872004355027457e-07,1,0.09999990463256836,ida,-4.176899013909305,0.00815737622973865
7.699999809265137,7.209531759144738e-05,2.731438542014075e-07,1,0.09999990463256836,ida,-4.142092940692939,0.008490896159502092
7.800000190734863,7.777546852594241e-05,2.7764502874561003e-07,1,0.10000038146972656,ida,-4.1091573639850125,0.008819040113637221
7.900000095367432,8.365162648260593e-05,2.820885924847971e-07,1,0.09999990463256836,ida,-4.077525610403279,0.009146126310225872
8.0,8.972534124040976e-05,2.8657706252488424e-07,1,0.09999990463256836,ida,-4.047084881297367,0.009472346131788564
8.100000381469727,9.598565520718694e-05,2.9105842713761376e-07,1,0.10000038146972656,ida,-4.017793666229782,0.009797226914141926
8.199999809265137,0.0001024942976073362,2.9553098102041986e-07,1,0.09999942779541016,ida,-3.9893002964283077,0.010123946740641033
8.300000190734863,0.00010897254105657339,2.999846913098736e-07,1,0.10000038146972656,ida,-3.9626829219671715,0.010438991381190685
8.399999618530273,0.00011561881547095254,3.044434038201871e-07,1,0.09999942779541016,ida,-3.936971484338729,0.01075261900519834
8.5,0.00012234770110808313,3.089812139478454e-07,1,0.10000038146972656,ida,-3.9124041865529255,0.011061089508185129
8.600000381469727,0.00012932546087540686,3.1354795737570385e-07,1,0.10000038146972656,ida,-3.8883159652267136,0.011372135282144988
8.699999809265137,0.00013621020480059087,3.1804333389118256e-07,1,0.09999942779541016,ida,-3.8657903540784173,0.011670912766385964
8.800000190734863,0.00014323173672892153,3.2247513104266545e-07,1,0.10000038146972656,ida,-3.8439607420901027,0.011967946220171678
8.899999618530273,0.0001501989463577047,3.267569184117747e-07,1,0.09999942779541016,ida,-3.8233331138873745,0.012255567973688722
9.0,0.00015706662088632584,3.3108074148913147e-07,1,0.10000038146972656,ida,-3.8039160995247787,0.012532622266960966
9.100000381469727,0.00016409700037911534,3.3552385048096767e-07,1,0.10000038146972656,ida,-3.7848993575861787,0.012810035143555045
9.199999809265137,0.00017106099403463304,3.399814829663228e-07,1,0.09999942779541016,ida,-3.766849008616369,0.013079028787896792
9.300000190734863,0.0001778835867298767,3.443723244345165e-07,1,0.10000038146972656,ida,-3.7498641223010813,0.013337300578823163
9.399999618530273,0.00018477895355317742,3.488742663648736e-07,1,0.09999942779541016,ida,-3.733347496731958,0.013593342251013083
9.5,0.00019151340529788285,3.5363385109121737e-07,1,0.10000038146972656,ida,-3.717800821470089,0.01383883684772253
9.600000381469727,0.00019818698638118804,3.5830007050208224e-07,1,0.10000038146972656,ida,-3.7029248661392993,0.014077889983274767
9.699999809265137,0.000204822194064036,3.6292408367444295e-07,1,0.09999942779541016,ida,-3.688622985990611,0.014311610463677245
9.800000190734863,0.000211300837690942,3.676142910080671e-07,1,0.10000038146972656,ida,-3.67509878120688,0.014536190618278984
9.899999618530273,0.00021776612265966833,3.723720567450073e-07,1,0.09999942779541016,ida,-3.6620096814504035,0.014756900848744234
10.0,0.00022406686912290752,3.7695750165767095e-07,1,0.10000038146972656,ida,-3.6496223541780433,0.014968863321004288
10.100000381469727,0.0002303482178831473,3.816198841377627e-07,1,0.10000038146972656,ida,-3.6376151433700996,0.015177226949714738
10.199999809265137,0.00023642767337150872,3.860883168727014e-07,1,0.09999942779541016,ida,-3.626301691542261,0.015376204777886796
10.300000190734863,0.00024246855173259974,3.9059966638888e-07,1,0.10000038146972656,ida,-3.6153445815758234,0.015571401726646183
10.399999618530273,0.00024835369549691677,3.9522277006653894e-07,1,0.09999942779541016,ida,-3.604929373329406,0.015759241590156448
10.5,0.0002540696586947888,3.999576847490971e-07,1,0.10000038146972656,ida,-3.5950471958241126,0.015939562688317043
10.600000381469727,0.00025958684273064137,4.047845152399532e-07,1,0.10000038146972656,ida,-3.585717323714074,0.016111698939920687
10.699999809265137,0.0002651640970725566,4.095169572337909e-07,1,0.09999942779541016,ida,-3.576485279282442,0.016283860017592775
10.800000190734863,0.00027050956850871444,4.139734244290594e-07,1,0.10000038146972656,ida,-3.5678173683502457,0.016447175092055
10.899999618530273,0.00027579403831623495,4.1858373833747464e-07,1,0.09999942779541016,ida,-3.559415125956926,0.01660704785072395
11.0,0.0002809485304169357,4.233524180108361e-07,1,0.10000038146972656,ida,-3.5513732352668383,0.016761519334980813
11.100000381469727,0.0002860627428162843,4.282220515960944e-07,1,0.10000038146972656,ida,-3.543538701589857,0.016913389453810976
11.199999809265137,0.0002910614130087197,4.328666136643733e-07,1,0.09999942779541016,ida,-3.5360153666263807,0.017060522061435275
11.300000190734863,0.0002959858684334904,4.376261415472982e-07,1,0.10000038146972656,ida,-3.5287290234270827,0.01720423983887374
11.399999618530273,0.00030081503791734576,4.426398731993686e-07,1,0.09999942779541016,ida,-3.5217004569059323,0.017344020235151532
11.5,0.0003054812550544739,4.478185644529731e-07,1,0.10000038146972656,ida,-3.515015433788593,0.017478022057843785
11.600000381469727,0.00031009450322017074,4.5278102334123105e-07,1,0.10000038146972656,ida,-3.508505932060984,0.017609500368271972
11.699999809265137,0.0003146060917060822,4.575809100515471e-07,1,0.09999942779541016,ida,-3.5022328724033756,0.017737138768868056
11.800000190734863,0.0003189902927260846,4.624767200311908e-07,1,0.10000038146972656,ida,-3.49622253286646,0.017860299345925996
11.899999618530273,0.00032333008130081,4.6719537749595474e-07,1,0.09999942779541016,ida,-3.4903538885365593,0.01798138151813731
12.0,0.00032762583578005433,4.718984882856603e-07,1,0.10000038146972656,ida,-3.4846218581500277,0.0181004374472015
12.0,0.00033132219687104225,4.713200780770421e-07,1,0.0,volta,-3.479749467662599,0.018202258015725472
11.899999618530273,0.000334367185132578,4.6566549372073496e-07,1,-0.10000038146972656,volta,-3.4757763508955106,0.01828570986132554
11.800000190734863,0.0003372125211171806,4.601241414547985e-07,1,-0.09999942779541016,volta,-3.4720963078576736,0.018363347219861104
11.699999809265137,0.0003396968822926283,4.544171758880111e-07,1,-0.10000038146972656,volta,-3.4689084390272966,0.018430867648936887
11.600000381469727,0.0003420614521019161,4.4901508999828366e-07,1,-0.09999942779541016,volta,-3.465895864963418,0.01849490340882904
11.5,0.0003442807064857334,4.4349312133817875e-07,1,-0.10000038146972656,volta,-3.463087314505782,0.01855480278757318
11.399999618530273,0.00034636451164260507,4.3785308889709995e-07,1,-0.10000038146972656,volta,-3.4604666119991925,0.018610870792163517
11.300000190734863,0.00034834258258342743,4.3221876921961666e-07,1,-0.09999942779541016,volta,-3.4579934326602975,0.01866393802452814
11.199999809265137,0.00035016899346373975,4.2671382516346057e-07,1,-0.10000038146972656,volta,-3.455722312175391,0.018712802929110855
11.100000381469727,0.00035195559030398726,4.2117213183701097e-07,1,-0.09999942779541016,volta,-3.4535121322681137,0.01876047947958653
11.0,0.0003536044096108526,4.15740430526057e-07,1,-0.10000038146972656,volta,-3.4514823277717483,0.018804372087651653
10.899999618530273,0.00035516449133865535,4.101592594452086e-07,1,-0.10000038146972656,volta,-3.4495704606483573,0.018845808322771815
10.800000190734863,0.00035657049738802016,4.0464686890118173e-07,1,-0.09999942779541016,volta,-3.4478545931618862,0.01888307436272018
10.699999809265137,0.0003580306365620345,3.991905828115705e-07,1,-0.10000038146972656,volta,-3.4460798093322285,0.018921697507412873
10.600000381469727,0.0003593327128328383,3.936744406018988e-07,1,-0.09999942779541016,volta,-3.4445032438137675,0.018956073244024943
10.5,0.00036056790850125253,3.8823083059469354e-07,1,-0.10000038146972656,volta,-3.4430129292526233,0.018988625766528038
10.399999618530273,0.00036176919820718467,3.8300876781249826e-07,1,-0.10000038146972656,volta,-3.4415684126506423,0.019020231286900394
10.300000190734863,0.0003629789571277797,3.7758269400001154e-07,1,-0.09999942779541016,volta,-3.4401185514602624,0.019052006643075152
10.199999809265137,0.0003640333015937358,3.722277597262291e-07,1,-0.10000038146972656,volta,-3.4388588854804563,0.019079656747272362
10.100000381469727,0.0003650014696177095,3.668672263756889e-07,1,-0.09999942779541016,volta,-3.4377053869255065,0.019105011636157396
10.0,0.0003659115463960916,3.615804473611206e-07,1,-0.10000038146972656,volta,-3.4366238860668488,0.01912881455804545
9.899999618530273,0.0003668441204354167,3.561081314273906e-07,1,-0.10000038146972656,volta,-3.435518437153245,0.019153175205051946
9.800000190734863,0.000367757398635149,3.5072883974862634e-07,1,-0.09999942779541016,volta,-3.434438581267742,0.019177001815590178
9.699999809265137,0.00036844940041191876,3.455079138348083e-07,1,-0.10000038146972656,volta,-3.4336221458802507,0.01919503582731532
9.600000381469727,0.00036926454049535096,3.40192741532519e-07,1,-0.09999942779541016,volta,-3.432662394506023,0.019216257192683255
9.5,0.0003699650405906141,3.349413191244821e-07,1,-0.10000038146972656,volta,-3.431839312138137,0.019234475313629276
9.399999618530273,0.0003706428105942905,3.295042461104458e-07,1,-0.10000038146972656,volta,-3.431044419525808,0.019252085876452205
9.300000190734863,0.0003713230835273862,3.2427874430140946e-07,1,-0.09999942779541016,volta,-3.430248051751612,0.019269745289634377
9.199999809265137,0.00037195056211203337,3.1903226727081346e-07,1,-0.10000038146972656,volta,-3.4295147806255284,0.01928601986185935
9.100000381469727,0.00037252766196615994,3.137525368401839e-07,1,-0.09999942779541016,volta,-3.428841473269452,0.01930097567394353
9.0,0.0003730411408469081,3.0826868169242516e-07,1,-0.10000038146972656,volta,-3.4282432693776066,0.019314272982613352
8.899999618530273,0.0003735289501491934,3.0309695375763113e-07,1,-0.10000038146972656,volta,-3.4276757327968954,0.019326897064691824
8.800000190734863,0.0003740332613233477,2.979384134960128e-07,1,-0.09999942779541016,volta,-3.427089775962906,0.019339939537737643
8.699999809265137,0.00037448524381034076,2.9265376610965177e-07,1,-0.10000038146972656,volta,-3.4265652905359483,0.019351621219172846
8.600000381469727,0.0003748311137314886,2.875077314001828e-07,1,-0.09999942779541016,volta,-3.426164366660828,0.019360555615257756
8.5,0.00037524159415625036,2.824072282692214e-07,1,-0.10000038146972656,volta,-3.425689027672153,0.019371153660952937
8.399999618530273,0.0003755312063731253,2.773958840407431e-07,1,-0.10000038146972656,volta,-3.425353967601169,0.019378627566809917
8.300000190734863,0.00037584584788419306,2.72293618763797e-07,1,-0.09999942779541016,volta,-3.4249902432120694,0.019386744127990987
8.199999809265137,0.00037602477823384106,2.6708963218879944e-07,1,-0.10000038146972656,volta,-3.4247835362008767,0.01939135833906024
8.100000381469727,0.0003762491687666625,2.6192020641246927e-07,1,-0.09999942779541016,volta,-3.424524450867736,0.01939714331458791
8.0,0.0003764728899113834,2.567169588019169e-07,1,-0.10000038146972656,volta,-3.4242662922011253,0.01940290931565118
7.900000095367432,0.0003765540022868663,2.514733523639734e-07,1,-0.09999990463256836,volta,-3.4241727320438784,0.019404999414760784
7.800000190734863,0.0003767096495721489,2.463880264258478e-07,1,-0.09999990463256836,volta,-3.4239932550230066,0.019409009494875028
7.699999809265137,0.0003768568276427686,2.4127493247760867e-07,1,-0.10000038146972656,volta,-3.4238236120607124,0.01941280061306891
7.599999904632568,0.0003769440809264779,2.3606841637047182e-07,1,-0.09999990463256836,volta,-3.423723071932991,0.01941504779614199
7.5,0.0003769739414565265,2.3069205212777888e-07,1,-0.09999990463256836,volta,-3.423688669615899,0.01941581678571691
7.400000095367432,0.0003769635804928839,2.253324851153593e-07,1,-0.09999990463256836,volta,-3.4237006061735222,0.01941554996627404
7.300000190734863,0.0003769652685150504,2.2025004398074088e-07,1,-0.09999990463256836,volta,-3.423698661431089,0.019415593437107463
7.199999809265137,0.0003770397452171892,2.1495800694992795e-07,1,-0.10000038146972656,volta,-3.423612866720748,0.019417511303387702
7.099999904632568,0.00037689501186832786,2.0984587933980947e-07,1,-0.09999990463256836,volta,-3.423779610314777,0.01941378406875712
7.0,0.0003768127644434571,2.046665485977428e-07,1,-0.09999990463256836,volta,-3.4238743940069094,0.019411665679262488
6.900000095367432,0.00037668581353500485,1.9957798258474213e-07,1,-0.09999990463256836,volta,-3.4240207355691803,0.01940839543947425
6.800000190734863,0.0003765315341297537,1.9457355904251017e-07,1,-0.09999990463256836,volta,-3.4241986462227696,0.019404420479100987
6.699999809265137,0.0003763374697882682,1.8959246972372057e-07,1,-0.10000038146972656,volta,-3.4244225392880154,0.01939941931574933
6.599999904632568,0.0003761209372896701,1.8454208827733964e-07,1,-0.09999990463256836,volta,-3.4246724903045904,0.01939383761120192
6.5,0.00037586872349493206,1.7955092346255697e-07,1,-0.09999990463256836,volta,-3.424963810967982,0.01938733409973976
6.400000095367432,0.0003756462538149208,1.7450925327011646e-07,1,-0.09999990463256836,volta,-3.425220937865407,0.019381595749961372
6.300000190734863,0.00037541287019848824,1.6958050252924295e-07,1,-0.09999990463256836,volta,-3.4254908426353645,0.01937557406113399
6.199999809265137,0.0003750406904146075,1.6454006868116267e-07,1,-0.10000038146972656,volta,-3.4259216105020265,0.01936596732452597
6.099999904632568,0.0003747181035578251,1.5954250898175815e-07,1,-0.09999990463256836,volta,-3.426295324559417,0.01935763682782134
6.0,0.0003742461558431387,1.545915608858195e-07,1,-0.09999990463256836,volta,-3.4268426519192765,0.01934544276678977
5.900000095367432,0.00037390392390079796,1.4953000970763242e-07,1,-0.09999990463256836,volta,-3.4272399771578366,0.019336595457856535
5.800000190734863,0.00037352030631154776,1.4453944174874778e-07,1,-0.09999990463256836,volta,-3.427685782926682,0.01932667344142669
5.699999809265137,0.00037306390004232526,1.3957989608570642e-07,1,-0.10000038146972656,volta,-3.4282167739314064,0.01931486215437028
5.599999904632568,0.000372508104192093,1.3468527981785883e-07,1,-0.09999990463256836,volta,-3.42886427441201,0.019300469014821714
5.5,0.00037206223350949585,1.2981698205294379e-07,1,-0.09999990463256836,volta,-3.4293844111685674,0.01928891478309487
5.400000095367432,0.00037150533171370625,1.2497085322138446e-07,1,-0.09999990463256836,volta,-3.430034949017199,0.019274473578121565
5.300000190734863,0.00037099889595992863,1.2009172678517643e-07,1,-0.09999990463256836,volta,-3.430627382781785,0.019261331624784633
5.199999809265137,0.0003703793336171657,1.152450295194285e-07,1,-0.10000038146972656,volta,-3.431353254026881,0.019245241843561377
5.099999904632568,0.00036974524846300483,1.1045587910984977e-07,1,-0.09999990463256836,volta,-3.43209739834407,0.019228760970561906
5.0,0.000369024375686422,1.0571339004172842e-07,1,-0.09999990463256836,volta,-3.4329449458288406,0.019210007175595276
4.900000095367432,0.0003683305694721639,1.0092477253920151e-07,1,-0.09999990463256836,volta,-3.4337622355243016,0.01919194022167024
4.800000190734863,0.00036766822449862957,9.615518337113826e-08,1,-0.09999990463256836,volta,-3.4345439021442266,0.019174676646520786
4.699999809265137,0.00036680736229754984,9.142036816456311e-08,1,-0.10000038146972656,volta,-3.4355619560633257,0.01915221559761559
4.599999904632568,0.0003660496149677783,8.672443385648876e-08,1,-0.09999990463256836,volta,-3.4364600456264425,0.019132423133721935
4.5,0.00036518307751975954,8.204392543120775e-08,1,-0.09999990463256836,volta,-3.4374893557545763,0.019109763931554977
4.400000095367432,0.00036437020753510296,7.739853913335537e-08,1,-0.09999990463256836,volta,-3.438457140019716,0.019088483636347412
4.300000190734863,0.00036344651016406715,7.280030445144803e-08,1,-0.09999990463256836,volta,-3.4395594969093435,0.019064273134952382
4.199999809265137,0.0003626389370765537,6.821355214015057e-08,1,-0.10000038146972656,volta,-3.4405255668990264,0.019043081081499224
4.099999904632568,0.00036168633960187435,6.369206317913267e-08,1,-0.09999990463256836,volta,-3.44166789363694,0.019018052991877858
4.0,0.00036069631460122764,5.9204172231375196e-08,1,-0.09999990463256836,volta,-3.442858295043786,0.018992006597545918
3.9000000953674316,0.0003597054455894977,5.47283001139931e-08,1,-0.09999990463256836,volta,-3.444052987336986,0.018965902182324405
3.799999952316284,0.0003585988888517022,5.026815941278073e-08,1,-0.10000014305114746,volta,-3.4453910604691007,0.01893670744484643
3.700000047683716,0.00035751669201999903,4.586042479104435e-08,1,-0.09999990463256836,volta,-3.4467036767078088,0.01890811180472548
3.5999999046325684,0.0003563126374501735,4.149415744336693e-08,1,-0.10000014305114746,volta,-3.4481687741195275,0.018876245321837008
3.5,0.00035471597220748663,3.748931121094756e-08,1,-0.09999990463256836,volta,-3.450119255606431,0.01883390485819355
3.4000000953674316,0.0003534989955369383,3.3352250738971634e-08,1,-0.09999990463256836,volta,-3.451611815907774,0.018801568964768294
3.299999952316284,0.0003521495673339814,2.9291200576153642e-08,1,-0.10000014305114746,volta,-3.453272840864096,0.018765648598808977
3.200000047683716,0.00035082304384559393,2.536899756933053e-08,1,-0.09999990463256836,volta,-3.4549118876939846,0.01873027078943585
3.0999999046325684,0.00034929311368614435,2.1581982423413137e-08,1,-0.10000014305114746,volta,-3.4568099763938123,0.018689385053718175
3.0,0.00034772776416502893,1.7931760964984278e-08,1,-0.09999990463256836,volta,-3.4587606318871233,0.01864745999231608
2.9000000953674316,0.00034634003532119095,1.4428065853167027e-08,1,-0.09999990463256836,volta,-3.4604973030965107,0.018610213199240652
2.799999952316284,0.00034484759089536965,1.1049540837859695e-08,1,-0.10000014305114746,volta,-3.462372803644887,0.018570072452614977
2.700000047683716,0.00034321699058637023,7.937245527500636e-09,1,-0.09999990463256836,volta,-3.4644312210119708,0.018526116446421527
2.5999999046325684,0.0003414552193135023,4.903945249878916e-09,1,-0.10000014305114746,volta,-3.466666244486858,0.01847850695574462
2.5,0.0003395656531210989,1.8452895877985043e-09,1,-0.09999990463256836,volta,-3.469076244854345,0.01842730726723519
2.4000000953674316,0.0003376644745003432,1.099911717261648e-09,1,-0.09999990463256836,volta,-3.4715146288524563,0.018375648954536087
2.299999952316284,0.00033572930260561407,4.108494433552323e-09,1,-0.10000014305114746,volta,-3.474010751678578,0.018322917415237512
2.200000047683716,0.00033391767647117376,7.22669124542108e-09,1,-0.09999990463256836,volta,-3.476360590257714,0.01827341447215527
2.0999999046325684,0.0003318865492474288,1.0640841985321003e-08,1,-0.10000014305114746,volta,-3.479010348392818,0.018217753682807022
2.0,0.00033004648867063224,1.413480621437202e-08,1,-0.09999990463256836,volta,-3.4814248833004595,0.018167181638070122
1.899999976158142,0.0003280553501099348,1.77336723083954e-08,1,-0.10000002384185791,volta,-3.4840528751318747,0.018112298311090583
1.7999999523162842,0.0003261776000726968,2.1456560972410443e-08,1,-0.10000002384185791,volta,-3.486545867019996,0.01806038759475269
1.7000000476837158,0.00032396160531789064,2.5280186832787876e-08,1,-0.09999990463256836,volta,-3.489506457653388,0.01799893344945446
1.600000023841858,0.0003217956982553005,2.9232456455474676e-08,1,-0.10000002384185791,volta,-3.492419765819564,0.01793866489612035
1.5,0.0003195855242665857,3.3287232525935906e-08,1,-0.10000002384185791,volta,-3.495412900426635,0.017876955117317538
1.399999976158142,0.00031713308999314904,3.7403825814408265e-08,1,-0.10000002384185791,volta,-3.4987584408752364,0.017808230961921766
1.2999999523162842,0.0003146050439681858,4.1602334022172727e-08,1,-0.10000002384185791,volta,-3.5022343187439158,0.017737109233699436
1.2000000476837158,0.000311977113597095,4.5863139064294955e-08,1,-0.09999990463256836,volta,-3.5058772643246923,0.01766287387706471
1.100000023841858,0.00030850182520225644,5.006155490150377e-08,1,-0.10000002384185791,volta,-3.5107422621885243,0.017564220028292075
1.0,0.00030587034416384995,5.442912254238763e-08,1,-0.10000002384185791,volta,-3.5144626282468976,0.017489149326478118
0.8999999761581421,0.00030306520056910813,5.8814013215169325e-08,1,-0.10000002384185791,volta,-3.5184639285893633,0.01740876792220254
0.800000011920929,0.00030014346702955663,6.31772891779292e-08,1,-0.09999996423721313,volta,-3.5226711051280026,0.01732464911706891
0.699999988079071,0.00029713919502682984,6.755402637281804e-08,1,-0.10000002384185791,volta,-3.5270400575159586,0.01723772592388073
0.6000000238418579,0.00029394557350315154,7.197066764774718e-08,1,-0.09999996423721313,volta,-3.5317330754226117,0.01714484101714424
0.5,0.00029060817905701697,7.632851151129216e-08,1,-0.10000002384185791,volta,-3.536692166812455,0.017047233765541462
0.4000000059604645,0.00028710486367344856,8.058360378981888e-08,1,-0.09999999403953552,volta,-3.541959450315584,0.016944169016905153
0.30000001192092896,0.000283383356872946,8.491085168316204e-08,1,-0.09999999403953552,volta,-3.54762565948901,0.016833994085568228
0.20000000298023224,0.0002795934851747006,8.922397398691828e-08,1,-0.10000000894069672,volta,-3.5534729523313677,0.016721049164890957
0.10000000149011612,0.0002755620516836643,9.349449925366571e-08,1,-0.10000000149011612,volta,-3.5597805903897077,0.016600061797585705
0.0,0.0002714085567276925,9.774257847539047e-08,1,-0.10000000149011612,volta,-3.566376464410107,0.01647448198662685
-0.10000000149011612,0.00026676300331018865,1.0201071631854575e-07,1,-0.10000000149011612,volta,-3.5738744017883217,0.01633288104745114
-0.20000000298023224,0.00026236617122776806,1.0626794022527974e-07,1,-0.10000000149011612,volta,-3.5810921624222143,0.016197721173911103
-0.30000001192092896,0.00025765300961211324,1.1032374658270783e-07,1,-0.10000000894069672,volta,-3.58896478023454,0.016051573431041372
-0.4000000059604645,0.00025243317941203713,1.1453619919166158e-07,1,-0.09999999403953552,volta,-3.5978535627063133,0.015888145877100864
-0.5,0.00024736413615755737,1.1861850168770616e-07,1,-0.09999999403953552,volta,-3.6066632658949134,0.015727814093431974
-0.6000000238418579,0.00024183660570997745,1.2272580818262213e-07,1,-0.10000002384185791,volta,-3.616477961313913,0.015551096607955898
-0.699999988079071,0.00023611231881659478,1.268159195433327e-07,1,-0.09999996423721313,volta,-3.6268813536476423,0.015365946726986749
-0.800000011920929,0.00023016042541712523,1.3087785077914305e-07,1,-0.10000002384185791,volta,-3.6379693483885887,0.015171039035515175
-0.8999999761581421,0.00022398972942028195,1.3487162675573927e-07,1,-0.09999996423721313,volta,-3.6497718948727944,0.014966286427176314
-1.0,0.00021760996605735272,1.3892389461034327e-07,1,-0.10000002384185791,volta,-3.662321218787268,0.014751608931142145
-1.100000023841858,0.00021092806127853692,1.4295567041244794e-07,1,-0.10000002384185791,volta,-3.6758656390953406,0.014523362602322402
-1.2000000476837158,0.0002040415129158646,1.4685710425510479e-07,1,-0.10000002384185791,volta,-3.6902814649459104,0.014284310025894306
-1.2999999523162842,0.00019690663611982018,1.5073381121055718e-07,1,-0.09999990463256836,volta,-3.705739647083549,0.014032342502940134
-1.399999976158142,0.0001893986773211509,1.545969894323207e-07,1,-0.10000002384185791,volta,-3.722623058247905,0.013762219200446959
-1.5,0.0001820827164920047,1.5845971290673333e-07,1,-0.10000002384185791,volta,-3.739731275997417,0.013493802892142923
-1.600000023841858,0.00017431750893592834,1.6229579102855496e-07,1,-0.10000002384185791,volta,-3.7586589889522,0.01320293561810889
-1.7000000476837158,0.0001664985466049984,1.66084944908107e-07,1,-0.10000002384185791,volta,-3.7785895531737825,0.012903431582528673
-1.7999999523162842,0.00015861818974372,1.6970622596090834e-07,1,-0.09999990463256836,volta,-3.799647010887563,0.012594371351668172
-1.899999976158142,0.00015037984121590853,1.7328818557871273e-07,1,-0.10000002384185791,volta,-3.8228103780759657,0.012262945862063834
-2.0,0.00014242713223211467,1.7689464471004612e-07,1,-0.10000002384185791,volta,-3.846407270135562,0.011934283901102516
-2.0999999046325684,0.00013433280400931835,1.80468546773227e-07,1,-0.09999990463256836,volta,-3.871817919866035,0.011590202932188822
-2.200000047683716,0.00012618837354239076,1.8398644385797525e-07,1,-0.10000014305114746,volta,-3.8989806572867134,0.011233359851014778
-2.299999952316284,0.00011813871242338791,1.875838080422909e-07,1,-0.09999990463256836,volta,-3.9276077667647193,0.010869163372743457
-2.4000000953674316,0.0001100278677768074,1.9113946336801746e-07,1,-0.10000014305114746,volta,-3.9584973031248287,0.010489416941699256
-2.5,0.00010216484952252358,1.9464646072719916e-07,1,-0.09999990463256836,volta,-3.990698500328776,0.010107662911005866
-2.5999999046325684,9.446162584936246e-05,1.980582595706437e-07,1,-0.09999990463256836,volta,-4.02474458372936,0.009719137093866022
-2.700000047683716,8.697744488017634e-05,2.012889126490336e-07,1,-0.10000014305114746,volta,-4.060593354669524,0.0093261698933794
-2.799999952316284,7.975086191436276e-05,2.045162403874201e-07,1,-0.09999990463256836,volta,-4.098264614570106,0.008930333807555167
-2.9000000953674316,7.28733793948777e-05,2.077351268781058e-07,1,-0.10000014305114746,volta,-4.1374310902458,0.008536590618910907
-3.0,6.634354940615594e-05,2.1092405688705185e-07,1,-0.09999990463256836,volta,-4.178201297268274,0.008145154965140684
-3.0999999046325684,6.0159320128150284e-05,2.139152854852e-07,1,-0.09999990463256836,volta,-4.220697080432723,0.007756243944600394
-3.200000047683716,5.437047002487816e-05,2.168516886058569e-07,1,-0.10000014305114746,volta,-4.26463691256885,0.007373633434398415
-3.299999952316284,4.8941175919026136e-05,2.1966934582451358e-07,1,-0.09999990463256836,volta,-4.310325599982005,0.0069957970181406875
-3.4000000953674316,4.392812479636632e-05,2.225208817208113e-07,1,-0.10000014305114746,volta,-4.357257335500276,0.006627829569049458
-3.5,3.8371264963643625e-05,2.2482088013475732e-07,1,-0.09999990463256836,volta,-4.415993883426786,0.00619445437174604
-3.5999999046325684,3.407587792025879e-05,2.274353221309866e-07,1,-0.09999990463256836,volta,-4.467552946321979,0.005837454746741836
-3.700000047683716,3.0085549951763824e-05,2.2996037785105727e-07,1,-0.10000014305114746,volta,-4.521642045371149,0.005485029621776333
-3.799999952316284,2.6442847229191102e-05,2.3235820378886274e-07,1,-0.09999990463256836,volta,-4.577691784082308,0.005142260906370962
-3.9000000953674316,2.307977592863608e-05,2.3467978849112114e-07,1,-0.10000014305114746,volta,-4.636768411869395,0.0048041415391967875
-4.0,2.0009669242426753e-05,2.3687529449034628e-07,1,-0.09999990463256836,volta,-4.698760090143205,0.004473216878536827
-4.099999904632568,1.7257139916182496e-05,2.388219400017988e-07,1,-0.09999990463256836,volta,-4.763031179741567,0.004154171387434863
-4.199999809265137,1.478041576774558e-05,2.4065764137048973e-07,1,-0.09999990463256836,volta,-4.830313349222789,0.00384453063035601
-4.300000190734863,1.2598844477906823e-05,2.423130354145542e-07,1,-0.10000038146972656,volta,-4.8996692850317585,0.003549485100392284
-4.400000095367432,1.0705123713705689e-05,2.4403556153629324e-07,1,-0.09999990463256836,volta,-4.970408309418654,0.0032718685355169284
-4.5,9.04390799405519e-06,2.456244203585811e-07,1,-0.09999990463256836,volta,-5.043643864490917,0.003007309095197098
-4.599999904632568,7.616276434418978e-06,2.470424078637734e-07,1,-0.09999990463256836,volta,-5.11825730152431,0.0027597602132103756
-4.699999809265137,6.370600203808863e-06,2.486813741597871e-07,1,-0.09999990463256836,volta,-5.195819648838499,0.0025240047947277877
-4.800000190734863,5.302095814840868e-06,2.502741267562669e-07,1,-0.10000038146972656,volta,-5.275552428341762,0.0023026280235506707
-4.900000095367432,4.396395070216386e-06,2.519275881240901e-07,1,-0.09999990463256836,volta,-5.356903287789592,0.002096758228841939
-5.0,3.513714773362153e-06,2.5280868953814206e-07,1,-0.09999990463256836,volta,-5.454233495368458,0.001874490537015899
-5.099999904632568,2.8981635296077e-06,2.544567792028829e-07,1,-0.09999990463256836,volta,-5.537877112997848,0.0017023993449269475
-5.199999809265137,2.387786480539944e-06,2.5620499854994705e-07,1,-0.09999990463256836,volta,-5.622004511072484,0.0015452464141812283
-5.300000190734863,1.96585256162507e-06,2.581599858331174e-07,1,-0.10000038146972656,volta,-5.70644905724334,0.0014020886425704581
-5.400000095367432,1.6157287063833792e-06,2.603995028493955e-07,1,-0.09999990463256836,volta,-5.791631558915198,0.001271113176071816
-5.5,1.3230616104920045e-06,2.629440416512807e-07,1,-0.09999990463256836,volta,-5.87841993172051,0.0011502441525571884
-5.599999904632568,1.0850193348233006e-06,2.6566220867607626e-07,1,-0.09999990463256836,volta,-5.964562522707386,0.0010416426137708175
-5.699999809265137,8.909389066502627e-07,2.6862056756726815e-07,1,-0.09999990463256836,volta,-6.050152075328269,0.000943895601563151
-5.800000190734863,7.328609967771627e-07,2.7186069928575307e-07,1,-0.10000038146972656,volta,-6.134978391057882,0.00085607300902269
-5.900000095367432,6.063154955882055e-07,2.751718000126857e-07,1,-0.09999990463256836,volta,-6.217301332371242,0.0007786626327159957
-6.0,5.003838623451884e-07,2.786781578834052e-07,1,-0.09999990463256836,volta,-6.300696704988706,0.0007073781607776624
-6.099999904632568,4.1787910731727607e-07,2.8223220738254895e-07,1,-0.09999990463256836,volta,-6.3789493417150505,0.0006464356946497277
-6.199999809265137,3.424942462970648e-07,2.8533312956824375e-07,1,-0.09999990463256836,volta,-6.465346720003452,0.0005852300797951732
-6.300000190734863,2.9896554565311817e-07,2.8914627137055504e-07,1,-0.10000038146972656,volta,-6.524378859150224,0.0005467774187483588
-6.400000095367432,2.6650980089470977e-07,2.92794965162102e-07,1,-0.09999990463256836,volta,-6.574286815169404,0.0005162458725207494
-6.5,2.4203274051615153e-07,2.9659844358320697e-07,1,-0.09999990463256836,volta,-6.616125881690105,0.0004919682312061943
-6.599999904632568,2.2459032322785788e-07,3.0063677058933536e-07,1,-0.09999990463256836,volta,-6.648608959825582,0.00047390961504052427
-6.699999809265137,2.1263463167997543e-07,3.0465099598586676e-07,1,-0.09999990463256836,volta,-6.6723660007598555,0.00046112322830234374
-6.800000190734863,2.052559437970558e-07,3.084748243509239e-07,1,-0.10000038146972656,volta,-6.687704257736478,0.0004530518113826009
-6.900000095367432,2.0021217039811745e-07,3.122659393284266e-07,1,-0.09999990463256836,volta,-6.698509526376708,0.00044745074633764713
-7.0,1.9750818580632767e-07,3.1636463404538517e-07,1,-0.09999990463256836,volta,-6.704414900154752,0.0004444189305220106
-7.099999904632568,1.963592382026036e-07,3.204449967597611e-07,1,-0.09999990463256836,volta,-6.706948661462407,0.000443124404882651
-7.199999809265137,1.961289228802343e-07,3.2449895570607623e-07,1,-0.09999990463256836,volta,-6.707458356760262,0.00044286445203948615
-7.300000190734863,1.96500678839584e-07,3.284887668542069e-07,1,-0.10000038146972656,volta,-6.706635944953816,0.0004432839708805
-7.400000095367432,1.9728571487576119e-07,3.3251069453399396e-07,1,-0.09999990463256836,volta,-6.704904360136727,0.0004441685658348204
-7.5,1.9843116660922533e-07,3.365605039107322e-07,1,-0.09999990463256836,volta,-6.702390114322091,0.0004454561332041858
-7.599999904632568,1.9973400355866033e-07,3.4060457210216555e-07,1,-0.09999990463256836,volta,-6.6995479927118,0.0004469161034899731
-7.699999809265137,2.0122280375289847e-07,3.446786536187574e-07,1,-0.09999990463256836,volta,-6.696322804019364,0.0004485786483470858
-7.800000190734863,2.0279566115277703e-07,3.4870012655119353e-07,1,-0.10000038146972656,volta,-6.692941341042668,0.0004503283925678871
-7.900000095367432,2.044835980541393e-07,3.527879073317308e-07,1,-0.09999990463256836,volta,-6.689341521692124,0.00045219862677162045
-8.0,2.0609599005183554e-07,3.56617221086708e-07,1,-0.09999990463256836,volta,-6.685930458076694,0.0004539779620772748
-8.100000381469727,2.0804110079097882e-07,3.6094212418902316e-07,1,-0.10000038146972656,volta,-6.681850856944009,0.00045611522753683507
-8.199999809265137,2.099665010746321e-07,3.652099849205115e-07,1,-0.09999942779541016,volta,-6.6778499888800384,0.000458221017713758
-8.300000190734863,2.1166356134472153e-07,3.6903796285514545e-07,1,-0.10000038146972656,volta,-6.674353900927269,0.00046006908323068343
-8.399999618530273,2.1347591427911539e-07,3.729955722064915e-07,1,-0.09999942779541016,volta,-6.6706511177619054,0.0004620345379721254
-8.5,2.1544191497469e-07,3.771990861878294e-07,1,-0.10000038146972656,volta,-6.666669799314126,0.00046415720933180605
-8.600000381469727,2.174751045913581e-07,3.814751892150525e-07,1,-0.10000038146972656,volta,-6.662590451617028,0.00046634226121096737
-8.699999809265137,2.195353943079681e-07,3.8576334304707416e-07,1,-0.09999942779541016,volta,-6.658495451214819,0.00046854604289009645
-8.800000190734863,2.2157605883421638e-07,3.9016231312416494e-07,1,-0.10000038146972656,volta,-6.654477166677781,0.0004707186620840695
-8.899999618530273,2.237491116829915e-07,3.9448033817279793e-07,1,-0.09999942779541016,volta,-6.650238680221841,0.00047302125922942564
-9.0,2.2575714808681369e-07,3.986176579928724e-07,1,-0.10000038146972656,volta,-6.646358489849396,0.0004751390828871202
-9.0,2.4040562607297034e-07,4.1648200976851513e-07,2,,volta,-6.619055373009335,0.0004903117641592646
-8.899999618530273,2.3515924851835734e-07,4.079053894656681e-07,2,0.10000038146972656,ida,-6.6286379363246475,0.00048493221022979834
-8.800000190734863,2.3055865483456728e-07,4.0034933590504806e-07,2,0.09999942779541016,ida,-6.637218570359149,0.0004801652370117679
-8.699999809265137,2.2591137849303777e-07,3.917075730441866e-07,2,0.10000038146972656,ida,-6.646061894390441,0.0004753013554504529
-8.600000381469727,2.2196940108187846e-07,3.8504475696754525e-07,2,0.09999942779541016,ida,-6.653706889771,0.00047113628716315034
-8.5,2.181823788305337e-07,3.7858060863982246e-07,2,0.10000038146972656,ida,-6.661180327467604,0.00046709996663512373
-8.399999618530273,2.1468596855811484e-07,3.7252411289045995e-07,2,0.10000038146972656,ida,-6.66819633924758,0.0004633421722206115
-8.300000190734863,2.1120345650160743e-07,3.664566463612573e-07,2,0.09999942779541016,ida,-6.6752989785279455,0.000459568772330766
-8.199999809265137,2.0793252986095467e-07,3.6067950759388623e-07,2,0.10000038146972656,ida,-6.682077562453208,0.00045599619500710163
-8.100000381469727,2.0480766238506476e-07,3.551075167251838e-07,2,0.09999942779541016,ida,-6.688653799310946,0.00045255680569964335
-8.0,2.017651041796853e-07,3.495648570606136e-07,2,0.10000038146972656,ida,-6.6951539440093315,0.0004491827069018634
-7.900000095367432,1.9869220579948887e-07,3.4406949112053553e-07,2,0.09999990463256836,ida,-6.701819168847226,0.00044574903903372455
-7.800000190734863,1.9575655585413188e-07,3.3869844173750607e-07,2,0.09999990463256836,ida,-6.708283684577312,0.00044244384485958425
-7.699999809265137,1.927330544049255e-07,3.332654046062089e-07,2,0.10000038146972656,ida,-6.715043795907106,0.00043901372917589434
-7.599999904632568,1.8990019157172355e-07,3.2806292438181117e-07,2,0.09999990463256836,ida,-6.72147459714555,0.000435775391195652
-7.5,1.8698582948672993e-07,3.226991509563959e-07,2,0.09999990463256836,ida,-6.7281913047410775,0.0004324185813384179
-7.400000095367432,1.8414075952932762e-07,3.1745264550409047e-07,2,0.09999990463256836,ida,-6.734850069837105,0.00042911625409593565
-7.300000190734863,1.8136987023353868e-07,3.1231783736984653e-07,2,0.09999990463256836,ida,-6.741434857728695,0.0004258754163291639
-7.199999809265137,1.7858309320217813e-07,3.0713860610376287e-07,2,0.10000038146972656,ida,-6.748159658978017,0.00042259092891610694
-7.099999904632568,1.7562615539645776e-07,3.0167157660798694e-07,2,0.09999990463256836,ida,-6.755410805636792,0.0004190777438572201
-7.0,1.72906752027302e-07,2.965979888358561e-07,2,0.09999990463256836,ida,-6.762188047148613,0.000415820576724267
-6.900000095367432,1.7018325593198824e-07,2.915196830599598e-07,2,0.09999990463256836,ida,-6.769083171713615,0.0004125327331642766
-6.800000190734863,1.674662115647152e-07,2.8642060101446987e-07,2,0.09999990463256836,ida,-6.776072804216646,0.0004092263573680405
-6.699999809265137,1.6478135478337208e-07,2.8138546781519835e-07,2,0.10000038146972656,ida,-6.783091930823369,0.0004059326973568058
-6.599999904632568,1.621985177280294e-07,2.765260376236256e-07,2,0.09999990463256836,ida,-6.789953118962588,0.00040273877107627643
-6.5,1.5966685396051616e-07,2.717531515372684e-07,2,0.09999990463256836,ida,-6.79678523186478,0.0003995833504545906
-6.400000095367432,1.5711293599451892e-07,2.669378602604411e-07,2,0.09999990463256836,ida,-6.8037880555727,0.0003963747418725352
-6.300000190734863,1.5451975343694357e-07,2.620386965190846e-07,2,0.09999990463256836,ida,-6.811015993518806,0.00039309000678844987
-6.199999809265137,1.5200734537756944e-07,2.5705014650156954e-07,2,0.10000038146972656,ida,-6.818135425345564,0.00038988119392652096
-6.099999904632568,1.4929645431038807e-07,2.522023123674444e-07,2,0.09999990463256836,ida,-6.8259505063521235,0.0003863889935161043
-6.0,1.4658307634363155e-07,2.4709555646040826e-07,2,0.09999990463256836,ida,-6.833916167995329,0.0003828616934920906
-5.900000095367432,1.4396825065432495e-07,2.4216100769081095e-07,2,0.09999990463256836,ida,-6.8417332723902815,0.0003794314834780121
-5.800000190734863,1.4144914928237995e-07,2.3738371623949206e-07,2,0.09999990463256836,ida,-6.849399660176443,0.00037609726040265163
-5.699999809265137,1.3895247263917554e-07,2.326458883317173e-07,2,0.10000038146972656,ida,-6.857133720610286,0.00037276329304154336
-5.599999904632568,1.3642302576499787e-07,2.2784256259456015e-07,2,0.09999990463256836,ida,-6.865112322357507,0.00036935487781400406
-5.5,1.3384602937094314e-07,2.2296430302048975e-07,2,0.09999990463256836,ida,-6.873394507912737,0.00036584973605422095
-5.400000095367432,1.3124969200362102e-07,2.1806967254178744e-07,2,0.09999990463256836,ida,-6.881901707055604,0.0003622839935790995
-5.300000190734863,1.2870665955233562e-07,2.1324274257494835e-07,2,0.09999990463256836,ida,-6.890398981207458,0.00035875710383536047
-5.199999809265137,1.262401525536916e-07,2.0853882176652405e-07,2,0.10000038146972656,ida,-6.898802489315371,0.00035530290254048245
-5.099999904632568,1.2365774182399036e-07,2.0365540365219204e-07,2,0.09999990463256836,ida,-6.907778688633964,0.0003516500274761689
-5.0,1.2109795477499574e-07,1.98813950191834e-07,2,0.09999990463256836,ida,-6.9168631916004175,0.0003479913142234957
-4.900000095367432,1.1858748649729023e-07,1.9404809847856086e-07,2,0.09999990463256836,ida,-6.925961135861268,0.0003443653386990192
-4.800000190734863,1.1609371597387508e-07,1.893222361104563e-07,2,0.09999990463256836,ida,-6.935191287511477,0.0003407252793290734
-4.699999809265137,1.1364775787114922e-07,1.8466218421053782e-07,2,0.10000038146972656,ida,-6.944439127944228,0.0003371168311893508
-4.599999904632568,1.1120825860189143e-07,1.799994606699329e-07,2,0.09999990463256836,ida,-6.953862959767909,0.0003334790227314027
-4.5,1.0877523237695641e-07,1.753655567426904e-07,2,0.09999990463256836,ida,-6.963469980249246,0.0003298109039691629
-4.400000095367432,1.0636419744969317e-07,1.7075996083804057e-07,2,0.09999990463256836,ida,-6.973204532441729,0.0003261352441084728
-4.300000190734863,1.0392919591595273e-07,1.661235700112229e-07,2,0.09999990463256836,ida,-6.983262432769697,0.00032238051416913016
-4.199999809265137,1.0144579931647968e-07,1.6149374459928367e-07,2,0.10000038146972656,ida,-6.99376593159213,0.00031850557187666225
-4.099999904632568,9.89971127296485e-08,1.5688839027916401e-07,2,0.09999990463256836,ida,-7.004377471502114,0.0003146380662438169
-4.0,9.653881960502986e-08,1.520631229823266e-07,2,0.09999990463256836,ida,-7.015298015670176,0.00031070696742273074
-3.9000000953674316,9.409419732264723e-08,1.474059274642059e-07,2,0.09999990463256836,ida,-7.026437158171658,0.00030674777476396995
-3.799999952316284,9.169304604483841e-08,1.4281918936376314e-07,2,0.10000014305114746,ida,-7.037663599759328,0.00030280859638530475
-3.700000047683716,8.92805473995395e-08,1.3820853439483471e-07,2,0.09999990463256836,ida,-7.049243155639129,0.0002987985063542646
-3.5999999046325684,8.685732666435797e-08,1.3357941952563124e-07,2,0.10000014305114746,ida,-7.061193541687865,0.00029471567088357886
-3.5,8.43809715433963e-08,1.2887502975900134e-07,2,0.09999990463256836,ida,-7.073755478557042,0.0002904840297561921
-3.4000000953674316,8.19551644326566e-08,1.2425496720425144e-07,2,0.09999990463256836,ida,-7.086423674016174,0.0002862781242649473
-3.299999952316284,7.958313830158659e-08,1.1971710023317428e-07,2,0.10000014305114746,ida,-7.099178938773599,0.00028210483565792804
-3.200000047683716,7.718640659959419e-08,1.1514814701740761e-07,2,0.09999990463256836,ida,-7.112459177107218,0.00027782441685279244
-3.0999999046325684,7.480768715595332e-08,1.1060263460649367e-07,2,0.10000014305114746,ida,-7.126053772217404,0.00027350993977541896
-3.0,7.246639199820493e-08,1.0611535117277526e-07,2,0.09999990463256836,ida,-7.139863361067225,0.0002691958246299614
-2.9000000953674316,7.012155833763245e-08,1.0161296870592196e-07,2,0.09999990463256836,ida,-7.1541484409822,0.00026480475512655064
-2.799999952316284,6.777850813932673e-08,9.7114785546637e-08,2,0.10000014305114746,ida,-7.168907994571946,0.0002603430585579856
-2.700000047683716,6.545661790369195e-08,9.2651532668242e-08,2,0.09999990463256836,ida,-7.184046438131433,0.00025584490986473024
-2.5999999046325684,6.313028677595867e-08,8.819544206062346e-08,2,0.10000014305114746,ida,-7.199762237839865,0.0002512574113851344
-2.5,6.083361370201601e-08,8.377300986239788e-08,2,0.09999990463256836,ida,-7.215856384355259,0.00024664471148195334
-2.4000000953674316,5.854710138919472e-08,7.936230161931235e-08,2,0.09999990463256836,ida,-7.232494601562406,0.0002419650829958627
-2.299999952316284,5.62865878350749e-08,7.498889686985422e-08,2,0.10000014305114746,ida,-7.249595078028628,0.0002372479459027515
-2.200000047683716,5.403192204767038e-08,7.061953510856256e-08,2,0.09999990463256836,ida,-7.267349583268684,0.00023244767593518843
-2.0999999046325684,5.182101858736132e-08,6.626090254258088e-08,2,0.10000014305114746,ida,-7.2854940548291065,0.00022764230403719192
-2.0,4.956721610938075e-08,6.197117130568586e-08,2,0.09999990463256836,ida,-7.304805472103229,0.00022263696033987876
-1.899999976158142,4.737775327612326e-08,5.7692485455618225e-08,2,0.10000002384185791,ida,-7.324425538018429,0.00021766431328107798
-1.7999999523162842,4.519824514659376e-08,5.3442640535195096e-08,2,0.10000002384185791,ida,-7.344878426647593,0.0002125987891465842
-1.7000000476837158,4.300264677681298e-08,4.914990725524149e-08,2,0.09999990463256836,ida,-7.3665048131369435,0.00020737079538067307
-1.600000023841858,4.0813304735820566e-08,4.4919705288748446e-08,2,0.10000002384185791,ida,-7.389198238100467,0.00020202303021146022
-1.5,3.8656647660673116e-08,4.082694715634716e-08,2,0.10000002384185791,ida,-7.412775811083407,0.00019661293869090385
-1.399999976158142,3.6671359282536287e-08,3.677264004409153e-08,2,0.10000002384185791,ida,-7.435672991922027,0.00019149767435281372
-1.2999999523162842,3.45775355015121e-08,3.264557335569407e-08,2,0.10000002384185791,ida,-7.461205964105366,0.00018595035762673893
-1.2000000476837158,3.2541382921635886e-08,2.8596858214768872e-08,2,0.09999990463256836,ida,-7.487563994654435,0.00018039230283367383
-1.100000023841858,3.053503405681113e-08,2.4597607506393615e-08,2,0.10000002384185791,ida,-7.51520159128374,0.00017474276539190722
-1.0,2.857387926269439e-08,2.0674345790894222e-08,2,0.10000002384185791,ida,-7.544030794688507,0.00016903810003278665
-0.8999999761581421,2.6676644893086632e-08,1.6833757499057356e-08,2,0.10000002384185791,ida,-7.573868792298383,0.00016332986528215418
-0.800000011920929,2.4843380685979355e-08,1.3091837836043396e-08,2,0.09999996423721313,ida,-7.60478930570302,0.00015761783111684844
-0.699999988079071,2.306434154775161e-08,9.433190228946842e-09,2,0.10000002384185791,ida,-7.637058939332754,0.0001518694885345691
-0.6000000238418579,2.1367906555269656e-08,6.043145539535999e-09,2,0.09999996423721313,ida,-7.670238024210733,0.00014617765409004777
-0.5,1.980611585850056e-08,2.724470204995555e-09,2,0.10000002384185791,ida,-7.703200684815465,0.0001407342028737171
-0.4000000059604645,1.8309364691049268e-08,4.926056229592746e-10,2,0.09999999403953552,ida,-7.737326724838577,0.00013531210105178793
-0.30000001192092896,1.6905795874322394e-08,3.6257601365718983e-09,2,0.09999999403953552,ida,-7.771964379131253,0.0001300222899133929
-0.20000000298023224,1.5596079094848392e-08,6.640177296901584e-09,2,0.10000000894069672,ida,-7.806984570972568,0.00012488426279899477
-0.10000000149011612,1.4377722123981584e-08,9.770196207625759e-09,2,0.10000000149011612,ida,-7.842309914185857,0.00011990713958718882
0.0,1.3149875854878701e-08,1.2741001143012909e-08,2,0.10000000149011612,ida,-7.881078347234728,0.0001146729081120676
0.10000000149011612,1.2026087681249464e-08,1.558171724980184e-08,2,0.10000000149011612,ida,-7.919875634072426,0.00010966352028477594
0.20000000298023224,1.0988123300137431e-08,1.8369563647979703e-08,2,0.10000000149011612,ida,-7.959076475910662,0.00010482424958060721
0.30000001192092896,9.980942294873785e-09,2.1185664778045066e-08,2,0.10000000894069672,ida,-8.00082845529122,9.990466603154121e-05
0.4000000059604645,8.994447853183374e-09,2.4089858996489966e-08,2,0.09999999403953552,ida,-8.046025491759863,9.483906290755605e-05
0.5,8.023611108853856e-09,2.7103936872663326e-08,2,0.09999999403953552,ida,-8.095630129012035,8.957461196596867e-05
0.6000000238418579,7.099885568351283e-09,3.022628192184129e-08,2,0.10000002384185791,ida,-8.148748650919527,8.42608187021185e-05
0.699999988079071,6.249815331926811e-09,3.343341603567751e-08,2,0.09999996423721313,ida,-8.204132814897529,7.90557735521373e-05
0.800000011920929,5.529734892206761e-09,3.669397941052921e-08,2,0.10000002384185791,ida,-8.257295689239891,7.436218724732861e-05
0.8999999761581421,4.957627641744011e-09,3.997882558337551e-08,2,0.09999996423721313,ida,-8.304726095399722,7.041042282037519e-05
1.0,4.63265870109808e-09,4.325994495957275e-08,2,0.10000002384185791,ida,-8.334169694117946,6.806363714273636e-05
1.100000023841858,4.57247528728999e-09,4.650527785088343e-08,2,0.10000002384185791,ida,-8.33984863306261,6.762008050342731e-05
1.2000000476837158,4.831466782206917e-09,4.967792932575321e-08,2,0.10000002384185791,ida,-8.315921002020069,6.950875327760467e-05
1.2999999523162842,6.297752541684076e-09,5.22905452271516e-08,2,0.09999990463256836,ida,-8.200814408147314,7.935838041243077e-05
1.399999976158142,7.3950068291139814e-09,5.533826907822004e-08,2,0.10000002384185791,ida,-8.131061420606217,8.599422555680109e-05
1.5,9.024737401830407e-09,5.820979254167469e-08,2,0.10000002384185791,ida,-8.044565426164157,9.49986178943168e-05
1.600000023841858,1.1331763083433088e-08,6.09435844012296e-08,2,0.10000002384185791,ida,-7.9457025139815745,0.00010645075426427513
1.7000000476837158,1.4363708444875556e-08,6.349848291620219e-08,2,0.10000002384185791,ida,-7.84273341878314,0.00011984868979206888
1.7999999523162842,1.817491757094558e-08,6.593416657096896e-08,2,0.09999990463256836,ida,-7.740527550128603,0.00013481438191434021
1.899999976158142,2.286803102435897e-08,6.830743615182655e-08,2,0.10000002384185791,ida,-7.640771227263311,0.00015122179414475603
2.0,2.85275323363976e-08,7.064576124093946e-08,2,0.10000002384185791,ida,-7.54473579367891,0.00016890095421991433
2.0999999046325684,3.5354002392296024e-08,7.300877058469268e-08,2,0.09999990463256836,ida,-7.4515614130270835,0.00018802660022532988
2.200000047683716,4.360626348898222e-08,7.537546053981714e-08,2,0.10000014305114746,ida,-7.360451125333891,0.00020882112797555286
2.299999952316284,5.60625430523487e-08,7.7175613455438e-08,2,0.09999990463256836,ida,-7.251327206102084,0.00023677530076498415
2.4000000953674316,6.624431136970088e-08,7.977417482152305e-08,2,0.10000014305114746,ida,-7.17885141017338,0.000257379702715076
2.5,7.870615803540204e-08,8.242258076052167e-08,2,0.09999990463256836,ida,-7.103991286749347,0.00028054617808019063
2.5999999046325684,9.369273357151542e-08,8.506926008067239e-08,2,0.09999990463256836,ida,-7.028294089925084,0.0003060926878765898
2.700000047683716,1.1094009977341557e-07,8.769693948806889e-08,2,0.10000014305114746,ida,-6.95491144787647,0.0003330767175492991
2.799999952316284,1.3152333622201695e-07,9.026395986211355e-08,2,0.09999990463256836,ida,-6.88099718334694,0.0003626614622785511
2.9000000953674316,1.5496385685764835e-07,9.273159662370745e-08,2,0.10000014305114746,ida,-6.809769583104965,0.00039365448918772457
3.0,1.8248739763748745e-07,9.507676423936573e-08,2,0.09999990463256836,ida,-6.738767122032043,0.00042718543706157336
3.0999999046325684,2.1441013586809277e-07,9.729038907835275e-08,2,0.09999990463256836,ida,-6.6687546879739825,0.00046304442105276765
3.200000047683716,2.5111305035352416e-07,9.930953837056222e-08,2,0.10000014305114746,ida,-6.600130716401993,0.0005011118142226584
3.299999952316284,2.914316326041444e-07,1.0117834392531222e-07,2,0.09999990463256836,ida,-6.535463310768387,0.0005398440817533747
3.4000000953674316,3.388485936284269e-07,1.0302365893721799e-07,2,0.10000014305114746,ida,-6.469994312534451,0.0005821070293583706
3.5,3.9082434000192734e-07,1.0492888691260305e-07,2,0.09999990463256836,ida,-6.408018396848468,0.000625159451661676
3.5999999046325684,4.5028704676042253e-07,1.0696899011009009e-07,2,0.09999990463256836,ida,-6.346510546044804,0.0006710343111648036
3.700000047683716,5.357795771487872e-07,1.0878395073632419e-07,2,0.10000014305114746,ida,-6.271013844853657,0.0007319696558934579
3.799999952316284,6.112343839959067e-07,1.1138349975681194e-07,2,0.09999990463256836,ida,-6.213792223215628,0.0007818148015968403
3.9000000953674316,7.007968747529958e-07,1.1425385793017995e-07,2,0.10000014305114746,ida,-6.154407843598759,0.0008371361148301964
4.0,8.05995853170316e-07,1.1738202232436379e-07,2,0.09999990463256836,ida,-6.093667192624044,0.0008977727179917621
4.099999904632568,9.279429491471092e-07,1.2069244803569745e-07,2,0.09999990463256836,ida,-6.032478723815875,0.000963297954501674
4.199999809265137,1.0687291478461702e-06,1.2418404082836787e-07,2,0.09999990463256836,ida,-5.971132345773656,0.0010337935711959957
4.300000190734863,1.237016249433509e-06,1.2780307656612422e-07,2,0.10000038146972656,ida,-5.907624595445288,0.0011122123221010947
4.400000095367432,1.4288856391431182e-06,1.314226096837956e-07,2,0.09999990463256836,ida,-5.84500252857541,0.0011953600458201362
4.5,1.6531751043658005e-06,1.3512072882804205e-07,2,0.09999990463256836,ida,-5.781681143505238,0.0012857585715700286
4.599999904632568,1.9155540940118954e-06,1.3895474637592997e-07,2,0.09999990463256836,ida,-5.717705579311727,0.0013840354381344053
4.699999809265137,2.2174615423864452e-06,1.4281701510299172e-07,2,0.09999990463256836,ida,-5.6541439034349885,0.001489114348324683
4.800000190734863,2.566409648352419e-06,1.4673125292574696e-07,2,0.10000038146972656,ida,-5.590674020673697,0.0016020017629055278
4.900000095367432,2.9754298793704947e-06,1.506996198941124e-07,2,0.09999990463256836,ida,-5.526450280103033,0.001724943442368617
5.0,3.445679794822354e-06,1.5462451585790404e-07,2,0.09999990463256836,ida,-5.46272508376642,0.0018562542376577497
5.099999904632568,3.982102953159483e-06,1.5868064906499058e-07,2,0.09999990463256836,ida,-5.399887515928132,0.0019955207223077095
5.199999809265137,4.5919555304863025e-06,1.6263474833522196e-07,2,0.09999990463256836,ida,-5.338002326393603,0.0021428848616960976
5.300000190734863,5.4617980822513346e-06,1.664724322836264e-07,2,0.10000038146972656,ida,-5.262664359374785,0.002337049011521011
5.400000095367432,6.24676795268897e-06,1.7041216437974072e-07,2,0.09999990463256836,ida,-5.204344626395657,0.0024993535069471402
5.5,7.13460030965507e-06,1.7439805333197e-07,2,0.09999990463256836,ida,-5.146630351655624,0.00267106726041391
5.599999904632568,8.196214366762433e-06,1.784860188536186e-07,2,0.09999990463256836,ida,-5.086386691426949,0.002862903136112438
5.699999809265137,9.364243851450738e-06,1.8248842081902694e-07,2,0.09999990463256836,ida,-5.0285272854965,0.003060105202676983
5.800000190734863,1.0687550457078032e-05,1.864637084736387e-07,2,0.10000038146972656,ida,-4.971121821907857,0.003269181924744787
5.900000095367432,1.2189505468995776e-05,1.9052512811867928e-07,2,0.09999990463256836,ida,-4.914013913449943,0.0034913472283626813
6.0,1.3874020623916294e-05,1.946716423617545e-07,2,0.09999990463256836,ida,-4.85779766425148,0.003724784641280123
6.099999904632568,1.5714900655439124e-05,1.9874772760886117e-07,2,0.09999990463256836,ida,-4.803688360108124,0.003964202398394805
6.199999809265137,1.7755195585777983e-05,2.0280138812722726e-07,2,0.09999990463256836,ida,-4.750674539281472,0.0042136914440639795
6.300000190734863,2.0023875549668446e-05,2.0684461787823238e-07,2,0.10000038146972656,ida,-4.698451862573836,0.004474804526419947
6.400000095367432,2.2480009647551924e-05,2.109039201059204e-07,2,0.09999990463256836,ida,-4.6482035067205185,0.00474130885384531
6.5,2.5165842089336365e-05,2.1491592860911624e-07,2,0.09999990463256836,ida,-4.599188532835557,0.0050165567961836495
6.599999904632568,2.8122147341491655e-05,2.188594550034395e-07,2,0.09999990463256836,ida,-4.550951520673731,0.005303031900855552
6.699999809265137,3.130468394374475e-05,2.2282087286384922e-07,2,0.09999990463256836,ida,-4.504390676551617,0.005595058886530575
6.800000190734863,3.475958510534838e-05,2.2687716239033762e-07,2,0.10000038146972656,ida,-4.458925415984393,0.005895726003245773
6.900000095367432,3.849398490274325e-05,2.3086134604000108e-07,2,0.09999990463256836,ida,-4.414607128352222,0.006204352093711579
7.0,4.250758502166718e-05,2.3496752987739455e-07,2,0.09999990463256836,ida,-4.371533567852362,0.006519784123854653
7.099999904632568,4.678318146034144e-05,2.3918516944831936e-07,2,0.09999990463256836,ida,-4.3299102476040545,0.006839823203880451
7.199999809265137,5.2075472922297195e-05,2.432307724120619e-07,2,0.09999990463256836,ida,-4.283366777326228,0.007216333759070266
7.300000190734863,5.683419658453204e-05,2.474363327564788e-07,2,0.10000038146972656,ida,-4.245390274868245,0.007538845839021517
7.400000095367432,6.188062980072573e-05,2.51582150667673e-07,2,0.09999990463256836,ida,-4.208445274843582,0.007866424206761655
7.5,6.716668576700613e-05,2.557799803071248e-07,2,0.09999990463256836,ida,-4.172846080741231,0.008195528400719878
7.599999904632568,7.254145020851865e-05,2.599205117803649e-07,2,0.09999990463256836,ida,-4.139413766493912,0.00851712687521553
7.699999809265137,7.831791299395263e-05,2.640145737586863e-07,2,0.09999990463256836,ida,-4.106138894076298,0.008849740843321494
7.800000190734863,8.424357656622306e-05,2.680629904716625e-07,2,0.10000038146972656,ida,-4.074463203432233,0.009178429961939192
7.900000095367432,9.031520312419161e-05,2.7232320576331404e-07,2,0.09999990463256836,ida,-4.044239136982298,0.009503431123767437
8.0,9.655658504925668e-05,2.762673716460995e-07,2,0.09999990463256836,ida,-4.015218102484962,0.009826321033288943
8.100000381469727,0.00010292026126990095,2.8026826726090803e-07,2,0.10000038146972656,ida,-3.9874991199749803,0.01014496235921558
8.199999809265137,0.00010946649854304269,2.8449741762415215e-07,2,0.09999942779541016,ida,-3.960718773280952,0.010462623884238728
8.300000190734863,0.00011615541734499857,2.886852996653033e-07,2,0.10000038146972656,ida,-3.9349605304339175,0.010777542268300253
8.399999618530273,0.00012282213720027357,2.928392461853946e-07,2,0.09999942779541016,ida,-3.9107233498278937,0.011082514931200119
8.5,0.00012968547525815666,2.969941874653159e-07,2,0.10000038146972656,ida,-3.8871086620691084,0.011387953075867352
8.600000381469727,0.00013653574569616467,3.0114884452814294e-07,2,0.10000038146972656,ida,-3.8647536334124553,0.011684851119982858
8.699999809265137,0.00014351471327245235,3.050925556635775e-07,2,0.09999942779541016,ida,-3.8431035723413025,0.011979762655096819
8.800000190734863,0.00015033457020763308,3.0920583071747387e-07,2,0.10000038146972656,ida,-3.8229411396789077,0.012261099877565351
8.899999618530273,0.0001573898334754631,3.1337930295194383e-07,2,0.09999942779541016,ida,-3.803023324125013,0.01254551049082751
9.0,0.00016424602654296905,3.176298264406796e-07,2,0.10000038146972656,ida,-3.7845051281385684,0.012815850597715669
9.100000381469727,0.00017110741464421153,3.220093844902294e-07,2,0.10000038146972656,ida,-3.766731170650041,0.013080803287421287
9.199999809265137,0.00017809102428145707,3.262578331941768e-07,2,0.09999942779541016,ida,-3.7493579682586216,0.013345074907300336
9.300000190734863,0.00018489809008315206,3.3056022630262305e-07,2,0.10000038146972656,ida,-3.7330675748907565,0.013597723709619638
9.399999618530273,0.00019166115089319646,3.3490258033452847e-07,2,0.09999942779541016,ida,-3.717465908314122,0.01384417389710186
9.5,0.00019837604486383498,3.391369034488889e-07,2,0.10000038146972656,ida,-3.702510772764365,0.014084603113465249
9.600000381469727,0.00020497324294410646,3.4340544630140357e-07,2,0.10000038146972656,ida,-3.688302827725492,0.01431688663586139
9.699999809265137,0.0002114328381139785,3.4770138768180914e-07,2,0.09999942779541016,ida,-3.6748275605283394,0.014540730315702114
9.800000190734863,0.00021787171135656536,3.520605389439879e-07,2,0.10000038146972656,ida,-3.6617991552484486,0.014760478019243324
9.899999618530273,0.00022414322302211076,3.563348798252264e-07,2,0.09999942779541016,ida,-3.6494743875079587,0.014971413527857374
10.0,0.00023036108177620918,3.6066037978343957e-07,2,0.10000038146972656,ida,-3.6375908906893826,0.015177650733107848
10.100000381469727,0.00023633529781363904,3.6491127275439794e-07,2,0.10000038146972656,ida,-3.6264714095531936,0.015373200636615625
10.199999809265137,0.00024238666810560971,3.6919951185154787e-07,2,0.09999942779541016,ida,-3.615491271169925,0.015568772209317268
10.300000190734863,0.00024824298452585936,3.73763526795301e-07,2,0.10000038146972656,ida,-3.605123016044096,0.015755728625673246
10.399999618530273,0.0002539933193475008,3.782780595429358e-07,2,0.09999942779541016,ida,-3.59517770624885,0.01593716785842142
10.5,0.0002595831756480038,3.826117165317555e-07,2,0.10000038146972656,ida,-3.5857234588670983,0.016111585137658053
10.600000381469727,0.00026513298507779837,3.872042952934862e-07,2,0.10000038146972656,ida,-3.5765362385206303,0.01628290468797869
10.699999809265137,0.00027052717632614076,3.9182961586448073e-07,2,0.09999942779541016,ida,-3.5677891004811135,0.016447710367286407
10.800000190734863,0.0002758901391644031,3.9642165461373224e-07,2,0.10000038146972656,ida,-3.559263821749949,0.016609940974139644
10.899999618530273,0.000281053245998919,4.0051588712231023e-07,2,0.09999942779541016,ida,-3.5512113944974337,0.016764642734007754
11.0,0.00028620686498470604,4.0507475773665647e-07,2,0.10000038146972656,ida,-3.5433199534231345,0.016917649511226613
11.100000381469727,0.00029124596039764583,4.096147279142315e-07,2,0.10000038146972656,ida,-3.535740089619755,0.017065929813451296
11.199999809265137,0.00029612670186907053,4.1410586959500506e-07,2,0.09999942779541016,ida,-3.528522430329213,0.017208332338407187
11.300000190734863,0.00030091905500739813,4.1853374455058656e-07,2,0.10000038146972656,ida,-3.5215503106894737,0.01734701862013753
11.399999618530273,0.00030563658219762146,4.2312586856496637e-07,2,0.09999942779541016,ida,-3.5147946654899136,0.017482464992031915
11.5,0.0003103099879808724,4.278123242329457e-07,2,0.10000038146972656,ida,-3.508204245507784,0.01761561772918771
11.600000381469727,0.0003148104588035494,4.324585063386621e-07,2,0.10000038146972656,ida,-3.5019508477068224,0.017742898827518276
11.699999809265137,0.00031926616793498397,4.3709297870009323e-07,2,0.09999942779541016,ida,-3.495847100432118,0.01786802081751037
11.800000190734863,0.0003236971970181912,4.418360504132579e-07,2,0.10000038146972656,ida,-3.489861061254835,0.017991586839914683
11.899999618530273,0.00032794190337881446,4.4639884322350554e-07,2,0.09999942779541016,ida,-3.4842030870101857,0.01810916628061089
12.0,0.0003320797986816615,4.510372946242569e-07,2,0.10000038146972656,ida,-3.4787575429138964,0.018223056787533245
12.0,0.000335761986207217,4.508532072122762e-07,2,0.0,volta,-3.473968474710663,0.018323809271197325
11.899999618530273,0.0003388201876077801,4.4574824187293416e-07,2,-0.10000038146972656,volta,-3.4700307214066566,0.018407068957544005
11.800000190734863,0.0003415190731175244,4.4058830894755374e-07,2,-0.09999942779541016,volta,-3.4665850368773667,0.01848023466078081
11.699999809265137,0.00034402371966280043,4.354459122168919e-07,2,-0.10000038146972656,volta,-3.4634116127670387,0.01854787641922386
11.600000381469727,0.0003463271714281291,4.303750245071569e-07,2,-0.09999942779541016,volta,-3.460513434126589,0.01860986758222984
11.5,0.0003484845219645649,4.252547967098508e-07,2,-0.10000038146972656,volta,-3.4578165064459094,0.018667740140803465
11.399999618530273,0.0003505741769913584,4.2017560986096214e-07,2,-0.10000038146972656,volta,-3.455220076842296,0.01872362617100006
11.300000190734863,0.00035251688677817583,4.151276300490281e-07,2,-0.09999942779541016,volta,-3.452820073966432,0.018775433064996818
11.199999809265137,0.0003542861668393016,4.101282229385106e-07,2,-0.10000038146972656,volta,-3.4506458044340884,0.018822490983908098
11.100000381469727,0.0003560551558621228,4.0507211451767944e-07,2,-0.09999942779541016,volta,-3.448482721040771,0.018869423834927308
11.0,0.0003575852606445551,3.9997391354518186e-07,2,-0.10000038146972656,volta,-3.446620390750452,0.018909924924350046
10.899999618530273,0.0003591213026084006,3.949484437271167e-07,2,-0.10000038146972656,volta,-3.444758832326234,0.018950496104545668
10.800000190734863,0.0003605916863307357,3.8980627437013027e-07,2,-0.09999942779541016,volta,-3.4429842904319963,0.018989251863376178
10.699999809265137,0.00036199839087203145,3.8463858231807535e-07,2,-0.10000038146972656,volta,-3.4412933599556483,0.019026255303449268
10.600000381469727,0.0003633000887930393,3.7927628682155046e-07,2,-0.09999942779541016,volta,-3.4397344959927154,0.01906043254475195
10.5,0.00036446942249312997,3.739042995221098e-07,2,-0.10000038146972656,volta,-3.438338901363956,0.019091082276631935
10.399999618530273,0.0003656464396044612,3.6880987863696646e-07,2,-0.10000038146972656,volta,-3.4369386510587248,0.01912188378807018
10.300000190734863,0.00036673195427283645,3.6356283317218185e-07,2,-0.09999942779541016,volta,-3.4356512472257754,0.019150246846263794
10.199999809265137,0.00036778641515411437,3.58465143790454e-07,2,-0.10000038146972656,volta,-3.4344043162414013,0.019177758345388398
10.100000381469727,0.00036863822606392205,3.5345209425940993e-07,2,-0.09999942779541016,volta,-3.433399632470569,0.019199953803692396
10.0,0.00036962685408070683,3.4834613416023785e-07,2,-0.10000038146972656,volta,-3.4322364840011645,0.019225682148644476
9.899999618530273,0.0003705073904711753,3.4317716313125857e-07,2,-0.10000038146972656,volta,-3.4312031247728076,0.01924856853044338
9.800000190734863,0.0003713460173457861,3.381377950972819e-07,2,-0.09999942779541016,volta,-3.4302212294945087,0.01927034035365712
9.699999809265137,0.00037215184420347214,3.3288571898992814e-07,2,-0.10000038146972656,volta,-3.4292798245146274,0.019291237497980066
9.600000381469727,0.0003728558076545596,3.2782347147986e-07,2,-0.09999942779541016,volta,-3.428459087888645,0.019309474556666723
9.5,0.00037357688415795565,3.2275508488055493e-07,2,-0.10000038146972656,volta,-3.4276200044795044,0.019328137110387944
9.399999618530273,0.0003741784894373268,3.1779478604221367e-07,2,-0.10000038146972656,volta,-3.4269211825954637,0.019343693789897698
9.300000190734863,0.00037485355278477073,3.129133006041229e-07,2,-0.09999942779541016,volta,-3.4261383686447076,0.019361135110958
9.199999809265137,0.0003753877535928041,3.078190786709456e-07,2,-0.10000038146972656,volta,-3.4255198996257588,0.019374925899027437
9.100000381469727,0.0003759174724109471,3.0277644214038446e-07,2,-0.09999942779541016,volta,-3.424907488078924,0.019388591295164976
9.0,0.00037639273796230555,2.977998576625396e-07,2,-0.10000038146972656,volta,-3.424358764345001,0.01940084374356707
8.899999618530273,0.00037692260229960084,2.9273917334649013e-07,2,-0.10000038146972656,volta,-3.4237478191445114,0.019414494644455747
8.800000190734863,0.0003773045027628541,2.878079499168962e-07,2,-0.09999942779541016,volta,-3.4233080118851635,0.019424327601305896
8.699999809265137,0.0003776776429731399,2.8284458153393643e-07,2,-0.10000038146972656,volta,-3.422878722932005,0.019433930198833684
8.600000381469727,0.00037802811129949987,2.7794325774266326e-07,2,-0.09999942779541016,volta,-3.422475903527041,0.019442945026397103
8.5,0.0003783570136874914,2.7300467309032683e-07,2,-0.10000038146972656,volta,-3.4220982110091063,0.01945140132965981
8.399999618530273,0.00037863850593566895,2.680441184566007e-07,2,-0.10000038146972656,volta,-3.421775222213142,0.019458635767588356
8.300000190734863,0.0003788724134210497,2.6298997113372025e-07,2,-0.09999942779541016,volta,-3.4215070155620966,0.01946464521693241
8.199999809265137,0.00037910774699412286,2.5803544190239336e-07,2,-0.10000038146972656,volta,-3.421237340758418,0.019470689432943118
8.100000381469727,0.00037935489672236145,2.5311558715657156e-07,2,-0.09999942779541016,volta,-3.4209543056798517,0.019477035111185724
8.0,0.0003794966032728553,2.481321814684634e-07,2,-0.10000038146972656,volta,-3.4207921069528417,0.019480672556994927
7.900000095367432,0.00037964628427289426,2.4312319624186784e-07,2,-0.09999990463256836,volta,-3.420620846352837,0.01948451396039671
7.800000190734863,0.0003797641838900745,2.3815630356693873e-07,2,-0.09999990463256836,volta,-3.4204859966089427,0.01948753919534415
7.699999809265137,0.0003797957906499505,2.3301826956867444e-07,2,-0.10000038146972656,volta,-3.420449852941891,0.019488350126420414
7.599999904632568,0.0003798363031819463,2.2803531862791715e-07,2,-0.09999990463256836,volta,-3.420403529545991,0.0194893895025459
7.5,0.00037988254916854203,2.2307823144274153e-07,2,-0.09999990463256836,volta,-3.420350656363362,0.019490575906538576
7.400000095367432,0.0003798307734541595,2.18166945842313e-07,2,-0.09999990463256836,volta,-3.4204098521321296,0.019489247636944828
7.300000190734863,0.0003798441030085087,2.1312638409654028e-07,2,-0.09999990463256836,volta,-3.4203946115283395,0.019489589605953962
7.199999809265137,0.00037975548184476793,2.082216923326996e-07,2,-0.10000038146972656,volta,-3.4204959482940107,0.019487315922023945
7.099999904632568,0.0003796468663495034,2.032778922966827e-07,2,-0.09999990463256836,volta,-3.420620180489701,0.019484528897294472
7.0,0.0003795153461396694,1.9828333108762308e-07,2,-0.09999990463256836,volta,-3.420770658216388,0.019481153614190033
6.900000095367432,0.00037933740532025695,1.9336836487582332e-07,2,-0.09999990463256836,volta,-3.4209743307134404,0.019476586079707526
6.800000190734863,0.0003791910130530596,1.885039182525361e-07,2,-0.09999990463256836,volta,-3.421141964128581,0.019472827556702176
6.699999809265137,0.00037892640102654696,1.835543343986501e-07,2,-0.10000038146972656,volta,-3.421445134971229,0.019466031979490504
6.599999904632568,0.00037870241794735193,1.7863948187368806e-07,2,-0.09999990463256836,volta,-3.421701921977563,0.01946027795144129
6.5,0.0003784267755690962,1.7372182981034712e-07,2,-0.09999990463256836,volta,-3.4220181426970093,0.01945319448237477
6.400000095367432,0.0003781226114369929,1.688260624632676e-07,2,-0.09999990463256836,volta,-3.4223673513899286,0.019445375065474897
6.300000190734863,0.00037778468686155975,1.6405957126153226e-07,2,-0.09999990463256836,volta,-3.4227556497659783,0.019436684050052357
6.199999809265137,0.00037749469629488885,1.5926983110148285e-07,2,-0.10000038146972656,volta,-3.423089145719678,0.019429222740369435
6.099999904632568,0.0003770849434658885,1.5451448120984423e-07,2,-0.09999990463256836,volta,-3.423560808088217,0.019418675121281793
6.0,0.00037670304300263524,1.4976735940308572e-07,2,-0.09999990463256836,volta,-3.424000871556979,0.019408839300757662
5.900000095367432,0.0003762997512239963,1.450400475278002e-07,2,-0.09999990463256836,volta,-3.424466068797014,0.01939844713434548
5.800000190734863,0.00037582777440547943,1.4032544015663007e-07,2,-0.09999990463256836,volta,-3.4250111278402984,0.019386277992577108
5.699999809265137,0.000375318864826113,1.355970482563862e-07,2,-0.10000038146972656,volta,-3.4255996058933977,0.019373148036034644
5.599999904632568,0.00037488614907488227,1.3086280148399965e-07,2,-0.09999990463256836,volta,-3.426100605167864,0.01936197688963816
5.5,0.0003742990083992481,1.2614960098744632e-07,2,-0.09999990463256836,volta,-3.426781323426068,0.01934680873940837
5.400000095367432,0.00037378331762738526,1.2145403616159456e-07,2,-0.09999990463256836,volta,-3.427380085579035,0.019333476604775076
5.300000190734863,0.0003732687036972493,1.1676997502263475e-07,2,-0.09999990463256836,volta,-3.427978421489093,0.019320163138473994
5.199999809265137,0.0003726195136550814,1.1209404249257204e-07,2,-0.10000038146972656,volta,-3.428734405342043,0.01930335498443422
5.099999904632568,0.0003719937813002616,1.0740154721133877e-07,2,-0.09999990463256836,volta,-3.429464320251316,0.019287140309031343
5.0,0.0003712774778250605,1.0273105033320462e-07,2,-0.09999990463256836,volta,-3.4303013948432257,0.019268561903397475
4.900000095367432,0.0003705841372720897,9.807441614384516e-08,2,-0.09999990463256836,volta,-3.4311131744468026,0.019250561998863557
4.800000190734863,0.0003698309592436999,9.345173879182767e-08,2,-0.09999990463256836,volta,-3.4319967360488954,0.01923098955445871
4.699999809265137,0.00036905001616105437,8.8892740279789e-08,2,-0.10000038146972656,volta,-3.4329147713185915,0.01921067453685722
4.599999904632568,0.00036826625000685453,8.423904063192822e-08,2,-0.09999990463256836,volta,-3.433838080513569,0.019190264459012923
4.5,0.00036742244265042245,7.966023218841656e-08,2,-0.09999990463256836,volta,-3.4348343199366873,0.019168266553092964
4.400000095367432,0.0003665908589027822,7.512279154298085e-08,2,-0.09999990463256836,volta,-3.4358183685543144,0.019146562587127283
4.300000190734863,0.0003656485059764236,7.060490503363326e-08,2,-0.09999990463256836,volta,-3.4369361967440977,0.019121937819594113
4.199999809265137,0.00036478505353443325,6.613801417643117e-08,2,-0.10000038146972656,volta,-3.4379629644787646,0.019099346939998582
4.099999904632568,0.0003637802437879145,6.170911603931017e-08,2,-0.09999990463256836,volta,-3.439160890338148,0.019073023981212692
4.0,0.0003627572441473603,5.730148799898416e-08,2,-0.09999990463256836,volta,-3.4403839060802714,0.01904618712885496
3.9000000953674316,0.00036168424412608147,5.2949918227795933e-08,2,-0.09999990463256836,volta,-3.441670409784525,0.01901799790004409
3.799999952316284,0.0003606606333050877,4.86442175429147e-08,2,-0.10000014305114746,volta,-3.4429012590440036,0.01899106719763499
3.700000047683716,0.0003595131274778396,4.440978429443021e-08,2,-0.09999990463256836,volta,-3.4442852469025245,0.018960831402600457
3.5999999046325684,0.00035834446316584945,4.019951660438892e-08,2,-0.10000014305114746,volta,-3.4456993014919037,0.01892998846185199
3.5,0.00035689055221155286,3.6303060113596075e-08,2,-0.09999990463256836,volta,-3.4474649487568594,0.018891547110058318
3.4000000953674316,0.0003555901348590851,3.225880362833777e-08,2,-0.09999990463256836,volta,-3.4490502961711513,0.018857097731599236
3.299999952316284,0.00035416646278463304,2.8343338343006508e-08,2,-0.10000014305114746,volta,-3.4507925660063514,0.018819310900897328
3.200000047683716,0.00035282218595966697,2.452286729237585e-08,2,-0.09999990463256836,volta,-3.45244411362833,0.01878356158878467
3.0999999046325684,0.0003515005228109658,2.080363969980681e-08,2,-0.10000014305114746,volta,-3.4540740246875465,0.018748347202112665
3.0,0.0003500470193102956,1.723101661355031e-08,2,-0.09999990463256836,volta,-3.4558736160626062,0.018709543535594224
2.9000000953674316,0.00034870707895606756,1.379748137964043e-08,2,-0.09999990463256836,volta,-3.4575392361045165,0.018673700194553503
2.799999952316284,0.0003472035750746727,1.0470641242932288e-08,2,-0.10000014305114746,volta,-3.4594158116429847,0.018633399450306235
2.700000047683716,0.0003456425911281258,7.425223991219809e-09,2,-0.09999990463256836,volta,-3.4613727478128133,0.018591465545462676
2.5999999046325684,0.00034391169901937246,4.413503784661543e-09,2,-0.10000014305114746,volta,-3.463553050310183,0.018544856403309582
2.5,0.0003421199508011341,1.4330435726961355e-09,2,-0.09999990463256836,volta,-3.4658215990970174,0.018496484822828747
2.4000000953674316,0.00034020954626612365,1.550358730284529e-09,2,-0.09999990463256836,volta,-3.4682535042668565,0.0184447701602954
2.299999952316284,0.0003382992872502655,4.5620063282569845e-09,2,-0.10000014305114746,volta,-3.470698917209367,0.01839291404998853
2.200000047683716,0.00033650759723968804,7.668633728030727e-09,2,-0.09999990463256836,volta,-3.4730051263819695,0.018344143404359005
2.0999999046325684,0.0003344441356603056,1.1061271010248674e-08,2,-0.10000014305114746,volta,-3.475676414818832,0.018287813856781944
2.0,0.0003327324811834842,1.4525377345364632e-08,2,-0.09999990463256836,volta,-3.477904801444972,0.018240956147732065
1.899999976158142,0.00033082786831073463,1.8085485109509136e-08,2,-0.10000002384185791,volta,-3.4803979134369376,0.018188674176825934
1.7999999523162842,0.0003289188607595861,2.1767748492607097e-08,2,-0.10000002384185791,volta,-3.4829112226287413,0.018136120333731416
1.7000000476837158,0.0003269557491876185,2.5548057891455755e-08,2,-0.09999990463256836,volta,-3.4855110216029273,0.01808191774087081
1.600000023841858,0.00032481999369338155,2.942768517755212e-08,2,-0.10000002384185791,volta,-3.488357246415267,0.018022763209158067
1.5,0.0003227323468308896,3.3393504850209865e-08,2,-0.10000002384185791,volta,-3.4911575039294243,0.017964752902027058
1.399999976158142,0.00032035872573032975,3.742496446079713e-08,2,-0.10000002384185791,volta,-3.4943634424699237,0.01789856770052648
1.2999999523162842,0.0003179188061039895,4.1505369807737225e-08,2,-0.10000002384185791,volta,-3.497683781158464,0.017830277790993315
1.2000000476837158,0.0003154376754537225,4.563625211062572e-08,2,-0.09999990463256836,volta,-3.501086436357548,0.017760565178330405
1.100000023841858,0.00031271870830096304,4.980053347480862e-08,2,-0.10000002384185791,volta,-3.5048461364454773,0.01768385445260628
1.0,0.0003092717961408198,5.3910667929812917e-08,2,-0.10000002384185791,volta,-3.5096596834203693,0.017586125103069745
0.8999999761581421,0.00030668522231280804,5.817465620339135e-08,2,-0.10000002384185791,volta,-3.5133071500775843,0.01751243050843623
0.800000011920929,0.00030388226150535047,6.244776074026959e-08,2,-0.09999996423721313,volta,-3.517294650216812,0.0174322190642887
0.699999988079071,0.0003011585504282266,6.666237339914005e-08,2,-0.10000002384185791,volta,-3.5212048019236475,0.017353920318712617
0.6000000238418579,0.00029799563344568014,7.093390763657226e-08,2,-0.09999996423721313,volta,-3.525790099629583,0.01726255002731868
0.5,0.0002946965687442571,7.51847721858212e-08,2,-0.10000002384185791,volta,-3.530624920763955,0.017166728539365243
0.4000000059604645,0.00029137945966795087,7.942626467638547e-08,2,-0.09999999403953552,volta,-3.5355410663864753,0.017069840645651934
0.30000001192092896,0.00028795076650567353,8.368700576966148e-08,2,-0.09999999403953552,volta,-3.5406817610696844,0.01696911213074136
0.20000000298023224,0.00028438089066185057,8.781145766079135e-08,2,-0.10000000894069672,volta,-3.546099589935726,0.016863596611098434
0.10000000149011612,0.0002806721313390881,9.195481709411979e-08,2,-0.10000000149011612,volta,-3.5518007074457585,0.016753272257654266
0.0,0.0002765350218396634,9.613095386384884e-08,2,-0.10000000149011612,volta,-3.5582498595544094,0.016629342195037762
-0.10000000149011612,0.0002725430531427264,1.0024835717103997e-07,2,-0.10000000149011612,volta,-3.564564883239037,0.016508878009808128
-0.20000000298023224,0.0002682712220121175,1.0437567254939495e-07,2,-0.10000000149011612,volta,-3.5714259124628462,0.016378987209596248
-0.30000001192092896,0.00026370998239144683,1.0838424913117706e-07,2,-0.10000000894069672,volta,-3.578873430254093,0.01623914968190905
-0.4000000059604645,0.0002590213844086975,1.1243058395393746e-07,2,-0.09999999403953552,volta,-3.5866643797514897,0.016094141306969362
-0.5,0.00025420382735319436,1.1646385189578723e-07,2,-0.09999999403953552,volta,-3.5948179148919266,0.015943770800949015
-0.6000000238418579,0.0002490794868208468,1.205267494697182e-07,2,-0.10000002384185791,volta,-3.603662037727834,0.01578225227338756
-0.699999988079071,0.00024379315436817706,1.2456146691874892e-07,2,-0.09999996423721313,volta,-3.6129784933930518,0.015613876980691792
-0.800000011920929,0.00023836192849557847,1.2859061371273128e-07,2,-0.10000002384185791,volta,-3.6227631095217934,0.015438974334313094
-0.8999999761581421,0.00023242579482030123,1.325173570876359e-07,2,-0.09999996423721313,volta,-3.6337156752212025,0.015245517204093183
-1.0,0.00022603824618272483,1.365535382547023e-07,2,-0.10000002384185791,volta,-3.645818071026058,0.015034568373675542
-1.100000023841858,0.00021997475414536893,1.4045787111172103e-07,2,-0.10000002384185791,volta,-3.6576271590164025,0.014831545912188956
-1.2000000476837158,0.00021345513232517987,1.443543737877917e-07,2,-0.10000002384185791,volta,-3.6706933985376713,0.014610103775304948
-1.2999999523162842,0.00020664722251240164,1.4815964277659077e-07,2,-0.09999990463256836,volta,-3.6847704275738717,0.014375229476860592
-1.399999976158142,0.00019945265376009047,1.51976081497196e-07,2,-0.10000002384185791,volta,-3.7001601809350073,0.01412277075364783
-1.5,0.00019234319915995002,1.5581048273816123e-07,2,-0.10000002384185791,volta,-3.7159231648004787,0.013868785064307184
-1.600000023841858,0.00018512262613512576,1.5957532184529555e-07,2,-0.10000002384185791,volta,-3.7325404974810024,0.01360597758836629
-1.7000000476837158,0.0001777537545422092,1.632938335660583e-07,2,-0.10000002384185791,volta,-3.75018121726631,0.013332432431563611
-1.7999999523162842,0.0001700444263406098,1.669688174388284e-07,2,-0.09999990463256836,volta,-3.769437598657385,0.013040108371505576
-1.899999976158142,0.00016244604194071144,1.7047622691279685e-07,2,-0.10000002384185791,volta,-3.7892908659394937,0.012745432199055136
-2.0,0.00015459893620572984,1.7405739072273718e-07,2,-0.10000002384185791,volta,-3.8107934987849057,0.01243378205558268
-2.0999999046325684,0.00014663109323009849,1.775178617435813e-07,2,-0.09999990463256836,volta,-3.833773927468226,0.012109132637398042
-2.200000047683716,0.00013876098091714084,1.8095180109867215e-07,2,-0.10000014305114746,volta,-3.857732638742087,0.011779685094141559
-2.299999952316284,0.00013093280722387135,1.8440532301156054e-07,2,-0.09999990463256836,volta,-3.882951520667596,0.011442587435710132
-2.4000000953674316,0.00012300290109124035,1.8788001909797458e-07,2,-0.10000014305114746,volta,-3.9100846453650004,0.011090667296932153
-2.5,0.00011515257938299328,1.9121870309390943e-07,2,-0.09999990463256836,volta,-3.938726329525591,0.010730916987051631
-2.5999999046325684,0.0001074549654731527,1.9458734357158392e-07,2,-0.09999990463256836,volta,-3.968773511044904,0.010366048691432657
-2.700000047683716,9.99037001747638e-05,1.979000785468088e-07,2,-0.10000014305114746,volta,-4.000418426331348,0.009995183848972654
-2.799999952316284,9.258546924684197e-05,2.010339983371523e-07,2,-0.09999990463256836,volta,-4.033457167973537,0.009622134339471776
-2.9000000953674316,8.54471290949732e-05,2.0408317880082905e-07,2,-0.10000014305114746,volta,-4.068302524390368,0.009243761631228555
-3.0,7.860702316975221e-05,2.0707933856556338e-07,2,-0.09999990463256836,volta,-4.104538650047009,0.00886606018306622
-3.0999999046325684,7.212821947177872e-05,2.100313594155523e-07,2,-0.09999990463256836,volta,-4.1418947884965505,0.008492833418346243
-3.200000047683716,6.59166689729318e-05,2.1291462815042905e-07,2,-0.10000014305114746,volta,-4.181004747355033,0.008118908114576233
-3.299999952316284,6.0138427215861157e-05,2.156805720687771e-07,2,-0.09999990463256836,volta,-4.220847934073952,0.0077548969829302795
-3.4000000953674316,5.461594628286548e-05,2.1827092666626413e-07,2,-0.10000014305114746,volta,-4.262680537303489,0.007390260231065309
-3.5,4.9474361730972305e-05,2.208351475019299e-07,2,-0.09999990463256836,volta,-4.305619799921056,0.007033801371305015
-3.5999999046325684,4.468812403501943e-05,2.2332589821871807e-07,2,-0.09999990463256836,volta,-4.349807876226633,0.006684917653570568
-3.700000047683716,4.012394492747262e-05,2.2569672353256465e-07,2,-0.10000014305114746,volta,-4.396596374355321,0.006334346448330137
-3.799999952316284,3.520689642755315e-05,2.2742125338481856e-07,2,-0.09999990463256836,volta,-4.453372257343757,0.005933539957525621
-3.9000000953674316,3.135674705845304e-05,2.2965517132433888e-07,2,-0.10000014305114746,volta,-4.5036689972579955,0.005599709551258265
-4.0,2.778759335342329e-05,2.3176090735432808e-07,2,-0.09999990463256836,volta,-4.556149065262508,0.005271393871968143
-4.099999904632568,2.4515606128261425e-05,2.3377646130029461e-07,2,-0.09999990463256836,volta,-4.61055736471007,0.004951323674358345
-4.199999809265137,2.1488143829628825e-05,2.3565276308090688e-07,2,-0.09999990463256836,volta,-4.6678010977410205,0.0046355305877136465
-4.300000190734863,1.8718516002991237e-05,2.374443255348524e-07,2,-0.10000038146972656,volta,-4.727728584938668,0.004326490032692926
-4.400000095367432,1.625437471375335e-05,2.391647342392389e-07,2,-0.09999990463256836,volta,-4.789029732632925,0.004031671454093618
-4.5,1.4050044228497427e-05,2.4085201744128426e-07,2,-0.09999990463256836,volta,-4.852322308629923,0.003748338862549306
-4.599999904632568,1.2081574823241681e-05,2.425216223400639e-07,2,-0.09999990463256836,volta,-4.917876452100104,0.0034758559842493018
-4.699999809265137,1.0328205462428741e-05,2.4417121835540456e-07,2,-0.09999990463256836,volta,-4.985975131091028,0.003213752551524268
-4.800000190734863,8.786357284407131e-06,2.457740606587322e-07,2,-0.10000038146972656,volta,-5.0561911407597915,0.002964179023677067
-4.900000095367432,7.436918622261146e-06,2.473847473538626e-07,2,-0.09999990463256836,volta,-5.128606970710485,0.0027270714369559785
-5.0,6.262443093874026e-06,2.4892889882721647e-07,2,-0.09999990463256836,volta,-5.203256207492568,0.0025024873813615975
-5.099999904632568,5.238712674326962e-06,2.504465044239623e-07,2,-0.09999990463256836,volta,-5.280775420482429,0.002288823425764199
-5.199999809265137,4.377907771413447e-06,2.521813655675942e-07,2,-0.09999990463256836,volta,-5.358733391874556,0.0020923450411950337
-5.300000190734863,3.5158639093424426e-06,2.531169229769148e-07,2,-0.10000038146972656,volta,-5.453967943770472,0.0018750637080756597
-5.400000095367432,2.907522457462619e-06,2.5506278689135797e-07,2,-0.09999990463256836,volta,-5.536476922131955,0.001705145875713459
-5.5,2.41009956880589e-06,2.572566870640003e-07,2,-0.09999990463256836,volta,-5.617965014981264,0.0015524495382478268
-5.599999904632568,1.9860333395627094e-06,2.595859598386596e-07,2,-0.09999990463256836,volta,-5.702013465273375,0.0014092669511354865
-5.699999809265137,1.6417058077422553e-06,2.621292480853299e-07,2,-0.09999990463256836,volta,-5.784704665439025,0.001281290680424335
-5.800000190734863,1.355165522909374e-06,2.648548331762868e-07,2,-0.10000038146972656,volta,-5.868007655862747,0.0011641157686885673
-5.900000095367432,1.1144989002787042e-06,2.6780796247294347e-07,2,-0.09999990463256836,volta,-5.952920355719523,0.0010556982998369867
-6.0,9.177472293231403e-07,2.7086238674201013e-07,2,-0.09999990463256836,volta,-6.037276917956079,0.0009579912469971426
-6.099999904632568,7.589205779368058e-07,2.7406804292695597e-07,2,-0.09999990463256836,volta,-6.119803671230436,0.0008711604777173984
-6.199999809265137,6.305156148300739e-07,2.7756885856433655e-07,2,-0.09999990463256836,volta,-6.2003041535785055,0.0007940501337006838
-6.300000190734863,5.253109520708676e-07,2.8127234941166535e-07,2,-0.10000038146972656,volta,-6.279583544610255,0.0007247833828606087
-6.400000095367432,4.416939418661059e-07,2.8503183102657204e-07,2,-0.09999990463256836,volta,-6.35487855734601,0.0006646005882228106
-6.5,3.644670982794196e-07,2.8860111456197046e-07,2,-0.09999990463256836,volta,-6.438341670859407,0.0006037111049826893
-6.599999904632568,3.16631997065997e-07,2.924666659964714e-07,2,-0.09999990463256836,volta,-6.499445199874667,0.0005627006282793694
-6.699999809265137,2.807978205510153e-07,2.9626386321979226e-07,2,-0.09999990463256836,volta,-6.551606267362534,0.0005299035955256534
-6.800000190734863,2.540033960940491e-07,2.998431796186196e-07,2,-0.10000038146972656,volta,-6.5951604767066545,0.0005039874959699388
-6.900000095367432,2.3470501275824063e-07,3.036161331237963e-07,2,-0.09999990463256836,volta,-6.629477634772967,0.00048446363409263303
-7.0,2.2035636959572003e-07,3.0738155487597396e-07,2,-0.09999990463256836,volta,-6.656874391306584,0.0004694213135294562
-7.099999904632568,2.101347718053148e-07,3.113528919129749e-07,2,-0.09999990463256836,volta,-6.677502077276683,0.0004584045940054646
-7.199999809265137,2.0364065278499766e-07,3.1508616871178674e-07,2,-0.09999990463256836,volta,-6.6911355194697615,0.00045126561223407844
-7.300000190734863,1.9922671867789177e-07,3.1897027952254575e-07,2,-0.10000038146972656,volta,-6.700652417939252,0.000446348203399422
-7.400000095367432,1.9725219146948803e-07,3.230036043078144e-07,2,-0.09999990463256836,volta,-6.704978163085239,0.00044413082697498946
-7.5,1.9640761195205414e-07,3.27027947832903e-07,2,-0.09999990463256836,volta,-6.70684168475318,0.00044317898410467765
-7.599999904632568,1.9625247205112828e-07,3.3082784511861973e-07,2,-0.09999990463256836,volta,-6.707184864053271,0.00044300391877626576
-7.699999809265137,1.9660829764234222e-07,3.3459932069490605e-07,2,-0.09999990463256836,volta,-6.706398157184262,0.0004434053423700962
-7.800000190734863,1.9737979073397582e-07,3.382800457529811e-07,2,-0.10000038146972656,volta,-6.70469731581035,0.00044427445428921056
-7.900000095367432,1.983135291538929e-07,3.418752214656706e-07,2,-0.09999990463256836,volta,-6.702647656765676,0.0004453240720575218
-8.0,1.996451715058356e-07,3.458301591763302e-07,2,-0.09999990463256836,volta,-6.699741188919329,0.0004468167090718918
-8.100000381469727,2.0114437404572527e-07,3.4986425134775345e-07,2,-0.10000038146972656,volta,-6.6964921100232,0.0004484912195859862
-8.199999809265137,2.0276173984257184e-07,3.5390212360653095e-07,2,-0.09999942779541016,volta,-6.693013990871468,0.00045029072813302723
-8.300000190734863,2.0446805137908086e-07,3.579478971005301e-07,2,-0.10000038146972656,volta,-6.689374541904672,0.0004521814363494822
-8.399999618530273,2.0618622897927708e-07,3.6192608376950375e-07,2,-0.09999942779541016,volta,-6.685740344280573,0.00045407733810362864
-8.5,2.0800217725991388e-07,3.660245795344963e-07,2,-0.10000038146972656,volta,-6.681932119041963,0.0004560725570124932
-8.600000381469727,2.0987192783650244e-07,3.7014063991591684e-07,2,-0.10000038146972656,volta,-6.678045648130463,0.00045811780999706006
-8.699999809265137,2.1179707232477085e-07,3.7428850419019e-07,2,-0.09999942779541016,volta,-6.67408004744848,0.0004602141591963147
-8.800000190734863,2.1371661773628148e-07,3.7841653011128074e-07,2,-0.10000038146972656,volta,-6.670161707547772,0.0004622949466912671
-8.899999618530273,2.155256737523814e-07,3.822953829057951e-07,2,-0.09999942779541016,volta,-6.666500988589737,0.0004642474272975365
-9.0,2.172758968299604e-07,3.860423021251336e-07,2,-0.10000038146972656,volta,-6.6629884488030005,0.0004661286269153187
-9.0,2.259869233967038e-07,3.959145828957844e-07,3,,volta,-6.64591669032587,0.0004753808193403514
-8.899999618530273,2.2119631637451675e-07,3.882383623476926e-07,3,0.10000038146972656,ida,-6.655222109697997,0.0004703151245436582
-8.800000190734863,2.1705504593683145e-07,3.8146259839777485e-07,3,0.09999942779541016,ida,-6.663430113547698,0.0004658916675975558
-8.699999809265137,2.1326913213215448e-07,3.7512259609684406e-07,3,0.10000038146972656,ida,-6.671071998346999,0.00046181071028307096
-8.600000381469727,2.0975829784219968e-07,3.6910341805196367e-07,3,0.09999942779541016,ida,-6.67828084987567,0.0004579937748945936
-8.5,2.0651560816986603e-07,3.6344607678984175e-07,3,0.10000038146972656,ida,-6.685047119378609,0.00045443988399992584
-8.399999618530273,2.0341104800536414e-07,3.579548319976311e-07,3,0.10000038146972656,ida,-6.69162546263519,0.00045101113955795387
-8.300000190734863,2.0042186577029497e-07,3.5260666209069313e-07,3,0.09999942779541016,ida,-6.698054899245151,0.0004476850073101566
-8.199999809265137,1.9749721502648754e-07,3.4731382925201615e-07,3,0.10000038146972656,ida,-6.704439024124389,0.00044440658751473017
-8.100000381469727,1.9466433798243088e-07,3.4202116694359574e-07,3,0.09999942779541016,ida,-6.710713602850907,0.00044120781722724594
-8.0,1.918161132152818e-07,3.3683863875921816e-07,3,0.10000038146972656,ida,-6.7171149133981425,0.0004379681646139155
-7.900000095367432,1.8905224408172216e-07,3.316035019906849e-07,3,0.09999990463256836,ida,-6.723418163122791,0.00043480138463639024
-7.800000190734863,1.8615619978845643e-07,3.265090242621227e-07,3,0.09999990463256836,ida,-6.730122495362437,0.00043145822484738476
-7.699999809265137,1.8339656548960193e-07,3.214015578123508e-07,3,0.10000038146972656,ida,-6.736608801724234,0.00042824825217343496
-7.599999904632568,1.80654865289398e-07,3.162798805078637e-07,3,0.09999990463256836,ida,-6.7431503377777435,0.0004250351341823379
-7.5,1.7786300077204942e-07,3.1109880183066707e-07,3,0.09999990463256836,ida,-6.749914384865576,0.0004217380712860168
-7.400000095367432,1.7519461437132122e-07,3.0609785994784033e-07,3,0.09999990463256836,ida,-6.756479248537613,0.0004185625572973785
-7.300000190734863,1.7259785067835764e-07,3.012121965184633e-07,3,0.09999990463256836,ida,-6.7629646167572,0.00041544897481924015
-7.199999809265137,1.699375502539624e-07,2.962387668503652e-07,3,0.10000038146972656,ida,-6.769710646638765,0.00041223482416453174
-7.099999904632568,1.6720909457035305e-07,2.911220065016096e-07,3,0.09999990463256836,ida,-6.776740104801882,0.000408912086603408
-7.0,1.6455108209356695e-07,2.8611043489945587e-07,3,0.09999990463256836,ida,-6.783699257424789,0.00040564896412238863
-6.900000095367432,1.6199319929910416e-07,2.8128451390330156e-07,3,0.09999990463256836,ida,-6.790503217363958,0.00040248378762268693
-6.800000190734863,1.594617060618475e-07,2.7649673484120285e-07,3,0.09999990463256836,ida,-6.797343593752742,0.00039932656568508876
-6.699999809265137,1.568828622566798e-07,2.71677777163859e-07,3,0.10000038146972656,ida,-6.80442449576211,0.0003960844130443406
-6.599999904632568,1.5446599377355597e-07,2.668683123374649e-07,3,0.09999990463256836,ida,-6.81116711715868,0.00039302161998235665
-6.5,1.5191734803465806e-07,2.622162753596058e-07,3,0.09999990463256836,ida,-6.818392629524112,0.00038976576046987255
-6.400000095367432,1.4943628912078566e-07,2.574878692485072e-07,3,0.09999990463256836,ida,-6.825543925605255,0.0003865699019851205
-6.300000190734863,1.4695285699417582e-07,2.528010440983053e-07,3,0.09999990463256836,ida,-6.832821966142958,0.00038334430606724266
-6.199999809265137,1.4444088947129785e-07,2.480633725099324e-07,3,0.10000038146972656,ida,-6.840309845838626,0.00038005379812770964
-6.099999904632568,1.4203810394519678e-07,2.433056067729922e-07,3,0.09999990463256836,ida,-6.847595133692546,0.00037687942892282775
-6.0,1.3951905941667064e-07,2.386749997640436e-07,3,0.09999990463256836,ida,-6.855366460246418,0.0003735225018879996
-5.900000095367432,1.3705944468256348e-07,2.3397815596126748e-07,3,0.09999990463256836,ida,-6.863091032126,0.00037021540308658616
-5.800000190734863,1.3461303183248674e-07,2.2932803744879493e-07,3,0.09999990463256836,ida,-6.870912894205839,0.0003668964865360348
-5.699999809265137,1.3215330341154186e-07,2.246375601089312e-07,3,0.10000038146972656,ida,-6.87892197641821,0.0003635289581471356
-5.599999904632568,1.2955359807165223e-07,2.1971185049096675e-07,3,0.09999990463256836,ida,-6.8875505209184915,0.0003599355471076068
-5.5,1.2702236062978045e-07,2.149252509298094e-07,3,0.09999990463256836,ida,-6.89611982043523,0.000356401964963411
-5.400000095367432,1.245918355152753e-07,2.1028584740179213e-07,3,0.09999990463256836,ida,-6.904510415998186,0.00035297568686139746
-5.300000190734863,1.2205670429921156e-07,2.0548313273138774e-07,3,0.09999990463256836,ida,-6.913438360776197,0.000349366146469877
-5.199999809265137,1.1958954360125063e-07,2.007859052355343e-07,3,0.10000038146972656,ida,-6.922306791541598,0.0003458172112565403
-5.099999904632568,1.1715587788785342e-07,1.9616521740317694e-07,3,0.09999990463256836,ida,-6.931235917308404,0.00034228040827347014
-5.0,1.147283654745479e-07,1.91526893900118e-07,3,0.09999990463256836,ida,-6.940329193728424,0.00033871575911750536
-4.900000095367432,1.1233800023546792e-07,1.8695526193823753e-07,3,0.09999990463256836,ida,-6.949473311405501,0.0003351686146336914
-4.800000190734863,1.0994904187100474e-07,1.8239944665765506e-07,3,0.09999990463256836,ida,-6.958808550859341,0.00033158564786643695
-4.699999809265137,1.0759594459841537e-07,1.7790020478969382e-07,3,0.10000038146972656,ida,-6.9682040973659225,0.000328018207723924
-4.599999904632568,1.0523987015176317e-07,1.7339111479941494e-07,3,0.09999990463256836,ida,-6.977819696432093,0.0003244069514541314
-4.5,1.0289333118862487e-07,1.688829058821284e-07,3,0.09999990463256836,ida,-6.98761277219418,0.00032076990380742527
-4.400000095367432,1.0060581701054616e-07,1.642458329342844e-07,3,0.09999990463256836,ida,-6.997376907723979,0.00031718420044281234
-4.300000190734863,9.808574930048053e-08,1.598229175669985e-07,3,0.09999990463256836,ida,-7.008394085889543,0.0003131864449500976
-4.199999809265137,9.579245840996009e-08,1.5529909092037997e-07,3,0.10000038146972656,ida,-7.018668680899161,0.0003095035676853501
-4.099999904632568,9.345326645870955e-08,1.5082851234637928e-07,3,0.09999990463256836,ida,-7.029405514186696,0.00030570126996581085
-4.0,9.113517762671108e-08,1.4637676315487624e-07,3,0.09999990463256836,ida,-7.040313955625397,0.000301886034169703
-3.9000000953674316,8.883470314913211e-08,1.4195873632161238e-07,3,0.09999990463256836,ida,-7.051417344559443,0.0002980515108989252
-3.799999952316284,8.652670402398144e-08,1.3751578364917805e-07,3,0.10000014305114746,ida,-7.062849839119359,0.00029415421809653083
-3.700000047683716,8.423184993944233e-08,1.3310082636053266e-07,3,0.09999990463256836,ida,-7.0745236610243705,0.0002902272384519453
-3.5999999046325684,8.195332412697098e-08,1.2871510080003645e-07,3,0.10000014305114746,ida,-7.086433426221339,0.00028627491005495223
-3.5,7.967006609987948e-08,1.2432582252586144e-07,3,0.09999990463256836,ida,-7.098704822513095,0.0002822588636338627
-3.4000000953674316,7.739397744899179e-08,1.1995658155683486e-07,3,0.09999990463256836,ida,-7.111292833405408,0.0002781977308480279
-3.299999952316284,7.512313260349401e-08,1.1557523293959093e-07,3,0.10000014305114746,ida,-7.12422631046445,0.000274085994905785
-3.200000047683716,7.282854852519449e-08,1.1116910059172369e-07,3,0.09999990463256836,ida,-7.137698345459436,0.00026986765001606715
-3.0999999046325684,7.05390874600198e-08,1.0676900785711041e-07,3,0.10000014305114746,ida,-7.151570162950942,0.0002655919566930064
-3.0,6.827231402439793e-08,1.0240147219064966e-07,3,0.09999990463256836,ida,-7.165755376905235,0.00026128971281777995
-2.9000000953674316,6.602492419460759e-08,9.806644385434993e-08,3,0.09999990463256836,ida,-7.180292088748566,0.00025695315564243924
-2.799999952316284,6.373935690362487e-08,9.367880693389452e-08,3,0.10000014305114746,ida,-7.19559232264164,0.0002524665461078455
-2.700000047683716,6.150929010573236e-08,8.937119844176777e-08,3,0.09999990463256836,ida,-7.211059285249741,0.0002480106653064185
-2.5999999046325684,5.926828094970915e-08,8.504638060458092e-08,3,0.10000014305114746,ida,-7.227177669097785,0.00024345077726248718
-2.5,5.706787931103463e-08,8.078372815134571e-08,3,0.09999990463256836,ida,-7.243608265888538,0.0002388888430024195
-2.4000000953674316,5.4877620669913085e-08,7.651963329635691e-08,3,0.09999990463256836,ida,-7.260604726607575,0.00023425972908272793
-2.299999952316284,5.268792691026647e-08,7.226920928360414e-08,3,0.10000014305114746,ida,-7.278288889093639,0.00022953850855633455
-2.200000047683716,5.05018284968628e-08,6.802130769756332e-08,3,0.09999990463256836,ida,-7.296692897292792,0.00022472611885773937
-2.0999999046325684,4.8363247628913086e-08,6.384696860095573e-08,3,0.10000014305114746,ida,-7.315484543626826,0.00021991645602117429
-2.0,4.623913341106345e-08,5.969077676581946e-08,3,0.09999990463256836,ida,-7.33499031382455,0.00021503286588580697
-1.899999976158142,4.414365761817862e-08,5.5561120149150156e-08,3,0.10000002384185791,ida,-7.3551316852753725,0.00021010392099667875
-1.7999999523162842,4.2060449345626694e-08,5.1455170790859484e-08,3,0.10000002384185791,ida,-7.376126091913994,0.0002050864435930047
-1.7000000476837158,4.000198217113393e-08,4.738082637345542e-08,3,0.09999990463256836,ida,-7.397918488055611,0.0002000049553664457
-1.600000023841858,3.793200065160818e-08,4.340036952044102e-08,3,0.10000002384185791,ida,-7.4209942506523445,0.00019476139415091528
-1.5,3.604717946359415e-08,3.947597093656441e-08,3,0.10000002384185791,ida,-7.443128711286274,0.00018986094770540398
-1.399999976158142,3.404366566428507e-08,3.546526272657502e-08,3,0.10000002384185791,ida,-7.467963683250786,0.00018450925631058478
-1.2999999523162842,3.207764365242838e-08,3.150796246131904e-08,3,0.10000002384185791,ida,-7.493797541458113,0.00017910232732275808
-1.2000000476837158,3.013887805991544e-08,2.759836981169883e-08,3,0.09999990463256836,ida,-7.520872918625793,0.00017360552427821946
-1.100000023841858,2.824515021870866e-08,2.374559038287316e-08,3,0.10000002384185791,ida,-7.549056111174325,0.00016806293529124337
-1.0,2.6402249275747636e-08,1.9954194740989806e-08,3,0.10000002384185791,ida,-7.57835907288645,0.00016248768961292924
-0.8999999761581421,2.460176951046833e-08,1.6231412658385125e-08,3,0.10000002384185791,ida,-7.609033654644825,0.0001568495123054845
-0.800000011920929,2.287013423085682e-08,1.2608944111036635e-08,3,0.09999996423721313,ida,-7.640731286396778,0.0001512287480304483
-0.699999988079071,2.1210009748529046e-08,9.067493422776352e-09,3,0.10000002384185791,ida,-7.673459131873282,0.00014563656734669711
-0.6000000238418579,1.9622982350142593e-08,5.7772604478145695e-09,3,0.09999996423721313,ida,-7.7072349867736145,0.0001400820557749728
-0.5,1.8192908513015027e-08,2.5533279934819575e-09,3,0.10000002384185791,ida,-7.740097864423204,0.00013488109027219133
-0.4000000059604645,1.683294570398175e-08,5.851508166898611e-10,3,0.09999999403953552,ida,-7.773839877426352,0.0001297418425334778
-0.30000001192092896,1.556900919297277e-08,3.65667718327245e-09,3,0.09999999403953552,ida,-7.807739024921694,0.0001247758357734893
-0.20000000298023224,1.4392194103152178e-08,6.6290062328278054e-09,3,0.10000000894069672,ida,-7.841872992425189,0.00011996747102090708
-0.10000000149011612,1.3317718483563112e-08,9.717838977962856e-09,3,0.10000000149011612,ida,-7.875570169675289,0.00011540241974743473
0.0,1.2230787049816172e-08,1.2645603675309758e-08,3,0.10000000149011612,ida,-7.912545595261822,0.00011059288878502167
0.10000000149011612,1.1289956525217804e-08,1.5437708000831663e-08,3,0.10000000149011612,ida,-7.9473077304306,0.00010625420709420312
0.20000000298023224,1.0461528532346165e-08,1.8127904510834014e-08,3,0.10000000149011612,ida,-7.980404856131774,0.00010228161385286294
0.30000001192092896,9.71838787222623e-09,2.0813505585692837e-08,3,0.10000000894069672,ida,-8.012405771726403,9.858188409756749e-05
0.4000000059604645,9.092890884687677e-09,2.3616706812390476e-08,3,0.09999999403953552,ida,-8.041298020444923,9.535665097248161e-05
0.5,8.418660435438596e-09,2.641784746515441e-08,3,0.09999999403953552,ida,-8.07475700728652,9.17532584458917e-05
0.6000000238418579,7.90468313027759e-09,2.9352285935146938e-08,3,0.10000002384185791,ida,-8.102115534653988,8.89082849360935e-05
0.699999988079071,7.5097217333564e-09,3.2395099935911276e-08,3,0.09999996423721313,ida,-8.124376155127226,8.665865065506387e-05
0.800000011920929,7.299957083262143e-09,3.550954019715391e-08,3,0.10000002384185791,ida,-8.136679693106561,8.543978630159455e-05
0.8999999761581421,7.312336958165133e-09,3.860787956000422e-08,3,0.09999996423721313,ida,-8.135943804186152,8.551220356279642e-05
1.0,7.641674848457569e-09,4.174905399167983e-08,3,0.10000002384185791,ida,-8.116811445386798,8.741667374395785e-05
1.100000023841858,8.312600385806945e-09,4.485443483304152e-08,3,0.10000002384185791,ida,-8.080263096968386,9.117346316668543e-05
1.2000000476837158,9.452250537833606e-09,4.789402296978551e-08,3,0.10000002384185791,ida,-8.024464775639263,9.722268530458108e-05
1.2999999523162842,1.2179016906088691e-08,5.0415657426583493e-08,3,0.09999990463256836,ida,-7.914387766669668,0.00011035858329141731
1.399999976158142,1.4373683576707208e-08,5.3395190491301037e-08,3,0.10000002384185791,ida,-7.8424319199636585,0.00011989029809249457
1.5,1.7304483179714225e-08,5.621538434752438e-08,3,0.10000002384185791,ida,-7.761841366930384,0.00013154650576778626
1.600000023841858,2.104756902099325e-08,5.893695131931054e-08,3,0.10000002384185791,ida,-7.676798057630484,0.00014507780333666915
1.7000000476837158,2.5753434940156694e-08,6.153856446644568e-08,3,0.10000002384185791,ida,-7.589164837455166,0.00016047876787960672
1.7999999523162842,3.148154803511716e-08,6.398866503332101e-08,3,0.09999990463256836,ida,-7.501943920322522,0.00017743040335612483
1.899999976158142,3.839997120280714e-08,6.637700522560408e-08,3,0.10000002384185791,ida,-7.415669101321705,0.00019595910594511076
2.0,4.655992924540442e-08,6.869334612247258e-08,3,0.10000002384185791,ida,-7.331987688331402,0.00021577749939556817
2.0999999046325684,5.9472579749808574e-08,7.037328231263018e-08,3,0.09999990463256836,ida,-7.225683222644039,0.00024387000584288462
2.200000047683716,6.96828124091553e-08,7.292706527550763e-08,3,0.10000014305114746,ida,-7.156874329453774,0.0002639750223205887
2.299999952316284,8.227691239426349e-08,7.549540015361345e-08,3,0.09999990463256836,ida,-7.0847220144407785,0.00028683952376592646
2.4000000953674316,9.691588331861567e-08,7.803497226177569e-08,3,0.10000014305114746,ida,-7.013605041604069,0.0003113131595654377
2.5,1.1408929623257791e-07,8.054070832486104e-08,3,0.09999990463256836,ida,-6.942755098834928,0.0003377710707455242
2.5999999046325684,1.3466528514527454e-07,8.305610066372537e-08,3,0.09999990463256836,ida,-6.870744344981792,0.00036696768951131724
2.700000047683716,1.5828602784040413e-07,8.558222219789968e-08,3,0.10000014305114746,ida,-6.8005574193108735,0.00039785176616474147
2.799999952316284,1.8580676908186433e-07,8.807605667016105e-08,3,0.09999990463256836,ida,-6.730938468376007,0.00043105309311251247
2.9000000953674316,2.176404763076789e-07,9.055008121094943e-08,3,0.10000014305114746,ida,-6.662260332308633,0.00046651953475463265
3.0,2.542706738495326e-07,9.288049085398598e-08,3,0.09999990463256836,ida,-6.594703726020733,0.0005042525893334933
3.0999999046325684,2.957581841656065e-07,9.544338297473587e-08,3,0.09999990463256836,ida,-6.5290632288174155,0.0005438365417711525
3.200000047683716,3.4515483093855437e-07,9.863424565992318e-08,3,0.10000014305114746,ida,-6.461986043656889,0.0005874987922868901
3.299999952316284,4.0005895129979763e-07,1.0041983244946096e-07,3,0.09999990463256836,ida,-6.3978760078275805,0.0006325021354112551
3.4000000953674316,4.632751711142191e-07,1.0221963009371393e-07,3,0.10000014305114746,ida,-6.3341609748605965,0.0006806432039726975
3.5,5.496756330103381e-07,1.0320423626808406e-07,3,0.09999990463256836,ida,-6.259893514778323,0.0007414011282769525
3.5999999046325684,6.250237447602558e-07,1.0503236325121179e-07,3,0.09999990463256836,ida,-6.204103483419974,0.0007905844324044433
3.700000047683716,7.147351084313414e-07,1.0699762498234122e-07,3,0.10000014305114746,ida,-6.145854884439324,0.0008454200780862384
3.799999952316284,8.153918429343321e-07,1.0921263537966297e-07,3,0.09999990463256836,ida,-6.088633637483234,0.0009029904999136658
3.9000000953674316,9.341121653960727e-07,1.1172051017638296e-07,3,0.10000014305114746,ida,-6.02960097185576,0.0009664947829119787
4.0,1.0656386848495458e-06,1.1444387126857691e-07,3,0.09999990463256836,ida,-5.97239002211546,0.0010322977694684542
4.099999904632568,1.218019633597578e-06,1.1741911265517047e-07,3,0.09999990463256836,ida,-5.914345711133057,0.0011036392678758662
4.199999809265137,1.3923324786446756e-06,1.205633139989004e-07,3,0.09999990463256836,ida,-5.8562570460478005,0.0011799713889093565
4.300000190734863,1.5940534012770513e-06,1.2381960345919651e-07,3,0.10000038146972656,ida,-5.797497133698076,0.0012625582763884807
4.400000095367432,1.8323739823244978e-06,1.2715338471025461e-07,3,0.09999990463256836,ida,-5.736985883351489,0.001353652090577375
4.5,2.1086523247504374e-06,1.3061571735306643e-07,3,0.09999990463256836,ida,-5.675995020966829,0.0014521199415855556
4.599999904632568,2.4262999431812204e-06,1.342237396784185e-07,3,0.09999990463256836,ida,-5.615055511954008,0.001557658480919749
4.699999809265137,2.785151764328475e-06,1.3779806806724082e-07,3,0.09999990463256836,ida,-5.55515113491947,0.0016688773964340445
4.800000190734863,3.20204344461672e-06,1.4144502813451254e-07,3,0.10000038146972656,ida,-5.494572779965341,0.0017894254509804872
4.900000095367432,3.6811845802731114e-06,1.4515563862005365e-07,3,0.09999990463256836,ida,-5.434012405812144,0.0019186413370594075
5.0,4.224485110171372e-06,1.4893187483266956e-07,3,0.09999990463256836,ida,-5.374226216285433,0.0020553552272469526
5.099999904632568,4.857858129980741e-06,1.5274082443283987e-07,3,0.09999990463256836,ida,-5.3135551725828005,0.002204054928984471
5.199999809265137,5.725359187636059e-06,1.56573435106111e-07,3,0.09999990463256836,ida,-5.242197262120827,0.0023927722807730906
5.300000190734863,6.525689968839288e-06,1.602806776190846e-07,3,0.10000038146972656,ida,-5.185373563098053,0.002554543005869991
5.400000095367432,7.4647759902291e-06,1.6386813683766377e-07,3,0.09999990463256836,ida,-5.126983220446271,0.0027321742239888548
5.5,8.506914127792697e-06,1.678248935377269e-07,3,0.09999990463256836,ida,-5.0702279511158705,0.0029166614695217367
5.599999904632568,9.695527296571527e-06,1.717532995826332e-07,3,0.09999990463256836,ida,-5.013428566599301,0.0031137641684256577
5.699999809265137,1.1027742402802687e-05,1.7581663769306033e-07,3,0.09999990463256836,ida,-4.9575133871389845,0.0033208044812669544
5.800000190734863,1.2543196135084145e-05,1.7973424348838307e-07,3,0.10000038146972656,ida,-4.901591786713517,0.003541637493460355
5.900000095367432,1.4226259736460634e-05,1.837442766827735e-07,3,0.09999990463256836,ida,-4.846909266418299,0.00377177143216031
6.0,1.60817799041979e-05,1.8772820453705208e-07,3,0.09999990463256836,ida,-4.793665885948726,0.004010209458893375
6.099999904632568,1.8126227587345056e-05,1.9158966324539506e-07,3,0.09999990463256836,ida,-4.741692571440748,0.004257490761862562
6.199999809265137,2.0380730347824283e-05,1.9561069564133504e-07,3,0.09999990463256836,ida,-4.6907802570152315,0.004514502225918632
6.300000190734863,2.284829315613024e-05,1.9963998454386456e-07,3,0.10000038146972656,ida,-4.64114623763182,0.00477998882384993
6.400000095367432,2.5566370823071338e-05,2.0366292119433638e-07,3,0.09999990463256836,ida,-4.592330916219873,0.0050563198893139
6.5,2.853896512533538e-05,2.0752136720147973e-07,3,0.09999990463256836,ida,-4.544561779241868,0.005342187297852386
6.599999904632568,3.172012293362059e-05,2.1147764073248254e-07,3,0.09999990463256836,ida,-4.498665138211634,0.005632062049873082
6.699999809265137,3.5165943700121716e-05,2.1527694116230123e-07,3,0.09999990463256836,ida,-4.453877723529796,0.0059300880010436366
6.800000190734863,3.88910120818764e-05,2.192578705262349e-07,3,0.10000038146972656,ida,-4.410150754824901,0.006236265876458155
6.900000095367432,4.291193909011781e-05,2.232415283742739e-07,3,0.09999990463256836,ida,-4.3674218602724855,0.006550720501602691
7.0,4.7174304199870676e-05,2.2728522708348464e-07,3,0.09999990463256836,ida,-4.326294496767381,0.006868355276182987
7.099999904632568,5.245238571660593e-05,2.3108502489321836e-07,3,0.09999990463256836,ida,-4.280234753800372,0.007242401930064772
7.199999809265137,5.720873741665855e-05,2.3515684688391048e-07,3,0.09999990463256836,ida,-4.2425376369053485,0.007563645775461629
7.300000190734863,6.221612420631573e-05,2.3910288859951834e-07,3,0.10000038146972656,ida,-4.206097047040207,0.00788771983568862
7.400000095367432,6.74538459861651e-05,2.4306027057718893e-07,3,0.09999990463256836,ida,-4.170993283309334,0.008213029038434305
7.5,7.295578689081594e-05,2.471185780450469e-07,3,0.09999990463256836,ida,-4.136940253940901,0.008541415976921856
7.599999904632568,7.862590427976102e-05,2.51245836579983e-07,3,0.09999990463256836,ida,-4.104434346679241,0.008867124916215009
7.699999809265137,8.455943316221237e-05,2.552263254074205e-07,3,0.09999990463256836,ida,-4.072837936951203,0.009195620325035847
7.800000190734863,9.06085770111531e-05,2.590786039036175e-07,3,0.10000038146972656,ida,-4.0428306900460615,0.009518853765614487
7.900000095367432,9.679719369160011e-05,2.630935966863035e-07,3,0.09999990463256836,ida,-4.014137233413914,0.009838556484139333
8.0,0.00010319896682631224,2.671043546342844e-07,3,0.09999990463256836,ida,-3.9863246506145975,0.010158689227765177
8.100000381469727,0.00010976383782690391,2.710853834742011e-07,3,0.10000038146972656,ida,-3.959540716525187,0.010476823842506082
8.199999809265137,0.00011635701230261475,2.752661885097041e-07,3,0.09999942779541016,ida,-3.934207438655181,0.010786890761596446
8.300000190734863,0.00012313052138779312,2.793826752167661e-07,3,0.10000038146972656,ida,-3.9096342815340313,0.011096419304793466
8.399999618530273,0.0001299599534831941,2.834634642567835e-07,3,0.09999942779541016,ida,-3.886190452774852,0.011399997959789033
8.5,0.00013668475730810314,2.8757273184965015e-07,3,0.10000038146972656,ida,-3.8642799140062665,0.011691225654656707
8.600000381469727,0.00014360864588525146,2.9177166993576975e-07,3,0.10000038146972656,ida,-3.842819412828928,0.011983682484330576
8.699999809265137,0.00015051494119688869,2.9590216854558093e-07,3,0.09999942779541016,ida,-3.822420386732698,0.012268453088995723
8.800000190734863,0.000157405695063062,3.000423589583079e-07,3,0.10000038146972656,ida,-3.8029795585734103,0.012546142636805226
8.899999618530273,0.00016435625730082393,3.039840521523729e-07,3,0.09999942779541016,ida,-3.784213756994655,0.012820150439867074
9.0,0.00017115507216658443,3.081676709371095e-07,3,0.10000038146972656,ida,-3.7666102260538956,0.013082624819453641
9.100000381469727,0.00017802864022087306,3.1232718811224913e-07,3,0.10000038146972656,ida,-3.7495101252791296,0.013342737358610978
9.199999809265137,0.00018470930808689445,3.165422697293252e-07,3,0.09999942779541016,ida,-3.733511218534216,0.013590780260415311
9.300000190734863,0.00019144111138302833,3.2064684774013585e-07,3,0.10000038146972656,ida,-3.7179647931549855,0.01383622460727739
9.399999618530273,0.0001981873792828992,3.248208031436661e-07,3,0.09999942779541016,ida,-3.7029240051600842,0.01407790393783461
9.5,0.00020477361977100372,3.29101709439783e-07,3,0.10000038146972656,ida,-3.6887259926465026,0.014309913339045898
9.600000381469727,0.00021131595713086426,3.3332656812490313e-07,3,0.10000038146972656,ida,-3.675067706770601,0.014536710670948371
9.699999809265137,0.00021775324421469122,3.375129722371639e-07,3,0.09999942779541016,ida,-3.662035365899896,0.014756464488985538
9.800000190734863,0.00022408155200537294,3.418671497001924e-07,3,0.10000038146972656,ida,-3.6495938962184264,0.014969353760445805
9.899999618530273,0.00023021938977763057,3.462825191036245e-07,3,0.09999942779541016,ida,-3.6378581015628537,0.015172982230848047
10.0,0.00023632822558283806,3.506031589495251e-07,3,0.10000038146972656,ida,-3.6264844058207704,0.015372970616729808
10.100000381469727,0.0002422999677946791,3.551108704868966e-07,3,0.10000038146972656,ida,-3.615646643586778,0.015565987530339317
10.199999809265137,0.0002482786076143384,3.59599226840146e-07,3,0.09999942779541016,ida,-3.6050606988718874,0.01575685906563673
10.300000190734863,0.0002540426794439554,3.6378429513206356e-07,3,0.10000038146972656,ida,-3.5950933153094877,0.01593871636751076
10.399999618530273,0.0002596857666503638,3.68011484397357e-07,3,0.09999942779541016,ida,-3.585551853353391,0.016114768588172894
10.5,0.0002652280090842396,3.7249193951538473e-07,3,0.10000038146972656,ida,-3.5763806147000947,0.016285822333681515
10.600000381469727,0.0002707258681766689,3.7672060670956853e-07,3,0.10000038146972656,ida,-3.5674702448957785,0.016453749365316978
10.699999809265137,0.00027601636247709394,3.811595945535373e-07,3,0.09999942779541016,ida,-3.5590651718373936,0.01661374017122857
10.800000190734863,0.0002812776656355709,3.854906935885083e-07,3,0.10000038146972656,ida,-3.550864750864702,0.016771334640855833
10.899999618530273,0.0002864518028218299,3.8996910234345705e-07,3,0.09999942779541016,ida,-3.5429484401167293,0.01692488708446322
11.0,0.00029147128225304186,3.943743251966225e-07,3,0.10000038146972656,ida,-3.5354042284638965,0.01707253004838597
11.100000381469727,0.00029637577245011926,3.9855888189777033e-07,3,0.10000038146972656,ida,-3.5281573011018628,0.01721556773534115
11.199999809265137,0.0003013249079231173,4.029645594982867e-07,3,0.09999942779541016,ida,-3.520964967475452,0.01735871273807817
11.300000190734863,0.0003060436574742198,4.0740110307524446e-07,3,0.10000038146972656,ida,-3.514216616499674,0.017494103505873625
11.399999618530273,0.0003106994554400444,4.1190961042048e-07,3,0.09999942779541016,ida,-3.5076595079281314,0.017626668869643078
11.5,0.0003151950368192047,4.164587892319105e-07,3,0.10000038146972656,ida,-3.5014206296945463,0.017753733038975344
11.600000381469727,0.00031969757401384413,4.2111864217986295e-07,3,0.10000038146972656,ida,-3.495260659306661,0.0178800887585561
11.699999809265137,0.00032407580874860287,4.258031935933104e-07,3,0.09999942779541016,ida,-3.4893533864904906,0.018002105675409275
11.800000190734863,0.00032839496270753443,4.304910987684707e-07,3,0.10000038146972656,ida,-3.4836035132002823,0.01812167107933301
11.899999618530273,0.0003326558507978916,4.351124118784355e-07,3,0.09999942779541016,ida,-3.4780048337183276,0.018238855523247385
12.0,0.00033676798921078444,4.395134283186053e-07,3,0.10000038146972656,ida,-3.4726691961801524,0.018351239446173232
12.0,0.0003404471790418029,4.3903804680667236e-07,3,0.0,volta,-3.467950260051226,0.01845121077441269
11.899999618530273,0.00034341018181294203,4.3385270487306116e-07,3,-0.10000038146972656,volta,-3.4641868325308884,0.01853132973677124
11.800000190734863,0.0003460868611000478,4.286586943180737e-07,3,-0.09999942779541016,volta,-3.4608148880218526,0.018603409932054064
11.699999809265137,0.0003486092609819025,4.2343555151092005e-07,3,-0.10000038146972656,volta,-3.4576610798195033,0.018671080873423007
11.600000381469727,0.00035083983675576746,4.183594626283593e-07,3,-0.09999942779541016,volta,-3.4548910997388953,0.01873071906670343
11.5,0.00035296869464218616,4.1342951817568974e-07,3,-0.10000038146972656,volta,-3.452263811176055,0.018787461101548185
11.399999618530273,0.0003550226101651788,4.0850031268746534e-07,3,-0.10000038146972656,volta,-3.44974398734693,0.01884204368334759
11.300000190734863,0.000356868258677423,4.0357858210882114e-07,3,-0.09999942779541016,volta,-3.447492078254135,0.018890957060917347
11.199999809265137,0.0003586208913475275,3.9870658952168014e-07,3,-0.10000038146972656,volta,-3.445364414348088,0.018937288384230925
11.100000381469727,0.00036029881448484957,3.9381245642289286e-07,3,-0.09999942779541016,volta,-3.4433371668630963,0.018981538780742976
11.0,0.00036181785981170833,3.889283277658251e-07,3,-0.10000038146972656,volta,-3.4415099995927445,0.01902151045032198
10.899999618530273,0.00036338355857878923,3.840450517600402e-07,3,-0.10000038146972656,volta,-3.4396347263951816,0.019062622027905533
10.800000190734863,0.00036474212538450956,3.7917362760708784e-07,3,-0.09999942779541016,volta,-3.438014075552321,0.019098223094950732
10.699999809265137,0.0003660168149508536,3.7429100530061987e-07,3,-0.10000038146972656,volta,-3.436498962494596,0.01913156593044212
10.600000381469727,0.0003672642633318901,3.69416511603049e-07,3,-0.09999942779541016,volta,-3.4350213286458198,0.0191641400363254
10.5,0.000368431763490662,3.644678372438648e-07,3,-0.10000038146972656,volta,-3.4336429351688262,0.019194576408211303
10.399999618530273,0.00036957740667276084,3.5951654808741296e-07,3,-0.10000038146972656,volta,-3.4322945863081658,0.019224396132850593
10.300000190734863,0.00037060558679513633,3.545444542396581e-07,3,-0.09999942779541016,volta,-3.4310880380769944,0.01925111910500624
10.199999809265137,0.0003715940110851079,3.4941788840114896e-07,3,-0.10000038146972656,volta,-3.4299312940692723,0.01927677387648431
10.100000381469727,0.0003725418646354228,3.443402931679884e-07,3,-0.09999942779541016,volta,-3.4288249160471533,0.01930134359663655
10.0,0.00037343669100664556,3.392605663066206e-07,3,-0.10000038146972656,volta,-3.427783013867161,0.019324510110392077
9.899999618530273,0.00037425916525535285,3.34206276875193e-07,3,-0.10000038146972656,volta,-3.426827555390825,0.019345779003579897
9.800000190734863,0.00037505419459193945,3.29155000144965e-07,3,-0.09999942779541016,volta,-3.4259059730411776,0.019366315978831376
9.699999809265137,0.00037582387449219823,3.2410775929747615e-07,3,-0.10000038146972656,volta,-3.4250156344779685,0.019386177407941935
9.600000381469727,0.00037653473555110395,3.192154451880924e-07,3,-0.09999942779541016,volta,-3.424194953693486,0.01940450297098856
9.5,0.00037721911212429404,3.1428569968738884e-07,3,-0.10000038146972656,volta,-3.423406311481252,0.019422129443608754
9.399999618530273,0.000377816817490384,3.091252551712387e-07,3,-0.10000038146972656,volta,-3.422718714543572,0.0194375105785279
9.300000190734863,0.00037835421971976757,3.042299852040742e-07,3,-0.09999942779541016,volta,-3.4221014180574794,0.019451329510338556
9.199999809265137,0.00037888105725869536,2.9931356948509347e-07,3,-0.10000038146972656,volta,-3.421497107402946,0.019464867255100802
9.100000381469727,0.00037935300497338176,2.944085224498849e-07,3,-0.09999942779541016,volta,-3.420956471404345,0.01947698654754841
9.0,0.00037982570938766,2.8945746066710853e-07,3,-0.10000038146972656,volta,-3.420415642370708,0.019489117717014795
8.899999618530273,0.0003801827842835337,2.8432486942620017e-07,3,-0.10000038146972656,volta,-3.4200075530674807,0.019498276443920208
8.800000190734863,0.00038057140773162246,2.7928541612709523e-07,3,-0.09999942779541016,volta,-3.419563843297634,0.01950823948314205
8.699999809265137,0.0003809030167758465,2.742440017300396e-07,3,-0.10000038146972656,volta,-3.4191855876858246,0.019516736837285234
8.600000381469727,0.0003811453061643988,2.693205658488296e-07,3,-0.09999942779541016,volta,-3.4189094242330618,0.019522943071278952
8.5,0.0003814542724285275,2.6447332857060246e-07,3,-0.10000038146972656,volta,-3.418557516483008,0.019530854370163317
8.399999618530273,0.0003816745593212545,2.598216042315471e-07,3,-0.10000038146972656,volta,-3.4183067871680515,0.01953649301490046
8.300000190734863,0.0003818870463874191,2.5502339440208743e-07,3,-0.09999942779541016,volta,-3.4180650726501836,0.019541930467264976
8.199999809265137,0.00038205081364139915,2.501165852208942e-07,3,-0.10000038146972656,volta,-3.4178788710766503,0.019546120168498892
8.100000381469727,0.00038221952854655683,2.4523640718143724e-07,3,-0.09999942779541016,volta,-3.417687127528666,0.019550435507848844
8.0,0.00038231880171224475,2.4039616164373e-07,3,-0.10000038146972656,volta,-3.417574343678347,0.01955297424210048
7.900000095367432,0.000382423575501889,2.3557576867005992e-07,3,-0.09999990463256836,volta,-3.417455342351021,0.01955565328752504
7.800000190734863,0.00038245966425165534,2.3080643529738154e-07,3,-0.09999990463256836,volta,-3.4174143605538543,0.01955657598486134
7.699999809265137,0.0003825160674750805,2.2584885073229088e-07,3,-0.10000038146972656,volta,-3.4173503177150466,0.019558017984322454
7.599999904632568,0.0003825135645456612,2.2095353813256224e-07,3,-0.09999990463256836,volta,-3.4173531594570914,0.019557953996920566
7.5,0.00038243780727498233,2.1612605394238926e-07,3,-0.09999990463256836,volta,-3.417439180519186,0.019556017162883202
7.400000095367432,0.0003823778824880719,2.114035595468522e-07,3,-0.09999990463256836,volta,-3.4175072361427463,0.01955448497117917
7.300000190734863,0.0003822825674433261,2.0665893885052355e-07,3,-0.09999990463256836,volta,-3.417615505893571,0.019552047653463973
7.199999809265137,0.0003821390273515135,2.0185741789191525e-07,3,-0.10000038146972656,volta,-3.4177786061276914,0.019548376591203512
7.099999904632568,0.000382012891350314,1.9680445006997616e-07,3,-0.09999990463256836,volta,-3.4179219812038957,0.019545150072340554
7.0,0.0003819200210273266,1.919575396414075e-07,3,-0.09999990463256836,volta,-3.418027574426419,0.019542774138471913
6.900000095367432,0.00038171091000549495,1.872152921578163e-07,3,-0.09999990463256836,volta,-3.4182654269320363,0.019537423320527582
6.800000190734863,0.0003814460360445082,1.8250003108732926e-07,3,-0.09999990463256836,volta,-3.418566893897307,0.01953064351332306
6.699999809265137,0.00038124556886032224,1.778029599108777e-07,3,-0.10000038146972656,volta,-3.4187951953322244,0.01952551071957715
6.599999904632568,0.00038098101504147053,1.7309041311364126e-07,3,-0.09999990463256836,volta,-3.4190966654481554,0.019518734975440148
6.5,0.00038064984255470335,1.6824682802507596e-07,3,-0.09999990463256836,volta,-3.419474345504553,0.019510249679455752
6.400000095367432,0.0003803599101956934,1.6348745646155294e-07,3,-0.09999990463256836,volta,-3.419805263812184,0.019502818006526475
6.300000190734863,0.0003800364211201668,1.587701206062775e-07,3,-0.09999990463256836,volta,-3.42017478040017,0.019494522849256065
6.199999809265137,0.00037966278614476323,1.5405278475100204e-07,3,-0.10000038146972656,volta,-3.4206019695286978,0.01948493741700915
6.099999904632568,0.0003792161587625742,1.4942919790428277e-07,3,-0.09999990463256836,volta,-3.421113165237179,0.01947347320748341
6.0,0.00037877625436522067,1.4484039922990632e-07,3,-0.09999990463256836,volta,-3.4216172549100463,0.01946217496492159
5.900000095367432,0.0003783729625865817,1.4023036953858536e-07,3,-0.09999990463256836,volta,-3.4220799045614023,0.01945181129320819
5.800000190734863,0.00037791323848068714,1.3558212685893523e-07,3,-0.09999990463256836,volta,-3.4226078942740203,0.01943999070166154
5.699999809265137,0.00037737644743174314,1.3094582129724586e-07,3,-0.10000038146972656,volta,-3.4232252082241263,0.019426179434766454
5.599999904632568,0.0003768575843423605,1.2635531732030358e-07,3,-0.09999990463256836,volta,-3.4238227400315937,0.019412820102766123
5.5,0.00037628260906785727,1.217736809167036e-07,3,-0.09999990463256836,volta,-3.4244858533261584,0.01939800528579826
5.400000095367432,0.00037571031134575605,1.1720038628482143e-07,3,-0.09999990463256836,volta,-3.425146885588436,0.019383248214521632
5.300000190734863,0.00037512416020035744,1.126142663565588e-07,3,-0.09999990463256836,volta,-3.425824963831693,0.019368122268313918
5.199999809265137,0.00037448087823577225,1.0809214501250608e-07,3,-0.10000038146972656,volta,-3.4265703533682705,0.01935150842275021
5.099999904632568,0.00037384394090622663,1.035883840927454e-07,3,-0.09999990463256836,volta,-3.427309653809105,0.01933504437300899
5.0,0.00037317999522201717,9.910267806390038e-08,3,-0.09999990463256836,volta,-3.428081645197644,0.019317867253452622
4.900000095367432,0.00037244067061692476,9.463364847306366e-08,3,-0.09999990463256836,volta,-3.428942900032082,0.019298721994394467
4.800000190734863,0.00037169037386775017,9.017455937510022e-08,3,-0.09999990463256836,volta,-3.4298186862280633,0.01927927316751724
4.699999809265137,0.00037087337113916874,8.575430854307342e-08,3,-0.10000038146972656,volta,-3.4307743480746953,0.019258072882278973
4.599999904632568,0.0003701329114846885,8.129676842827394e-08,3,-0.09999990463256836,volta,-3.4316422965836026,0.019238838620994993
4.5,0.0003692563041113317,7.689168768365562e-08,3,-0.09999990463256836,volta,-3.432672081480079,0.019216042883781554
4.400000095367432,0.00036835408536717296,7.251126987739553e-08,3,-0.09999990463256836,volta,-3.4337345090788656,0.01919255286216956
4.300000190734863,0.0003673782048281282,6.816293307565502e-08,3,-0.09999990463256836,volta,-3.434886612329741,0.019167112584532086
4.199999809265137,0.0003664624528028071,6.38476436165547e-08,3,-0.10000038146972656,volta,-3.435970515909334,0.019143209051849356
4.099999904632568,0.00036550030927173793,5.958363047398052e-08,3,-0.09999990463256836,volta,-3.437112251223351,0.019118062382776607
4.0,0.0003645429387688637,5.5334353987746e-08,3,-0.09999990463256836,volta,-3.4382513096722755,0.01909300758835191
3.9000000953674316,0.00036359630757942796,5.1112781562778764e-08,3,-0.09999990463256836,volta,-3.4393805358076657,0.01906820147731369
3.799999952316284,0.0003625606477726251,4.6944744980237374e-08,3,-0.10000014305114746,volta,-3.440619335879403,0.01904102538658633
3.700000047683716,0.0003614537708926946,4.283935339799427e-08,3,-0.09999990463256836,volta,-3.4419472400846796,0.019011937589122646
3.5999999046325684,0.0003600494528654963,3.8989469430816825e-08,3,-0.10000014305114746,volta,-3.44363784470052,0.01897496911369018
3.5,0.0003588226099964231,3.501579470821525e-08,3,-0.09999990463256836,volta,-3.4451201991638767,0.01894261359993449
3.4000000953674316,0.0003575292066670954,3.1109191667155756e-08,3,-0.09999990463256836,volta,-3.4466884747684996,0.018908442735114266
3.299999952316284,0.0003562690399121493,2.730142156792681e-08,3,-0.10000014305114746,volta,-3.4482219165755112,0.018875090461032216
3.200000047683716,0.0003549724060576409,2.358752126951913e-08,3,-0.09999990463256836,volta,-3.4498054057130054,0.018840711399988084
3.0999999046325684,0.0003534760035108775,1.9984932819738788e-08,3,-0.10000014305114746,volta,-3.4516400638940903,0.018800957515798963
3.0,0.00035205433960072696,1.6500557364906854e-08,3,-0.09999990463256836,volta,-3.453390297978211,0.018763111138633885
2.9000000953674316,0.0003506386710796505,1.3147317901029965e-08,3,-0.09999990463256836,volta,-3.4551401883267996,0.01872534835669688
2.799999952316284,0.0003491580137051642,9.902983322263026e-09,3,-0.10000014305114746,volta,-3.4569779857925393,0.018685770353538123
2.700000047683716,0.0003476467973086983,6.925229723009352e-09,3,-0.09999990463256836,volta,-3.4588617671918316,0.018645288877051445
2.5999999046325684,0.00034603485255502164,3.970170858735855e-09,3,-0.10000014305114746,volta,-3.460880156958554,0.018602012056630368
2.5,0.00034432270331308246,1.03873654122566e-09,3,-0.09999990463256836,volta,-3.463034340645536,0.018555934450010393
2.4000000953674316,0.00034257647348567843,1.8973276283418272e-09,3,-0.09999990463256836,volta,-3.4652424656150576,0.018508821504506397
2.299999952316284,0.00034067928208969533,4.863531355425721e-09,3,-0.10000014305114746,volta,-3.4676542766103045,0.018457499345515237
2.200000047683716,0.0003388711193110794,8.089409142542081e-09,3,-0.09999990463256836,volta,-3.4699654428424704,0.0184084523877234
2.0999999046325684,0.0003371390630491078,1.1371548147565136e-08,3,-0.10000014305114746,volta,-3.4721909244775215,0.01836134698351697
2.0,0.0003354136715643108,1.4748211540904776e-08,3,-0.09999990463256836,volta,-3.4744192393926325,0.018314302377221765
1.899999976158142,0.0003335716901347041,1.8225737363763983e-08,3,-0.10000002384185791,volta,-3.476810814569043,0.01826394508682897
1.7999999523162842,0.0003316443180665374,2.181978331350365e-08,3,-0.10000002384185791,volta,-3.4793274389007705,0.018211104251706908
1.7000000476837158,0.0003297780640423298,2.5499193867517533e-08,3,-0.09999990463256836,volta,-3.4817782358419205,0.01815979251099334
1.600000023841858,0.0003277126816101372,2.9264704437537148e-08,3,-0.10000002384185791,volta,-3.4845067522497906,0.018102836286343012
1.5,0.0003254256444051862,3.312163343593966e-08,3,-0.10000002384185791,volta,-3.487548226491873,0.018039557766341894
1.399999976158142,0.00032318796729668975,3.704863615894283e-08,3,-0.10000002384185791,volta,-3.490544816938074,0.017977429385112036
1.2999999523162842,0.0003208146372344345,4.102875905687142e-08,3,-0.10000002384185791,volta,-3.4937458251599245,0.017911299149822563
1.2000000476837158,0.000318425998557359,4.504155270979027e-08,3,-0.09999990463256836,volta,-3.49699148060445,0.017844494909000898
1.100000023841858,0.0003159480693284422,4.908562445393727e-08,3,-0.10000002384185791,volta,-3.5003842941457464,0.017774928110359328
1.0,0.0003126258961856365,5.3121969045832884e-08,3,-0.10000002384185791,volta,-3.5049750502940875,0.01768123005295832
0.8999999761581421,0.0003100671456195414,5.727823193524273e-08,3,-0.10000002384185791,volta,-3.5085442486999487,0.017608723565878972
0.800000011920929,0.00030737114138901234,6.143754660570266e-08,3,-0.09999996423721313,volta,-3.512336910173448,0.017532003347849677
0.699999988079071,0.0003047428617719561,6.559629639468767e-08,3,-0.10000002384185791,volta,-3.5160664584064065,0.017456885798216016
0.6000000238418579,0.00030179767054505646,6.974634914058697e-08,3,-0.09999996423721313,volta,-3.5202841166920797,0.01737232484571528
0.5,0.0002988113556057215,7.385880707033721e-08,3,-0.10000002384185791,volta,-3.524602902227475,0.01728616081163546
0.4000000059604645,0.00029563921270892024,7.791446421379078e-08,3,-0.09999999403953552,volta,-3.529237962923831,0.017194162169437633
0.30000001192092896,0.00029239666764624417,8.201023149467801e-08,3,-0.09999999403953552,volta,-3.534027581204925,0.017099610160651153
0.20000000298023224,0.0002890558389481157,8.607717916220281e-08,3,-0.10000000894069672,volta,-3.5390182534214216,0.01700164224268102
0.10000000149011612,0.00028550875140354037,9.011304058503811e-08,3,-0.10000000149011612,volta,-3.5443805752359383,0.016897004213869995
0.0,0.0002816108171828091,9.413285084747258e-08,3,-0.10000000149011612,volta,-3.5503506671699245,0.016781263873225077
-0.10000000149011612,0.00027776084607467055,9.815450141559268e-08,3,-0.10000000149011612,volta,-3.5563289736169335,0.016666158707832786
-0.20000000298023224,0.0002737946342676878,1.0215900658749888e-07,3,-0.10000000149011612,volta,-3.5625750672713083,0.01654674089564733
-0.30000001192092896,0.0002695895091164857,1.0613851486596104e-07,3,-0.10000000894069672,volta,-3.5692970120679814,0.01641918113416396
-0.4000000059604645,0.00026522448752075434,1.1011198353116924e-07,3,-0.09999999403953552,volta,-3.5763863810810586,0.016285714215862758
-0.5,0.0002605764311738312,1.1405912658801753e-07,3,-0.09999999403953552,volta,-3.5840648682628986,0.016142379972415195
-0.6000000238418579,0.0002558635897003114,1.179882573865143e-07,3,-0.10000002384185791,volta,-3.591991511366797,0.015995736610119316
-0.699999988079071,0.00025086564710363746,1.2189620690605807e-07,3,-0.09999996423721313,volta,-3.600558805782976,0.015838738810386308
-0.800000011920929,0.0002456502406857908,1.2580919417359837e-07,3,-0.10000002384185791,volta,-3.6096828060113104,0.015673233255642908
-0.8999999761581421,0.00024025165475904942,1.296228475666794e-07,3,-0.09999996423721313,volta,-3.619333612399275,0.01550005337923226
-1.0,0.00023471558233723044,1.3348251570732828e-07,3,-0.10000002384185791,volta,-3.6294580774298084,0.015320430226897365
-1.100000023841858,0.0002286490343976766,1.3730823411606252e-07,3,-0.10000002384185791,volta,-3.64083062833817,0.015121145274008731
-1.2000000476837158,0.0002225300413556397,1.4113521729086642e-07,3,-0.10000002384185791,volta,-3.6526113513603944,0.01491744084471729
-1.2999999523162842,0.00021601960179395974,1.4493491562461713e-07,3,-0.09999990463256836,volta,-3.6655068388272896,0.01469760530814322
-1.399999976158142,0.00020939840760547668,1.486684766405233e-07,3,-0.10000002384185791,volta,-3.679026625287473,0.014470604949533958
-1.5,0.00020258435688447207,1.5226612504193326e-07,3,-0.10000002384185791,volta,-3.693394092939434,0.014233213160930038
-1.600000023841858,0.00019563367823138833,1.5587086465984612e-07,3,-0.10000002384185791,volta,-3.708556379553388,0.013986910961015958
-1.7000000476837158,0.0001885149540612474,1.5946545772749232e-07,3,-0.10000002384185791,volta,-3.7246541934227175,0.013730074801735328
-1.7999999523162842,0.00018112010729964823,1.6305472172462032e-07,3,-0.09999990463256836,volta,-3.7420333332058724,0.013458087059446755
-1.899999976158142,0.00017362200014758855,1.6663403812344768e-07,3,-0.10000002384185791,volta,-3.76039524495831,0.013176570120770751
-2.0,0.000165941848536022,1.7019645781601866e-07,3,-0.10000002384185791,volta,-3.780044076324215,0.012881841814586221
-2.0999999046325684,0.00015836406964808702,1.7371972660384927e-07,3,-0.09999990463256836,volta,-3.800343346254276,0.012584278670153765
-2.200000047683716,0.0001505921536590904,1.7713239230943145e-07,3,-0.10000014305114746,volta,-3.8221976557006085,0.012271599474359095
-2.299999952316284,0.00014287933299783617,1.8049409789000492e-07,3,-0.09999990463256836,volta,-3.8450305858633906,0.01195321433748413
-2.4000000953674316,0.00013526756083592772,1.837684919792082e-07,3,-0.10000014305114746,volta,-3.8688063411635936,0.011630458324413864
-2.5,0.00012741543469019234,1.869940291499006e-07,3,-0.09999990463256836,volta,-3.894777959796884,0.011287844554661104
-2.5999999046325684,0.00011970492050750181,1.9016289343198878e-07,3,-0.09999990463256836,volta,-3.9218879974186884,0.010940974385652395
-2.700000047683716,0.0001123839319916442,1.9336123102675629e-07,3,-0.10000014305114746,volta,-3.9492957772562387,0.01060112880742632
-2.799999952316284,0.00010515614849282429,1.964554314781708e-07,3,-0.09999990463256836,volta,-3.9781653289839465,0.01025456720163383
-2.9000000953674316,9.789782052394003e-05,1.994484790657225e-07,3,-0.10000014305114746,volta,-4.009226976684732,0.009894332747787494
-3.0,9.074726403923705e-05,2.0242497100753098e-07,3,-0.09999990463256836,volta,-4.042166459741698,0.009526135839848026
-3.0999999046325684,8.386871922994033e-05,2.0542387346722535e-07,3,-0.09999990463256836,volta,-4.07639998909911,0.009157986636261287
-3.200000047683716,7.728200580459088e-05,2.0834305303196743e-07,3,-0.10000014305114746,volta,-4.111921614613255,0.008791018473680447
-3.299999952316284,7.110230217222124e-05,2.108791363752971e-07,3,-0.09999990463256836,volta,-4.148116337322193,0.008432218105114528
-3.4000000953674316,6.51474401820451e-05,2.1350066958802927e-07,3,-0.10000014305114746,volta,-4.186102644213151,0.008071396420821188
-3.5,5.953381332801655e-05,2.1614668810343574e-07,3,-0.09999990463256836,volta,-4.225236298629588,0.007715815791477694
-3.5999999046325684,5.423943366622552e-05,2.1875865741094458e-07,3,-0.09999990463256836,volta,-4.265684853744924,0.0073647426069229005
-3.700000047683716,4.928353155264631e-05,2.2127808563254803e-07,3,-0.10000014305114746,volta,-4.307298179113244,0.007020223041517008
-3.799999952316284,4.4672851799987257e-05,2.2371766306150676e-07,3,-0.09999990463256836,volta,-4.349956322400221,0.0066837752655207715
-3.9000000953674316,4.031773278256878e-05,2.257987574694198e-07,3,-0.10000014305114746,volta,-4.394503897884558,0.0063496246174532854
-4.0,3.556412775651552e-05,2.2729963689016586e-07,3,-0.09999990463256836,volta,-4.448987838313733,0.0059635666975825395
-4.099999904632568,3.1859286536928266e-05,2.2937187793559133e-07,3,-0.09999990463256836,volta,-4.496763954101256,0.005644403116090157
-4.199999809265137,2.839604530890938e-05,2.3138785820719932e-07,3,-0.09999990463256836,volta,-4.546742139534303,0.005328793982592063
-4.300000190734863,2.516246422601398e-05,2.3336015431141277e-07,3,-0.10000038146972656,volta,-4.599246829548128,0.005016220113393548
-4.400000095367432,2.2204221750143915e-05,2.352438173147675e-07,3,-0.09999990463256836,volta,-4.6535644440863955,0.0047121355827420665
-4.5,1.950696787389461e-05,2.3693792172707617e-07,3,-0.09999990463256836,volta,-4.70981023127047,0.004416669319056455
-4.599999904632568,1.7048861991497688e-05,2.38512711803196e-07,3,-0.09999990463256836,volta,-4.768304604783357,0.0041290267608115215
-4.699999809265137,1.4816656403127126e-05,2.4002957843549666e-07,3,-0.09999990463256836,volta,-4.829249790250334,0.0038492410165027503
-4.800000190734863,1.284469362872187e-05,2.4120319608300633e-07,3,-0.10000038146972656,volta,-4.891276250054101,0.003583949445614694
-4.900000095367432,1.1072921552113257e-05,2.424817751034425e-07,3,-0.09999990463256836,volta,-4.955737776902617,0.003327599968763261
-5.0,9.502041393716354e-06,2.4381569119213964e-07,3,-0.09999990463256836,volta,-5.022183081996856,0.0030825381414860634
-5.099999904632568,8.103256732283626e-06,2.4535597731301095e-07,3,-0.09999990463256836,volta,-5.091340401294316,0.002846621986194097
-5.199999809265137,6.868364835099783e-06,2.4694674038983067e-07,3,-0.09999990463256836,volta,-5.1631466439621425,0.002620756538692555
-5.300000190734863,5.792133833892876e-06,2.486082735231321e-07,3,-0.10000038146972656,volta,-5.237161411823054,0.0024066852378100624
-5.400000095367432,4.877642368228408e-06,2.5038565354407183e-07,3,-0.09999990463256836,volta,-5.311790045596459,0.0022085385140921602
-5.5,4.08959340347792e-06,2.5231136646652885e-07,3,-0.09999990463256836,volta,-5.388319868374988,0.002022274314596791
-5.599999904632568,3.2996501886373153e-06,2.5372449385940854e-07,3,-0.09999990463256836,volta,-5.481532099272771,0.0018164939274980566
-5.699999809265137,2.7470100576465484e-06,2.5597421426937217e-07,3,-0.09999990463256836,volta,-5.561139750491196,0.0016574106484654153
-5.800000190734863,2.2837702999822795e-06,2.583860521099268e-07,3,-0.10000038146972656,volta,-5.641347579264538,0.0015112148424305128
-5.900000095367432,1.8974890281242551e-06,2.610488820664614e-07,3,-0.09999990463256836,volta,-5.721820726651912,0.0013774937488512443
-6.0,1.5713775383119355e-06,2.635672728956706e-07,3,-0.09999990463256836,volta,-5.8037194590674765,0.0012535459857188867
-6.099999904632568,1.3008618680032669e-06,2.665042302396614e-07,3,-0.09999990463256836,volta,-5.885768816542841,0.0011405533165982494
-6.199999809265137,1.0763722002593568e-06,2.6961706112160755e-07,3,-0.09999990463256836,volta,-5.968037527398313,0.0010374835903566653
-6.300000190734863,8.931520483201894e-07,2.7287728698865976e-07,3,-0.10000038146972656,volta,-6.049074601441354,0.000945067218942753
-6.400000095367432,7.397935632980079e-07,2.7622238008007116e-07,3,-0.09999990463256836,volta,-6.130889451658524,0.000860112529439031
-6.5,6.168288564367685e-07,2.795800355670508e-07,3,-0.09999990463256836,volta,-6.209835317353157,0.000785384527754888
-6.599999904632568,5.192474645809853e-07,2.8304054922045907e-07,3,-0.09999990463256836,volta,-6.284625615392143,0.0007205882767440679
-6.699999809265137,4.3981657427139e-07,2.866468378215359e-07,3,-0.09999990463256836,volta,-6.356728408492791,0.0006631866813133312
-6.800000190734863,3.659542926470749e-07,2.900267190852901e-07,3,-0.10000038146972656,volta,-6.4365731541978235,0.0006049415613487595
-6.900000095367432,3.1853315363150614e-07,2.936816940746212e-07,3,-0.09999990463256836,volta,-6.496845358650823,0.0005643874144871643
-7.0,2.8419222530828847e-07,2.9731401696153625e-07,3,-0.09999990463256836,volta,-6.5463878073089505,0.0005330968254532083
-7.099999904632568,2.571707113929733e-07,3.008713349572645e-07,3,-0.09999990463256836,volta,-6.589778493775445,0.0005071200167543905
-7.199999809265137,2.371661338429476e-07,3.046090455427475e-07,3,-0.09999990463256836,volta,-6.624947325995751,0.00048699705732473125
-7.300000190734863,2.224737585265757e-07,3.083597448494402e-07,3,-0.10000038146972656,volta,-6.652721208050271,0.00047167123987643735
-7.400000095367432,2.1175895881242468e-07,3.1206369044411986e-07,3,-0.09999990463256836,volta,-6.674158207063387,0.00046017274888070534
-7.5,2.0453366289530095e-07,3.157182675295189e-07,3,-0.09999990463256836,volta,-6.689235204006107,0.00045225398051902313
-7.599999904632568,1.995734635329427e-07,3.190435222677479e-07,3,-0.09999990463256836,volta,-6.699897205570544,0.0004467364587012601
-7.699999809265137,1.9677833051900961e-07,3.226497256036964e-07,3,-0.09999990463256836,volta,-6.706022728334418,0.0004435970361927699
-7.800000190734863,1.9524475192156387e-07,3.2619973922010104e-07,3,-0.10000038146972656,volta,-6.70942063090591,0.00044186508339261643
-7.900000095367432,1.947058620999087e-07,3.2988830866997887e-07,3,-0.09999990463256836,volta,-6.71062097277726,0.000441254872040988
-8.0,1.9495411152092856e-07,3.3364480600539537e-07,3,-0.09999990463256836,volta,-6.710067601245309,0.00044153608178825946
-8.100000381469727,1.9549821672626422e-07,3.372896060227504e-07,3,-0.10000038146972656,volta,-6.708857199748807,0.0004421518028078866
-8.199999809265137,1.964367442042203e-07,3.411573743505869e-07,3,-0.09999942779541016,volta,-6.706777272595102,0.0004432118502524727
-8.300000190734863,1.9746622115235368e-07,3.4471864296392596e-07,3,-0.10000038146972656,volta,-6.704507184704857,0.0004443717150678626
-8.399999618530273,1.9880890533841011e-07,3.4860778441725415e-07,3,-0.09999942779541016,volta,-6.7015641659512335,0.00044587992255584925
-8.5,2.0030755365496589e-07,3.525501597323455e-07,3,-0.10000038146972656,volta,-6.698302673028867,0.00044755731884862064
-8.600000381469727,2.0193164118609275e-07,3.5652985275191895e-07,3,-0.10000038146972656,volta,-6.694795625009496,0.000449368046467584
-8.699999809265137,2.0365700947877485e-07,3.605378537940851e-07,3,-0.09999942779541016,volta,-6.691100637748055,0.00045128373500357273
-8.800000190734863,2.0539982870104723e-07,3.6454352425607794e-07,3,-0.10000038146972656,volta,-6.6873999229306635,0.00045321057876118384
-8.899999618530273,2.0718110249617894e-07,3.684852458718524e-07,3,-0.09999942779541016,volta,-6.6836498602005205,0.0004551715088800912
-9.0,2.0898119146295357e-07,3.724439636698662e-07,3,-0.10000038146972656,volta,-6.679892799111077,0.000457144606730686
-9.0,2.2253840370467515e-07,3.8889425013621803e-07,4,,volta,-6.652595031524276,0.0004717397626919689
-8.899999618530273,2.1747237610725279e-07,3.8041366678953636e-07,4,0.10000038146972656,ida,-6.66259590039254,0.0004663393357923528
-8.800000190734863,2.1317238463325339e-07,3.732397715339175e-07,4,0.09999942779541016,ida,-6.671269056578807,0.00046170595039836057
-8.699999809265137,2.092383795115893e-07,3.6667881886387477e-07,4,0.10000038146972656,ida,-6.679358652111912,0.0004574258185887514
-8.600000381469727,2.0557637014917418e-07,3.6049948448635405e-07,4,0.09999942779541016,ida,-6.6870268065230505,0.0004534053045004813
-8.5,2.0211240325807012e-07,3.545854383446567e-07,4,0.10000038146972656,ida,-6.69440703383131,0.0004495691306774411
-8.399999618530273,1.9880418733464467e-07,3.488954689601087e-07,4,0.10000038146972656,ida,-6.701574472467989,0.00044587463185815436
-8.300000190734863,1.95614290987578e-07,3.433243307426892e-07,4,0.09999942779541016,ida,-6.708599420150019,0.0004422830439747583
-8.199999809265137,1.9243660176471167e-07,3.3776510122152104e-07,4,0.10000038146972656,ida,-6.715712320902007,0.0004386759644255788
-8.100000381469727,1.894591008522184e-07,3.3245197528231074e-07,4,0.09999942779541016,ida,-6.722484528129987,0.00043526899826684006
-8.0,1.8649146227289748e-07,3.271663615578291e-07,4,0.10000038146972656,ida,-6.729341045746137,0.00043184657260756103
-7.900000095367432,1.835688152596049e-07,3.2191221066568687e-07,4,0.09999990463256836,ida,-6.736201094981093,0.000428449314691487
-7.800000190734863,1.8067012774736213e-07,3.166730380144145e-07,4,0.09999990463256836,ida,-6.743113648362919,0.0004250530881517768
-7.699999809265137,1.7791126083466224e-07,3.116499840416509e-07,4,0.10000038146972656,ida,-6.7497965625198955,0.00042179528308726054
-7.599999904632568,1.7522107498280093e-07,3.0672336492898467e-07,4,0.09999990463256836,ida,-6.756413659593257,0.000418594165012845
-7.5,1.725673257624294e-07,3.0185015020833816e-07,4,0.09999990463256836,ida,-6.763041431010129,0.0004154122359324884
-7.400000095367432,1.699100664609432e-07,2.969462968849257e-07,4,0.09999990463256836,ida,-6.769780890236713,0.000412201487698605
-7.300000190734863,1.6729053697872587e-07,2.92101532295419e-07,4,0.09999990463256836,ida,-6.776528624812595,0.00040901165873202913
-7.199999809265137,1.6453424223072943e-07,2.869969364382996e-07,4,0.10000038146972656,ida,-6.783743704618098,0.0004056282068973131
-7.099999904632568,1.6181013506866293e-07,2.819562894273986e-07,4,0.09999990463256836,ida,-6.790994279593075,0.0004022563051944157
-7.0,1.5924733531846869e-07,2.7717240413949185e-07,4,0.09999990463256836,ida,-6.797927825970114,0.0003990580600845805
-6.900000095367432,1.5674781650432124e-07,2.7249814138485817e-07,4,0.09999990463256836,ida,-6.80479850017335,0.0003959139003676446
-6.800000190734863,1.5428780386628205e-07,2.678921191545669e-07,4,0.09999990463256836,ida,-6.811668402666054,0.00039279486232164754
-6.699999809265137,1.5185572976861295e-07,2.633198334933695e-07,4,0.10000038146972656,ida,-6.818568816785263,0.0003896867072003008
-6.599999904632568,1.4937758407995716e-07,2.5867652198030555e-07,4,0.09999990463256836,ida,-6.8257145687909055,0.00038649396383379285
-6.5,1.469010584287389e-07,2.540203070111602e-07,4,0.09999990463256836,ida,-6.8329750750871785,0.0003832767387003011
-6.400000095367432,1.4437462425576086e-07,2.4928559128056804e-07,4,0.09999990463256836,ida,-6.840509133041612,0.00037996660939582685
-6.300000190734863,1.419036976813004e-07,2.4463057002321875e-07,4,0.09999990463256836,ida,-6.848006287687969,0.0003767010720469221
-6.199999809265137,1.394392796782995e-07,2.3999433551580296e-07,4,0.10000038146972656,ida,-6.85561486939023,0.00037341569286560456
-6.099999904632568,1.3698881673462893e-07,2.3537975835097313e-07,4,0.09999990463256836,ida,-6.863314885607695,0.00037012000315388106
-6.0,1.345272835351352e-07,2.307274087343103e-07,4,0.09999990463256836,ida,-6.871189627281533,0.000366779611667736
-5.900000095367432,1.3209954374815425e-07,2.2614464967318781e-07,4,0.09999990463256836,ida,-6.8790986823703415,0.0003634550092489499
-5.800000190734863,1.296868816780261e-07,2.2156051215915795e-07,4,0.09999990463256836,ida,-6.887103952234986,0.00036012064878041374
-5.699999809265137,1.2724915166018036e-07,2.1695841212476807e-07,4,0.10000038146972656,ida,-6.895345104319538,0.0003567199905530672
-5.599999904632568,1.2484304079407593e-07,2.124048421592306e-07,4,0.09999990463256836,ida,-6.903635661794556,0.00035333134703005895
-5.5,1.2246789538039593e-07,2.0788837673535454e-07,4,0.09999990463256836,ida,-6.911977745475113,0.00034995413325233915
-5.400000095367432,1.2011149408408528e-07,2.0339973616501084e-07,4,0.09999990463256836,ida,-6.92041543074498,0.00034657105199956513
-5.300000190734863,1.1770806196409467e-07,1.9884707569417515e-07,4,0.09999990463256836,ida,-6.929193790796209,0.00034308608535481977
-5.199999809265137,1.1533462895840785e-07,1.943286775940578e-07,4,0.10000038146972656,ida,-6.938040277201511,0.0003396095242457253
-5.099999904632568,1.1302900304599461e-07,1.899484800560458e-07,4,0.09999990463256836,ida,-6.946810103006339,0.00033619786294085006
-5.0,1.1067898242345109e-07,1.8547747515640367e-07,4,0.09999990463256836,ida,-6.955934842392593,0.0003326845088420125
-4.900000095367432,1.0835227470806785e-07,1.810577714422834e-07,4,0.09999990463256836,ida,-6.965161966828778,0.00032916906705835505
-4.800000190734863,1.0603868361158675e-07,1.766497064181749e-07,4,0.09999990463256836,ida,-6.974535672336271,0.0003256358143871567
-4.699999809265137,1.0369512182251128e-07,1.7218243897332286e-07,4,0.10000038146972656,ida,-6.9842416738462205,0.0003220172694476358
-4.599999904632568,1.0138981565432914e-07,1.6778633948888455e-07,4,0.09999990463256836,ida,-6.994005666573284,0.00031841767484599396
-4.5,9.912547938029093e-08,1.6344999664852367e-07,4,0.09999990463256836,ida,-7.003814699379644,0.00031484199113252176
-4.400000095367432,9.684762858341855e-08,1.5910343620362255e-07,4,0.09999990463256836,ida,-7.013911008974241,0.0003112035163416676
-4.300000190734863,9.454532801100868e-08,1.5471447056825127e-07,4,0.09999990463256836,ida,-7.024359927095726,0.00030748224015544163
-4.199999809265137,9.225755093211774e-08,1.5034724754059425e-07,4,0.10000038146972656,ida,-7.0349980783510375,0.0003037392811806167
-4.099999904632568,8.999481337923498e-08,1.460120557794653e-07,4,0.09999990463256836,ida,-7.045782519290518,0.0002999913555075129
-4.0,8.77845351965334e-08,1.417658097579988e-07,4,0.09999990463256836,ida,-7.056581986034335,0.00029628455105950663
-3.9000000953674316,8.55445136949129e-08,1.374736626758022e-07,4,0.09999990463256836,ida,-7.06780783823777,0.00029247993725196414
-3.799999952316284,8.331729617339079e-08,1.3319682068413385e-07,4,0.10000014305114746,ida,-7.07926483229162,0.0002886473560824536
-3.700000047683716,8.109900306862983e-08,1.289313615870924e-07,4,0.09999990463256836,ida,-7.090984484438092,0.00028477886696282403
-3.5999999046325684,7.882840691308957e-08,1.2459578613288613e-07,4,0.10000014305114746,ida,-7.103317250246016,0.00028076397011206686
-3.5,7.662367806915427e-08,1.203426904794469e-07,4,0.09999990463256836,ida,-7.115637004965849,0.00027680982292750065
-3.4000000953674316,7.443327376677189e-08,1.1613554562472928e-07,4,0.09999990463256836,ida,-7.128232879200029,0.0002728246208954974
-3.299999952316284,7.22550552723078e-08,1.1193227322792154e-07,4,0.10000014305114746,ida,-7.141131762411366,0.0002688030045819946
-3.200000047683716,7.005220226119491e-08,1.0769835512292047e-07,4,0.09999990463256836,ida,-7.154578207061281,0.00026467376572149136
-3.0999999046325684,6.784818395999537e-08,1.0345129197730785e-07,4,0.10000014305114746,ida,-7.1684617722740755,0.00026047683958462675
-3.0,6.566610011304874e-08,9.9249646723365e-08,4,0.09999990463256836,ida,-7.182658775545451,0.0002562539757994961
-2.9000000953674316,6.349613812517418e-08,9.506772613576686e-08,4,0.09999990463256836,ida,-7.197252687966757,0.00025198440055918973
-2.799999952316284,6.136367147746569e-08,9.091242247905029e-08,4,0.10000014305114746,ida,-7.212088663812952,0.00024771691802835287
-2.700000047683716,5.923777735006297e-08,8.678684082497057e-08,4,0.09999990463256836,ida,-7.227401244929894,0.00024338812080720572
-2.5999999046325684,5.7114164064842043e-08,8.266115969490784e-08,4,0.10000014305114746,ida,-7.24325617525009,0.00023898569845252673
-2.5,5.4941747151815434e-08,7.846237792819011e-08,4,0.09999990463256836,ida,-7.260097534097697,0.00023439655959893148
-2.4000000953674316,5.278571890698913e-08,7.431268045365869e-08,4,0.09999990463256836,ida,-7.277483559261873,0.00022975142852001842
-2.299999952316284,5.065160380013367e-08,7.017706593615003e-08,4,0.10000014305114746,ida,-7.295406798862024,0.0002250591117909552
-2.200000047683716,4.85506888026066e-08,6.609526792544784e-08,4,0.09999990463256836,ida,-7.313804604251359,0.00022034220840003987
-2.0999999046325684,4.648789087013938e-08,6.205062419439855e-08,4,0.10000014305114746,ida,-7.332660157070055,0.00021561050732777235
-2.0,4.4404497856476155e-08,5.7982241230547515e-08,4,0.09999990463256836,ida,-7.352573036747717,0.00021072374772786325
-1.899999976158142,4.235909756289402e-08,5.397404123641536e-08,4,0.10000002384185791,ida,-7.373053300869326,0.00020581325895795445
-1.7999999523162842,4.0364565023764953e-08,5.002246439289593e-08,4,0.10000002384185791,ida,-7.393999723195342,0.0002009093452872836
-1.7000000476837158,3.835710771227241e-08,4.616510551613828e-08,4,0.09999990463256836,ida,-7.416154147902749,0.000195849706949672
-1.600000023841858,3.642356105615363e-08,4.226130556617136e-08,4,0.10000002384185791,ida,-7.438617596393009,0.00019084957703949368
-1.5,3.458061570427162e-08,3.847232576958959e-08,4,0.10000002384185791,ida,-7.461167278425105,0.0001859586397677495
-1.399999976158142,3.26503446501647e-08,3.459371811231904e-08,4,0.10000002384185791,ida,-7.486112230043586,0.00018069406368269184
-1.2999999523162842,3.074377730172273e-08,3.076628019016425e-08,4,0.10000002384185791,ida,-7.512242774425286,0.00017533903530509893
-1.2000000476837158,2.8899705739604542e-08,2.7009697589619464e-08,4,0.09999990463256836,ida,-7.539106579261328,0.00016999913452604557
-1.100000023841858,2.7098215227283617e-08,2.330268067396446e-08,4,0.10000002384185791,ida,-7.567059312168673,0.00016461535538121473
-1.0,2.5340346709867845e-08,1.9656294369951866e-08,4,0.10000002384185791,ida,-7.596187447339226,0.00015918651547749843
-0.8999999761581421,2.3627867662412427e-08,1.6067509989170503e-08,4,0.10000002384185791,ida,-7.626575470252254,0.00015371358971285666
-0.800000011920929,2.1979966291496567e-08,1.2568428964243594e-08,4,0.09999996423721313,ida,-7.657972977946571,0.00014825642074290263
-0.699999988079071,2.0386536903060914e-08,9.135848522134893e-09,4,0.10000002384185791,ida,-7.690656542325224,0.00014278143052603485
-0.6000000238418579,1.8859738659671166e-08,5.9331699553411e-09,4,0.09999996423721313,ida,-7.724464329597051,0.00013733076370453623
-0.5,1.749600997413836e-08,2.791409992042304e-09,4,0.10000002384185791,ida,-7.757060982387428,0.00013227248381329488
-0.4000000059604645,1.6205591535367603e-08,2.7485352882550274e-10,4,0.09999999403953552,ida,-7.790335111755668,0.0001273011843439314
-0.30000001192092896,1.5009451459491174e-08,3.288067373929948e-09,4,0.09999999403953552,ida,-7.823635179340288,0.00012251306648472716
-0.20000000298023224,1.3891622074879706e-08,6.220396642220294e-09,4,0.10000000894069672,ida,-7.857247040292668,0.00011786272555341534
-0.10000000149011612,1.2860740028486362e-08,9.272155487849432e-09,4,0.10000000149011612,ida,-7.89073404066209,0.00011340520282811703
0.0,1.18533689530409e-08,1.2188362319420776e-08,4,0.10000000149011612,ida,-7.926158197352375,0.0001088731782995284
0.10000000149011612,1.0984730458574177e-08,1.496290913394205e-08,4,0.10000000149011612,ida,-7.959210595255994,0.00010480806485463882
0.20000000298023224,1.0253320859021642e-08,1.761596735150306e-08,4,0.10000000149011612,ida,-7.989135451957762,0.0001012586828821195
0.30000001192092896,9.65121493834431e-09,2.01936494192978e-08,4,0.10000000894069672,ida,-8.015418012272116,9.82405972006701e-05
0.4000000059604645,9.15599951412105e-09,2.2784025333066893e-08,4,0.09999999403953552,ida,-8.038294239044083,9.568698717234778e-05
0.5,8.760566494458999e-09,2.5447070228779012e-08,4,0.09999999403953552,ida,-8.057467809646658,9.359789791688165e-05
0.6000000238418579,8.47572323436907e-09,2.81782099875727e-08,4,0.10000002384185791,ida,-8.071823233149154,9.206369118370755e-05
0.699999988079071,8.325833356082057e-09,3.101023082763277e-08,4,0.09999996423721313,ida,-8.079572285889583,9.124600460339103e-05
0.800000011920929,8.407475604599313e-09,3.392256076040212e-08,4,0.10000002384185791,ida,-8.075334384174287,9.1692287596064e-05
0.8999999761581421,8.720565602970964e-09,3.6866342867369895e-08,4,0.09999996423721313,ida,-8.059455346456975,9.338396866149438e-05
1.0,9.39418942635939e-09,3.981390506169191e-08,4,0.10000002384185791,ida,-8.027140686861607,9.692362677056296e-05
1.100000023841858,1.0428036212317693e-08,4.274942000392912e-08,4,0.10000002384185791,ida,-7.98179746937344,0.00010211775659657674
1.2000000476837158,1.1957519419070195e-08,4.563663580370303e-08,4,0.10000002384185791,ida,-7.922358905159056,0.00010935044315900231
1.2999999523162842,1.4045189011824277e-08,4.848773116350458e-08,4,0.09999990463256836,ida,-7.852472411945496,0.00011851240024497131
1.399999976158142,1.822734141398996e-08,5.080112330801967e-08,4,0.10000002384185791,ida,-7.739276671632115,0.0001350086716251588
1.5,2.174534508014858e-08,5.3576400205201935e-08,4,0.10000002384185791,ida,-7.662633696059569,0.00014746302953672348
1.600000023841858,2.6225823290815242e-08,5.6222052791099486e-08,4,0.10000002384185791,ida,-7.581270869386232,0.00016194388932841907
1.7000000476837158,3.17767074875519e-08,5.875585884496104e-08,4,0.10000002384185791,ida,-7.497891103795258,0.00017826022407579293
1.7999999523162842,3.854399466263203e-08,6.121330642372413e-08,4,0.09999990463256836,ida,-7.414043277484525,0.00019632624547582026
1.899999976158142,4.646536311270211e-08,6.359483251117126e-08,4,0.10000002384185791,ida,-7.33287066462126,0.00021555825920781163
2.0,5.918387913084189e-08,6.53390657134878e-08,4,0.10000002384185791,ida,-7.227796572972146,0.00024327737077427052
2.0999999046325684,6.935515273198689e-08,6.780067707268245e-08,4,0.09999990463256836,ida,-7.158921267540402,0.0002633536647399973
2.200000047683716,8.149766017595539e-08,7.022747183782485e-08,4,0.10000014305114746,ida,-7.088854859815341,0.0002854779504199149
2.299999952316284,9.585916416199325e-08,7.263670909196662e-08,4,0.09999990463256836,ida,-7.018366362131386,0.0003096113114244912
2.4000000953674316,1.1274293143515024e-07,7.505146726316525e-08,4,0.10000014305114746,ida,-6.947910677254357,0.0003357721421368221
2.5,1.3248197205939505e-07,7.752655051262991e-08,4,0.09999990463256836,ida,-6.877843215823847,0.00036398073034076277
2.5999999046325684,1.5556508969893912e-07,8.004591478538714e-08,4,0.09999990463256836,ida,-6.808087856267677,0.0003944174054208804
2.700000047683716,1.8261314949086227e-07,8.256327532762953e-08,4,0.10000014305114746,ida,-6.738467953276483,0.00042733259820760486
2.799999952316284,2.1371049285789923e-07,8.501646675540542e-08,4,0.09999990463256836,ida,-6.670174154118511,0.0004622883222166652
2.9000000953674316,2.4970455569928163e-07,8.750850355454531e-08,4,0.10000014305114746,ida,-6.602573534152413,0.0004997044683603315
3.0,2.910423120283667e-07,8.995456823868153e-08,4,0.09999990463256836,ida,-6.536043868249072,0.000539483375117683
3.0999999046325684,3.3946301414289337e-07,9.231169428858266e-08,4,0.09999990463256836,ida,-6.469207536931841,0.0005826345459573208
3.200000047683716,3.937981034596305e-07,9.451471072452478e-08,4,0.10000014305114746,ida,-6.404726379764687,0.000627533348484071
3.299999952316284,4.559847184282262e-07,9.654169019768233e-08,4,0.09999990463256836,ida,-6.341049711751144,0.0006752664055232025
3.4000000953674316,5.435865091385494e-07,9.79086181018829e-08,4,0.10000014305114746,ida,-6.264731330231281,0.0007372831946671167
3.5,6.201361770763469e-07,9.971579117973306e-08,4,0.09999990463256836,ida,-6.207512932342234,0.0007874872551834391
3.5999999046325684,7.06988259935315e-07,1.0157333463212126e-07,4,0.09999990463256836,ida,-6.150587797925368,0.0008408259391427664
3.700000047683716,8.083833904493076e-07,1.0350576218343122e-07,4,0.10000014305114746,ida,-6.09238261835109,0.0008991014350168214
3.799999952316284,9.198703310175915e-07,1.055780671777029e-07,4,0.09999990463256836,ida,-6.036273388407183,0.0009590987076508817
3.9000000953674316,1.0462492809892865e-06,1.078986144875671e-07,4,0.10000014305114746,ida,-5.980364827457458,0.0010228632758043895
4.0,1.1907611678907415e-06,1.1048105363897776e-07,4,0.09999990463256836,ida,-5.924175336643515,0.0010912200364228753
4.099999904632568,1.357812266178371e-06,1.1330106985951716e-07,4,0.09999990463256836,ida,-5.867160272322757,0.0011652520183112196
4.199999809265137,1.5531817325609154e-06,1.1629461482698389e-07,4,0.09999990463256836,ida,-5.808777725964418,0.0012462671192649333
4.300000190734863,1.772112341313914e-06,1.194780878677193e-07,4,0.10000038146972656,ida,-5.751508749905955,0.00133120709933275
4.400000095367432,2.0251345631550066e-06,1.227759724997668e-07,4,0.09999990463256836,ida,-5.693546114131251,0.0014230722269635533
4.5,2.326972435184871e-06,1.2621840994597733e-07,4,0.09999990463256836,ida,-5.6332087612418515,0.0015254417180557477
4.599999904632568,2.6725244879344245e-06,1.2973804075500084e-07,4,0.09999990463256836,ida,-5.573078306726829,0.0016347857620906858
4.699999809265137,3.060776634811191e-06,1.333180961182734e-07,4,0.09999990463256836,ida,-5.514168362597522,0.00174950754065571
4.800000190734863,3.5083137390756747e-06,1.3692610423277074e-07,4,0.10000038146972656,ida,-5.454901575780149,0.0018730493157083918
4.900000095367432,4.016941602458246e-06,1.405810365895377e-07,4,0.09999990463256836,ida,-5.396104481913958,0.0020042309254320587
5.0,4.611142230714904e-06,1.4428422900891746e-07,4,0.09999990463256836,ida,-5.3361914817576075,0.0021473570338243486
5.099999904632568,5.425045856100041e-06,1.4772393797102268e-07,4,0.09999990463256836,ida,-5.265596586517766,0.002329172783650891
5.199999809265137,6.1777768678439315e-06,1.5143002940476435e-07,4,0.09999990463256836,ida,-5.209167781825136,0.0024855134012601765
5.300000190734863,7.05341926732217e-06,1.551662762722117e-07,4,0.10000038146972656,ida,-5.151600300180265,0.0026558274167050406
5.400000095367432,8.040620741667226e-06,1.5890107363247807e-07,4,0.09999990463256836,ida,-5.094710422112938,0.002835598832992288
5.5,9.163126378552988e-06,1.6262849555914727e-07,4,0.09999990463256836,ida,-5.037956323570347,0.003027065638296102
5.599999904632568,1.0425997061247472e-05,1.6637980593259272e-07,4,0.09999990463256836,ida,-4.981882401822599,0.003228931256816638
5.699999809265137,1.1860867743962444e-05,1.702266843039979e-07,4,0.09999990463256836,ida,-4.925883536719749,0.003443961054362033
5.800000190734863,1.343714029644616e-05,1.7403780816493963e-07,4,0.10000038146972656,ida,-4.871693148367069,0.0036656705111679307
5.900000095367432,1.5190490557870362e-05,1.7785357897537324e-07,4,0.09999990463256836,ida,-4.8184282009142985,0.0038974979868975383
6.0,1.7145641322713345e-05,1.8164924142638483e-07,4,0.09999990463256836,ida,-4.765846265713431,0.004140729564063964
6.099999904632568,1.9300478015793487e-05,1.8544369595474564e-07,4,0.09999990463256836,ida,-4.714431934668364,0.004393230931307104
6.199999809265137,2.1667658074875362e-05,1.8927119072031928e-07,4,0.09999990463256836,ida,-4.664188026387702,0.004654853174362792
6.300000190734863,2.4272270820802078e-05,1.9313144150601147e-07,4,0.10000038146972656,ida,-4.614889590837018,0.00492668964120961
6.400000095367432,2.715064510994125e-05,1.969470559970432e-07,4,0.09999990463256836,ida,-4.566219846945881,0.005210628091693098
6.5,3.0213193895178847e-05,2.008141422038534e-07,4,0.09999990463256836,ida,-4.519803362190032,0.005496652972052979
6.599999904632568,3.356683373567648e-05,2.0470966433094873e-07,4,0.09999990463256836,ida,-4.4740896225880356,0.005793689130051463
6.699999809265137,3.7170211726333946e-05,2.0856704452398844e-07,4,0.09999990463256836,ida,-4.429804965099684,0.006096737793798742
6.800000190734863,4.098494537174702e-05,2.1238761860331579e-07,4,0.10000038146972656,ida,-4.387375639441937,0.006401948560535848
6.900000095367432,4.509513019002043e-05,2.1617515244543029e-07,4,0.09999990463256836,ida,-4.345870354924553,0.006715290774793034
7.0,4.947555862599984e-05,2.200143001118704e-07,4,0.09999990463256836,ida,-4.305609293497119,0.007033886452452857
7.099999904632568,5.487607268150896e-05,2.2371526142705989e-07,4,0.09999990463256836,ida,-4.260616977362907,0.007407838597155648
7.199999809265137,5.978580884402618e-05,2.2756042028504453e-07,4,0.09999990463256836,ida,-4.2234018907964614,0.007732128351497159
7.300000190734863,6.488058716058731e-05,2.313219482630302e-07,4,0.10000038146972656,ida,-4.187885228472467,0.008054848673971927
7.400000095367432,7.032571011222899e-05,2.3528227188762685e-07,4,0.09999990463256836,ida,-4.152885873862149,0.008386042577534948
7.5,7.584792911075056e-05,2.39272310409433e-07,4,0.09999990463256836,ida,-4.120056272333433,0.008709071656080834
7.599999904632568,8.162359154084697e-05,2.4329864345418173e-07,4,0.09999990463256836,ida,-4.088184299638041,0.009034577551875183
7.699999809265137,8.755252201808617e-05,2.471321352004452e-07,4,0.09999990463256836,ida,-4.057731339212031,0.009356950465727933
7.800000190734863,9.368883911520243e-05,2.5108246859417704e-07,4,0.10000038146972656,ida,-4.028312142296646,0.009679299515729557
7.900000095367432,0.00010001748887589201,2.5498769673504285e-07,4,0.09999990463256836,ida,-3.999924053417962,0.010000874405565347
8.0,0.00010647872113622725,2.5868484954116866e-07,4,0.09999990463256836,ida,-3.9727371736003887,0.010318852704454467
8.100000381469727,0.00011293162242509425,2.6255668217345374e-07,4,0.10000038146972656,ida,-3.9471844325500935,0.010626929115463896
8.199999809265137,0.00011963178985752165,2.6653802365217416e-07,4,0.09999942779541016,ida,-3.9221533995685247,0.010937631821263763
8.300000190734863,0.00012642663205042481,2.705004931158328e-07,4,0.10000038146972656,ida,-3.898161431320739,0.011243959802953087
8.399999618530273,0.00013326597400009632,2.7449655704003817e-07,4,0.09999942779541016,ida,-3.8752807222315946,0.011544088270629964
8.5,0.00014003718388266861,2.785437231977994e-07,4,0.10000038146972656,ida,-3.85375663138683,0.011833730767710942
8.600000381469727,0.00014693709090352058,2.825966305408656e-07,4,0.10000038146972656,ida,-3.8328685626749475,0.012121761047946811
8.699999809265137,0.00015383977734018117,2.8659658823926293e-07,4,0.09999942779541016,ida,-3.812931357344724,0.012403216411083908
8.800000190734863,0.00016074749873951077,2.9060774409117585e-07,4,0.10000038146972656,ida,-3.7938557760527583,0.012678623692637572
8.899999618530273,0.00016758646233938634,2.946538018022693e-07,4,0.09999942779541016,ida,-3.7757610666649466,0.012945519006180723
9.0,0.00017458415823057294,2.987309244417702e-07,4,0.10000038146972656,ida,-3.757995166731146,0.013213029865650533
9.100000381469727,0.00018145638750866055,3.0276100915216375e-07,4,0.10000038146972656,ida,-3.7412277394450255,0.01347057487669552
9.199999809265137,0.0001881494972622022,3.068495857405651e-07,4,0.09999942779541016,ida,-3.725496937782826,0.013716759721676334
9.300000190734863,0.00019479419279377908,3.10933444325201e-07,4,0.10000038146972656,ida,-3.710423994455402,0.013956869018292717
9.399999618530273,0.00020143955771345645,3.150647955862951e-07,4,0.09999942779541016,ida,-3.695855240784744,0.014192940418160589
9.5,0.00020810449495911598,3.191381949818606e-07,4,0.10000038146972656,ida,-3.6817185391307197,0.014425827357871575
9.600000381469727,0.00021458564151544124,3.2316987130798225e-07,4,0.10000038146972656,ida,-3.6683993411735853,0.01464874197722935
9.699999809265137,0.000220962188905105,3.272271555943007e-07,4,0.09999942779541016,ida,-3.655682036517526,0.014864796968176356
9.800000190734863,0.0002272744313813746,3.3131937016150914e-07,4,0.10000038146972656,ida,-3.6434494201244743,0.015075623747672087
9.899999618530273,0.0002334544260520488,3.3539996024956054e-07,4,0.09999942779541016,ida,-3.6317978878854147,0.015279215492035212
10.0,0.00023946566216181964,3.3957115874727606e-07,4,0.10000038146972656,ida,-3.6207567528247258,0.015474678095579876
10.100000381469727,0.0002454737259540707,3.4364455814284156e-07,4,0.10000038146972656,ida,-3.609994985348784,0.01566760115506106
10.199999809265137,0.00025130275753326714,3.4777553992171306e-07,4,0.09999942779541016,ida,-3.5998027458884785,0.01585253158121021
10.300000190734863,0.00025709954206831753,3.519975848575996e-07,4,0.10000038146972656,ida,-3.589898696898096,0.0160343238731266
10.399999618530273,0.00026276480639353395,3.56162701109497e-07,4,0.09999942779541016,ida,-3.580432802782744,0.016210021788805033
10.5,0.0002683817583601922,3.604064033879695e-07,4,0.10000038146972656,ida,-3.5712470060616774,0.016382361196121645
10.600000381469727,0.0002738256589509547,3.647330402145599e-07,4,0.10000038146972656,ida,-3.562525858544287,0.016547678355314822
10.699999809265137,0.00027915165992453694,3.6902832789564854e-07,4,0.09999942779541016,ida,-3.5541597853527835,0.016707832292806177
10.800000190734863,0.0002844323462340981,3.733395885774371e-07,4,0.10000038146972656,ida,-3.54602101626795,0.01686512218260212
10.899999618530273,0.00028954196022823453,3.776983987791027e-07,4,0.09999942779541016,ida,-3.538288489708295,0.017015932540658314
11.0,0.00029453125898726285,3.821124323621916e-07,4,0.10000038146972656,ida,-3.530868606190108,0.01716191303401992
11.100000381469727,0.00029945909045636654,3.8651901945740974e-07,4,0.10000038146972656,ida,-3.52366249882584,0.017304886317348823
11.199999809265137,0.00030433086794801056,3.90998252441932e-07,4,0.09999942779541016,ida,-3.5166539953920832,0.0174450814829857
11.300000190734863,0.0003091104736085981,3.955620400120097e-07,4,0.10000038146972656,ida,-3.50988627946158,0.017581537862445314
11.399999618530273,0.0003137809399049729,4.000822002581117e-07,4,0.09999942779541016,ida,-3.5033734404351784,0.01771386293006054
11.5,0.00031834596302360296,4.046084143283224e-07,4,0.10000038146972656,ida,-3.4971006530961635,0.017842252184732815
11.600000381469727,0.0003228909336030483,4.0901213083088805e-07,4,0.10000038146972656,ida,-3.490944149288959,0.017969166191091013
11.699999809265137,0.0003272862231824547,4.133365791858523e-07,4,0.09999942779541016,ida,-3.4850722755406514,0.018091053678060177
11.800000190734863,0.0003316109941806644,4.177460368737229e-07,4,0.10000038146972656,ida,-3.479371079349615,0.01821018929557473
11.899999618530273,0.000335890450514853,4.221906522161589e-07,4,0.09999942779541016,ida,-3.4738023431296314,0.018327314329024125
12.0,0.00034003902692347765,4.2643560504984634e-07,4,0.10000038146972656,ida,-3.4684712352964797,0.01844014715026639
12.0,0.00034365549799986184,4.260549246737355e-07,4,0.0,volta,-3.463876703604474,0.018537947513138066
11.899999618530273,0.00034661305835470557,4.2096326069440693e-07,4,-0.10000038146972656,volta,-3.460155079635484,0.01861754705525692
11.800000190734863,0.00034932204289361835,4.160112041518005e-07,4,-0.09999942779541016,volta,-3.4567740086795116,0.018690158985241893
11.699999809265137,0.0003517756995279342,4.1123519167740596e-07,4,-0.10000038146972656,volta,-3.4537341646666033,0.018755684459062918
11.600000381469727,0.00035398651380091906,4.0637280562805245e-07,4,-0.09999942779541016,volta,-3.4510132834358256,0.018814529327116292
11.5,0.000356159609509632,4.0148938751372043e-07,4,-0.10000038146972656,volta,-3.4483553335019024,0.01887219143368443
11.399999618530273,0.0003580930642783642,3.965700727803778e-07,4,-0.10000038146972656,volta,-3.4460040905346054,0.018923347068591334
11.300000190734863,0.00035997832310386,3.9173195887087786e-07,4,-0.09999942779541016,volta,-3.4437236504544346,0.018973094716040924
11.199999809265137,0.0003617171314544976,3.869901092912187e-07,4,-0.10000038146972656,volta,-3.4416309219268912,0.01901886251736674
11.100000381469727,0.0003633627202361822,3.8207656416489044e-07,4,-0.09999942779541016,volta,-3.4396596318607413,0.019062075444090085
11.0,0.00036484343581832945,3.7722392676187155e-07,4,-0.10000038146972656,volta,-3.4378934630704148,0.019100875263147746
10.899999618530273,0.0003663261595647782,3.7245175121825014e-07,4,-0.10000038146972656,volta,-3.4361320670057354,0.01913964888823142
10.800000190734863,0.0003676914202515036,3.6770896372217976e-07,4,-0.09999942779541016,volta,-3.4345165038839274,0.019175281490802255
10.699999809265137,0.0003690321173053235,3.6295708127909165e-07,4,-0.10000038146972656,volta,-3.4329358350293235,0.01921020867417435
10.600000381469727,0.00037031437386758626,3.5816071886074496e-07,4,-0.09999942779541016,volta,-3.431429430348012,0.019243554086176135
10.5,0.0003714351332746446,3.5326544889358047e-07,4,-0.10000038146972656,volta,-3.430117019643986,0.01927265247117388
10.399999618530273,0.0003725341521203518,3.483598050024739e-07,4,-0.10000038146972656,volta,-3.4288339070834013,0.019301143803421388
10.300000190734863,0.000373572955140844,3.4357759659542353e-07,4,-0.09999942779541016,volta,-3.4276245721053304,0.019328035470291438
10.199999809265137,0.000374539231415838,3.388646803159645e-07,4,-0.10000038146972656,volta,-3.4265026850538187,0.01935301608059679
10.100000381469727,0.0003754112694878131,3.3413405731153034e-07,4,-0.09999942779541016,volta,-3.4254926944133683,0.019375532753651267
10.0,0.00037633132888004184,3.293267241133435e-07,4,-0.10000038146972656,volta,-3.4244296259709266,0.01939926103953555
9.899999618530273,0.00037711410550400615,3.24446773447562e-07,4,-0.10000038146972656,volta,-3.423527223022685,0.019419425982865873
9.800000190734863,0.0003778957179747522,3.1968409075489035e-07,4,-0.09999942779541016,volta,-3.4226280291480093,0.019439540065926256
9.699999809265137,0.00037865815102122724,3.1492828611590085e-07,4,-0.10000038146972656,volta,-3.4217526900860604,0.01945914055196753
9.600000381469727,0.0003793170617427677,3.1012677936814725e-07,4,-0.09999942779541016,volta,-3.420997622221845,0.019476063815431693
9.5,0.00037990842247381806,3.05432138247852e-07,4,-0.10000038146972656,volta,-3.420321078139525,0.019491239634097622
9.399999618530273,0.0003805348533205688,3.005796997967991e-07,4,-0.10000038146972656,volta,-3.419605559887904,0.019507302563926382
9.300000190734863,0.0003810972557403147,2.958548179776699e-07,4,-0.09999942779541016,volta,-3.418964178546461,0.01952171241823613
9.199999809265137,0.00038159245741553605,2.911309309183707e-07,4,-0.10000038146972656,volta,-3.418400218179645,0.019534391657165473
9.100000381469727,0.0003820400743279606,2.862395547253982e-07,4,-0.09999942779541016,volta,-3.4178910791127346,0.019545845449301
9.0,0.0003824979648925364,2.8137762342339556e-07,4,-0.10000038146972656,volta,-3.4173708711987105,0.019557555186999635
8.899999618530273,0.00038286394556052983,2.76596324511047e-07,4,-0.10000038146972656,volta,-3.4169555293988734,0.019566909453476035
8.800000190734863,0.0003831742506008595,2.717083305014967e-07,4,-0.09999942779541016,volta,-3.4166036833035527,0.01957483717942143
8.699999809265137,0.0003834952076431364,2.669612229055929e-07,4,-0.10000038146972656,volta,-3.416240058852277,0.019583033668028466
8.600000381469727,0.0003837368858512491,2.622226418225182e-07,4,-0.09999942779541016,volta,-3.4159664532079326,0.019589203298022335
8.5,0.00038399602635763586,2.574864765847451e-07,4,-0.10000038146972656,volta,-3.4156732697467422,0.019595816552459247
8.399999618530273,0.0003842308069579303,2.528007030377921e-07,4,-0.10000038146972656,volta,-3.4154078171019804,0.019601806216722233
8.300000190734863,0.0003844266466330737,2.4808662146824645e-07,4,-0.09999942779541016,volta,-3.4151865167250817,0.019606801030078152
8.199999809265137,0.00038453872548416257,2.433103247767576e-07,4,-0.10000038146972656,volta,-3.4150599174563094,0.019609658984392424
8.100000381469727,0.0003847074694931507,2.385496316037461e-07,4,-0.09999942779541016,volta,-3.4148693813350732,0.019613961086255644
8.0,0.0003848195483442396,2.3368676238533226e-07,4,-0.10000038146972656,volta,-3.4147428744658357,0.019616817997428624
7.900000095367432,0.0003848620690405369,2.2900314888829598e-07,4,-0.09999990463256836,volta,-3.4146948896799962,0.019617901749181457
7.800000190734863,0.00038488893187604845,2.2433967217239115e-07,4,-0.09999990463256836,volta,-3.414664577588887,0.01961858638832188
7.699999809265137,0.00038488791324198246,2.1966209828860883e-07,4,-0.10000038146972656,volta,-3.4146657269795364,0.01961856042736017
7.599999904632568,0.000384885526727885,2.1504652636394894e-07,4,-0.09999990463256836,volta,-3.414668419849541,0.019618499604401072
7.5,0.0003848517662845552,2.1044823483862274e-07,4,-0.09999990463256836,volta,-3.4147065158970817,0.019617639161850112
7.400000095367432,0.00038476387271657586,2.0582487536557892e-07,4,-0.09999990463256836,volta,-3.4148057126644025,0.01961539886712926
7.300000190734863,0.00038466317346319556,2.0120874921758514e-07,4,-0.09999990463256836,volta,-3.414919389797385,0.01961283185731208
7.199999809265137,0.00038451820728369057,1.9664484796066972e-07,4,-0.10000038146972656,volta,-3.415083091140509,0.019609135811750875
7.099999904632568,0.0003843635495286435,1.9203658041533345e-07,4,-0.09999990463256836,volta,-3.4152578046381596,0.019605191902367175
7.0,0.0003841791767627001,1.8737911489097314e-07,4,-0.09999990463256836,volta,-3.4154661784179363,0.019600489197025162
6.900000095367432,0.0003840051940642297,1.8275771651588002e-07,4,-0.09999990463256836,volta,-3.4156629013142976,0.01959605047105742
6.800000190734863,0.00038381677586585283,1.781043437176777e-07,4,-0.09999990463256836,volta,-3.41587604703998,0.019591242325739652
6.699999809265137,0.0003835043462458998,1.7340391877951333e-07,4,-0.10000038146972656,volta,-3.416229709837776,0.01958326699623686
6.599999904632568,0.0003832826914731413,1.687533455196899e-07,4,-0.09999990463256836,volta,-3.416480792453007,0.01957760688830842
6.5,0.0003829046036116779,1.640960789472956e-07,4,-0.09999990463256836,volta,-3.4169094121554995,0.019567948375128087
6.400000095367432,0.0003825825697276741,1.5950617182625138e-07,4,-0.09999990463256836,volta,-3.417274820099435,0.019559718038041195
6.300000190734863,0.00038218722329474986,1.5494151739403605e-07,4,-0.09999990463256836,volta,-3.4177238357146438,0.019549609287521575
6.199999809265137,0.00038180238334462047,1.503990745277406e-07,4,-0.10000038146972656,volta,-3.418161364915148,0.019539764157855653
6.099999904632568,0.0003813820949289948,1.4585327789973235e-07,4,-0.09999990463256836,volta,-3.4186397000054507,0.01952900650133014
6.0,0.00038092193426564336,1.4132348269413342e-07,4,-0.09999990463256836,volta,-3.4191640190527135,0.019517221479135892
5.900000095367432,0.00038044239045120776,1.3680309507435595e-07,4,-0.09999990463256836,volta,-3.4197110981664025,0.01950493246466667
5.800000190734863,0.0003799364494625479,1.3225839268216077e-07,4,-0.09999990463256836,volta,-3.4202890401091195,0.019491958584568866
5.699999809265137,0.00037938926834613085,1.277273469213469e-07,4,-0.10000038146972656,volta,-3.420914958012391,0.01947791745403319
5.599999904632568,0.00037885693018324673,1.2317714492837695e-07,4,-0.09999990463256836,volta,-3.421524764075593,0.019464247485665782
5.5,0.0003783174615819007,1.1865433435787054e-07,4,-0.09999990463256836,volta,-3.422143612993137,0.019450384612698556
5.400000095367432,0.0003777422243729234,1.142115664265475e-07,4,-0.09999990463256836,volta,-3.4228044666227913,0.019435591690836772
5.300000190734863,0.00037709096795879304,1.0974761721627146e-07,4,-0.09999990463256836,volta,-3.4235538696432597,0.01941883024177288
5.199999809265137,0.0003764683788176626,1.0533330652151562e-07,4,-0.10000038146972656,volta,-3.4242714961743745,0.019402793067433942
5.099999904632568,0.0003757519007194787,1.0093744862160747e-07,4,-0.09999990463256836,volta,-3.4250988138817235,0.019384321002281168
5.0,0.00037506152875721455,9.651228083384922e-08,4,-0.09999990463256836,volta,-3.4258974805181994,0.019366505331556712
4.900000095367432,0.00037433215766213834,9.211131413167095e-08,4,-0.09999990463256836,volta,-3.4267428624519205,0.019347665431832813
4.800000190734863,0.0003735288919415325,8.775091941970459e-08,4,-0.09999990463256836,volta,-3.4276758004737595,0.019326895558819904
4.699999809265137,0.0003727216098923236,8.338851387179602e-08,4,-0.10000038146972656,volta,-3.4286154267124362,0.019305999323845517
4.599999904632568,0.00037187302950769663,7.900835186092081e-08,4,-0.09999990463256836,volta,-3.429605318174303,0.019284009684391278
4.5,0.00037104185321368277,7.467846074860063e-08,4,-0.09999990463256836,volta,-3.430577099564038,0.01926244670891221
4.400000095367432,0.00037022316246293485,7.039808735953557e-08,4,-0.09999990463256836,volta,-3.431536413743137,0.01924118401925762
4.300000190734863,0.00036928048939444125,6.616021863692367e-08,4,-0.09999990463256836,volta,-3.4326436373048015,0.019216672172736912
4.199999809265137,0.0003683435788843781,6.194780155510671e-08,4,-0.10000038146972656,volta,-3.433746896541793,0.019192279147729644
4.099999904632568,0.0003673673199955374,5.777761558078964e-08,4,-0.09999990463256836,volta,-3.434899479975943,0.019166828636880368
4.0,0.0003663626848720014,5.362073096648601e-08,4,-0.09999990463256836,volta,-3.4360887669350153,0.019140603043582546
3.9000000953674316,0.00036528430064208806,4.953615118097332e-08,4,-0.09999990463256836,volta,-3.437368992696447,0.019112412214110704
3.799999952316284,0.00036419322714209557,4.5498833145529716e-08,4,-0.10000014305114746,volta,-3.438668134988559,0.019083847283556204
3.700000047683716,0.00036314892349764705,4.151652177597498e-08,4,-0.09999990463256836,volta,-3.4399152389037275,0.01905646671074276
3.5999999046325684,0.00036173875560052693,3.782679769415154e-08,4,-0.10000014305114746,volta,-3.441604959743247,0.019019431000966536
3.5,0.00036045562592335045,3.3761068607418565e-08,4,-0.09999990463256836,volta,-3.4431481917012476,0.018985668961702416
3.4000000953674316,0.0003592051798477769,3.047087204777199e-08,4,-0.09999990463256836,volta,-3.4446574093012625,0.018952709037173998
3.299999952316284,0.00035792190465144813,2.634193840833632e-08,4,-0.10000014305114746,volta,-3.446211722179573,0.01891882408215289
3.200000047683716,0.00035656869295053184,2.2735809679375052e-08,4,-0.09999990463256836,volta,-3.447856790929881,0.018883026583430208
3.0999999046325684,0.0003551444970071316,1.9222381908434727e-08,4,-0.10000014305114746,volta,-3.4495949103681127,0.018845277843723387
3.0,0.00035378593020141125,1.5824868526692626e-08,4,-0.09999990463256836,volta,-3.4512594426456022,0.018809198021218537
2.9000000953674316,0.00035233990638516843,1.255235915209596e-08,4,-0.09999990463256836,volta,-3.453038165387126,0.01877071938912221
2.799999952316284,0.0003508810477796942,9.42081523902516e-09,4,-0.10000014305114746,volta,-3.454840088800786,0.018731819126280667
2.700000047683716,0.0003494174452498555,6.480421088639332e-09,4,-0.09999990463256836,volta,-3.456655415934047,0.018692711019267793
2.5999999046325684,0.00034769761259667575,3.592298902788116e-09,4,-0.10000014305114746,volta,-3.458798291311707,0.01864665151164347
2.5,0.0003459837753325701,7.00370761386182e-10,4,-0.09999990463256836,volta,-3.4609442666660333,0.018600639110863102
2.4000000953674316,0.00034429883817210793,2.1745745204526656e-09,4,-0.09999990463256836,volta,-3.463064442808814,0.018555291379337268
2.299999952316284,0.0003424376482143998,5.087236409906382e-09,4,-0.10000014305114746,volta,-3.465418494249156,0.01850507087839438
2.200000047683716,0.00034057439188472927,8.258155936857747e-09,4,-0.09999990463256836,volta,-3.467788010164552,0.018454657728734208
2.0999999046325684,0.00033893974614329636,1.1471664507212154e-08,4,-0.10000014305114746,volta,-3.4698775001547295,0.018410316296666288
2.0,0.00033730498398654163,1.4773379852783819e-08,4,-0.09999990463256836,volta,-3.471977241669199,0.018365864640319595
1.899999976158142,0.000335436750901863,1.8173535565324528e-08,4,-0.10000002384185791,volta,-3.4743893572352595,0.01831493245692877
1.7999999523162842,0.00033354415791109204,2.1674788186487604e-08,4,-0.10000002384185791,volta,-3.4768466616946387,0.0182631913397164
1.7000000476837158,0.00033162033651024103,2.5247876678236025e-08,4,-0.09999990463256836,volta,-3.4793588443359904,0.018210445807564434
1.600000023841858,0.00032954636844806373,2.8929974860147922e-08,4,-0.10000002384185791,volta,-3.4820834698579963,0.018153412033225704
1.5,0.00032747045042924583,3.268872816875046e-08,4,-0.10000002384185791,volta,-3.4848278828310124,0.01809614462887733
1.399999976158142,0.0003253021859563887,3.6501891287343824e-08,4,-0.10000002384185791,volta,-3.487713018348618,0.018036135560490465
1.2999999523162842,0.0003230602596886456,4.035581113726039e-08,4,-0.10000002384185791,volta,-3.4907164621600697,0.017973877146810747
1.2000000476837158,0.00032072546309791505,4.4226048601103685e-08,4,-0.09999990463256836,volta,-3.4938665591113898,0.017908809650502042
1.100000023841858,0.00031830393709242344,4.81255426620919e-08,4,-0.10000002384185791,volta,-3.497157989569573,0.01784107443772441
1.0,0.00031510787084698677,5.1994607730421194e-08,4,-0.10000002384185791,volta,-3.501540748769121,0.017751278006019364
0.8999999761581421,0.0003126096271444112,5.596098162641283e-08,4,-0.10000002384185791,volta,-3.504997651552551,0.017680769981661182
0.800000011920929,0.00030995564884506166,6.001634744734474e-08,4,-0.09999996423721313,volta,-3.508700444358756,0.017605557328442108
0.699999988079071,0.0003074195992667228,6.4023993218143e-08,4,-0.10000002384185791,volta,-3.5122684478901176,0.017533385276857483
0.6000000238418579,0.0003045513294637203,6.80475196190855e-08,4,-0.09999996423721313,volta,-3.5163395003244466,0.01745139906894918
0.5,0.0003014863177668303,7.203381358067418e-08,4,-0.10000002384185791,volta,-3.520732392489661,0.017363361361407828
0.4000000059604645,0.00029868801357224584,7.6083296107754e-08,4,-0.09999999403953552,volta,-3.524782205396815,0.017282592790789402
0.30000001192092896,0.00029541621915996075,8.004334972611105e-08,4,-0.09999999403953552,volta,-3.5295656644123428,0.017187676374657533
0.20000000298023224,0.0002921931736636907,8.40088318909693e-08,4,-0.10000000894069672,volta,-3.5343299344483374,0.017093658872918072
0.10000000149011612,0.000288716284558177,8.794119565891378e-08,4,-0.10000000149011612,volta,-3.539528719776009,0.01699165337917935
0.0,0.00028512580320239067,9.185384186594092e-08,4,-0.10000000149011612,volta,-3.544963478301442,0.016885668574338143
-0.10000000149011612,0.00028140429640188813,9.573663817263878e-08,4,-0.10000000149011612,volta,-3.550669276164287,0.016775109430399796
-0.20000000298023224,0.0002775306929834187,9.96151996446315e-08,4,-0.10000000149011612,volta,-3.556688979906303,0.016659252473728188
-0.30000001192092896,0.00027328674332238734,1.0339145006810213e-07,4,-0.10000000894069672,volta,-3.5633814346870385,0.016531386612210947
-0.4000000059604645,0.0002692545240279287,1.0714954612467409e-07,4,-0.09999999403953552,volta,-3.569836990931153,0.01640897693422502
-0.5,0.0002648021327331662,1.1099147201321102e-07,4,-0.09999999403953552,volta,-3.577078521382959,0.01627274201642631
-0.6000000238418579,0.00026015564799308777,1.1481709805138962e-07,4,-0.10000002384185791,volta,-3.584766741109073,0.016129341213858915
-0.699999988079071,0.00025550732971169055,1.1861180126970794e-07,4,-0.09999996423721313,volta,-3.5925966367907876,0.01598459663900502
-0.800000011920929,0.000250499346293509,1.223564396468646e-07,4,-0.10000002384185791,volta,-3.6011934031360258,0.01582717113995767
-0.8999999761581421,0.00024523024330846965,1.2603365462382499e-07,4,-0.09999996423721313,volta,-3.6104259709724005,0.015659828968046543
-1.0,0.00023973887437023222,1.2976319396784675e-07,4,-0.10000002384185791,volta,-3.6202615381165457,0.015483503297711155
-1.100000023841858,0.00023412711743731052,1.3339216309304902e-07,4,-0.10000002384185791,volta,-3.6305482818551202,0.0153012129400682
-1.2000000476837158,0.00022836611606180668,1.3706312529393472e-07,4,-0.10000002384185791,volta,-3.6413683343099303,0.015111787321882434
-1.2999999523162842,0.00022231126786209643,1.4077636478759814e-07,4,-0.09999990463256836,volta,-3.6530385244970787,0.014910106232421566
-1.399999976158142,0.00021589480456896126,1.4447266494244104e-07,4,-0.10000002384185791,volta,-3.665757808680962,0.014693359199616719
-1.5,0.0002093640505336225,1.4808308890223998e-07,4,-0.10000002384185791,volta,-3.6790978880593097,0.01446941776760981
-1.600000023841858,0.0002028218877967447,1.5167091760304174e-07,4,-0.10000002384185791,volta,-3.692885179336651,0.014241554964144355
-1.7000000476837158,0.0001957429340109229,1.552438817498114e-07,4,-0.10000002384185791,volta,-3.708313906283825,0.01399081605950571
-1.7999999523162842,0.00018862828437704593,1.5879160741860687e-07,4,-0.09999990463256836,volta,-3.7243931852579206,0.01373420126461841
-1.899999976158142,0.00018118701700586826,1.6223221166455914e-07,4,-0.10000002384185791,volta,-3.741872925007534,0.01346057268491457
-2.0,0.00017390229913871735,1.6555924275962752e-07,4,-0.10000002384185791,volta,-3.7596946762108727,0.013187202096681363
-2.0999999046325684,0.000166328129125759,1.6892930432277353e-07,4,-0.09999990463256836,volta,-3.7790342974368976,0.01289682631990363
-2.200000047683716,0.00015886931214481592,1.7229828586096119e-07,4,-0.10000014305114746,volta,-3.7989599848145774,0.012604337037100203
-2.299999952316284,0.00015127072401810437,1.7557165676862496e-07,4,-0.09999990463256836,volta,-3.820245114459578,0.012299216398539557
-2.4000000953674316,0.00014365153037942946,1.7874884861157625e-07,4,-0.10000014305114746,volta,-3.842689742927856,0.011985471637754997
-2.5,0.00013609154848381877,1.819529273916487e-07,4,-0.09999990463256836,volta,-3.8661688443838025,0.011665828238227184
-2.5999999046325684,0.00012850954954046756,1.8505204479879467e-07,4,-0.09999990463256836,volta,-3.891064598724651,0.011336205253102449
-2.700000047683716,0.00012100386811653152,1.8816614044681046e-07,4,-0.10000014305114746,volta,-3.9172007464206233,0.01100017582207355
-2.799999952316284,0.00011356667528161779,1.913478655524159e-07,4,-0.09999990463256836,volta,-3.9447490882070335,0.010656766642918376
-2.9000000953674316,0.00010619543172651902,1.9425048947141477e-07,4,-0.10000014305114746,volta,-3.973894165162619,0.010305116774036043
-3.0,9.901086013996974e-05,1.977494008542635e-07,4,-0.09999990463256836,volta,-4.00431716661271,0.009950420098667681
-3.0999999046325684,9.20914244488813e-05,2.0087945529212448e-07,4,-0.09999990463256836,volta,-4.035780809411499,0.009596427692057149
-3.200000047683716,8.54314275784418e-05,2.030973860200902e-07,4,-0.10000014305114746,volta,-4.068382336417564,0.009242912288799553
-3.299999952316284,7.897114846855402e-05,2.0588556992606755e-07,4,-0.09999990463256836,volta,-4.102531546045075,0.00888657124365489
-3.4000000953674316,7.277716940734535e-05,2.0868930050710333e-07,4,-0.10000014305114746,volta,-4.138004839855534,0.008530953604805581
-3.5,6.693614705000073e-05,2.1130809102487547e-07,4,-0.09999990463256836,volta,-4.17433928993286,0.008181451402410255
-3.5999999046325684,6.137785385362804e-05,2.1379079839789483e-07,4,-0.09999990463256836,volta,-4.211988301238536,0.007834401946136542
-3.700000047683716,5.613109897240065e-05,2.1628093804793025e-07,4,-0.10000014305114746,volta,-4.250796454787683,0.007492069071518271
-3.799999952316284,5.1140861614840105e-05,2.187115626384184e-07,4,-0.09999990463256836,volta,-4.2912319593089325,0.00715128391373466
-3.9000000953674316,4.64847034891136e-05,2.2106289065959572e-07,4,-0.10000014305114746,volta,-4.332689934920213,0.0068179691616429006
-4.0,4.211454506730661e-05,2.2333581739530928e-07,4,-0.09999990463256836,volta,-4.375567886313426,0.006489572024972572
-4.099999904632568,3.729857780854218e-05,2.2494251084026473e-07,4,-0.09999990463256836,volta,-4.4283077274856195,0.006107256160383497
-4.199999809265137,3.357489185873419e-05,2.2695374468639784e-07,4,-0.09999990463256836,volta,-4.4739853774747536,0.005794384510777154
-4.300000190734863,3.011428634636104e-05,2.2878661809500045e-07,4,-0.10000038146972656,volta,-4.521227424358246,0.005487648526132212
-4.400000095367432,2.6878884455072694e-05,2.3055066833421733e-07,4,-0.09999990463256836,volta,-4.570588759615966,0.005184484974910497
-4.5,2.3866288756835274e-05,2.322051386727253e-07,4,-0.09999990463256836,volta,-4.622215109176632,0.004885313578147801
-4.599999904632568,2.1099285731907003e-05,2.3376480839942815e-07,4,-0.09999990463256836,volta,-4.675732246500503,0.004593395882340973
-4.699999809265137,1.8579105017124675e-05,2.351006003209477e-07,4,-0.09999990463256836,volta,-4.730975210443873,0.004310348595777919
-4.800000190734863,1.6301273717544973e-05,2.3652472691537696e-07,4,-0.10000038146972656,volta,-4.787778460204048,0.0040374835872787115
-4.900000095367432,1.4219102922652382e-05,2.3801267445833219e-07,4,-0.09999990463256836,volta,-4.847127802201989,0.0037708225790472273
-5.0,1.2367093404463958e-05,2.3954245875756897e-07,4,-0.09999990463256836,volta,-4.907732359120272,0.0035166878457525853
-5.099999904632568,1.0689361261029262e-05,2.4107907847792376e-07,4,-0.09999990463256836,volta,-4.971048245127816,0.003269458863639251
-5.199999809265137,9.170573321171105e-06,2.427592278309021e-07,4,-0.09999990463256836,volta,-5.037603512482903,0.0030282954481310282
-5.300000190734863,7.835857104510069e-06,2.442994002649357e-07,4,-0.10000038146972656,volta,-5.105913492443587,0.0027992600994745146
-5.400000095367432,6.6519746724225115e-06,2.4591275860075257e-07,4,-0.09999990463256836,volta,-5.177049413037619,0.002579142235787416
-5.5,5.618930117634591e-06,2.4768286266407813e-07,4,-0.09999990463256836,volta,-5.250346369171234,0.0023704282561669296
-5.599999904632568,4.732324214273831e-06,2.497055504591117e-07,4,-0.09999990463256836,volta,-5.324925509258251,0.0021753905888998028
-5.699999809265137,3.849584118142957e-06,2.51163754683148e-07,4,-0.09999990463256836,volta,-5.414586186063312,0.0019620357076625687
-5.800000190734863,3.21790253110521e-06,2.534559655487101e-07,4,-0.10000038146972656,volta,-5.49242711463234,0.0017938513124295475
-5.900000095367432,2.6885754778049886e-06,2.5565017836015613e-07,4,-0.09999990463256836,volta,-5.570477766836448,0.0016396876159210903
-6.0,2.2432086552726105e-06,2.580488569492445e-07,4,-0.09999990463256836,volta,-5.6491303280135945,0.0014977345076056072
-6.099999904632568,1.8706833770920639e-06,2.607337705740065e-07,4,-0.09999990463256836,volta,-5.727999712883764,0.0013677292777052278
-6.199999809265137,1.5551497654087143e-06,2.6347382231506344e-07,4,-0.09999990463256836,volta,-5.808227780811675,0.0012470564403461112
-6.300000190734863,1.2944259424330085e-06,2.663145437509229e-07,4,-0.10000038146972656,volta,-5.887922791666135,0.0011377284133012625
-6.400000095367432,1.0733494946180144e-06,2.692998464226548e-07,4,-0.09999990463256836,volta,-5.969258843858691,0.0010360258175441451
-6.5,8.959043498180108e-07,2.7243501676821325e-07,4,-0.09999990463256836,volta,-6.04773835480624,0.0009465222394735429
-6.599999904632568,7.47833325931424e-07,2.7555316250982287e-07,4,-0.09999990463256836,volta,-6.126195185149132,0.0008647735691679205
-6.699999809265137,6.28836289706669e-07,2.787970458939526e-07,4,-0.09999990463256836,volta,-6.201462403411737,0.0007929919859031799
-6.800000190734863,5.316227884577529e-07,2.8191772116770153e-07,4,-0.10000038146972656,volta,-6.27439641093222,0.0007291246727808303
-6.900000095367432,4.5256894054546137e-07,2.850119074082613e-07,4,-0.09999990463256836,volta,-6.34431525465123,0.0006727324435059315
-7.0,3.7626239191013156e-07,2.880899216961552e-07,4,-0.09999990463256836,volta,-6.4245091880105445,0.0006134023083671365
-7.099999904632568,3.273355844157777e-07,2.9159491532482207e-07,4,-0.09999990463256836,volta,-6.485006780285088,0.0005721324885162332
-7.199999809265137,2.8945933649993094e-07,2.951436215425929e-07,4,-0.09999990463256836,volta,-6.538412437719199,0.000538014253063923
-7.300000190734863,2.61273839896603e-07,2.9853552518943616e-07,4,-0.10000038146972656,volta,-6.582904071930933,0.000511149527923682
-7.400000095367432,2.3949664296196715e-07,3.017659651050053e-07,4,-0.09999990463256836,volta,-6.6207005697371475,0.0004893839422804626
-7.5,2.2429455270867038e-07,3.0528778438565496e-07,4,-0.09999990463256836,volta,-6.649181273707683,0.000473597458511625
-7.599999904632568,2.127722069644733e-07,3.08736133547427e-07,4,-0.09999990463256836,volta,-6.6720851017071885,0.00046127237828041826
-7.699999809265137,2.0461115468606295e-07,3.120460405625636e-07,4,-0.09999990463256836,volta,-6.689070693758992,0.00045233964527339733
-7.800000190734863,1.9898047298738675e-07,3.154694070417463e-07,4,-0.10000038146972656,volta,-6.7011895411276265,0.0004460722732779821
-7.900000095367432,1.9519677607604535e-07,3.187257107128971e-07,4,-0.09999990463256836,volta,-6.709527359537903,0.0004418107921679204
-8.0,1.9304114573515108e-07,3.221229292194039e-07,4,-0.09999990463256836,volta,-6.71435011347299,0.00043936447937350495
-8.100000381469727,1.9206508738989214e-07,3.2571850283602544e-07,4,-0.10000038146972656,volta,-6.716551571795791,0.00043825231019344567
-8.199999809265137,1.9196384926090104e-07,3.2941386507445714e-07,4,-0.09999942779541016,volta,-6.71678055017529,0.000438136792863714
-8.300000190734863,1.9233878845170693e-07,3.329034257149033e-07,4,-0.10000038146972656,volta,-6.715933123916388,0.000438564463279581
-8.399999618530273,1.9309523224819714e-07,3.365890677287098e-07,4,-0.09999942779541016,volta,-6.714228449337445,0.0004394260259112985
-8.5,1.9401555562126305e-07,3.4009147498181846e-07,4,-0.10000038146972656,volta,-6.7121634481644,0.0004404719691663285
-8.600000381469727,1.9518222416081699e-07,3.4368605383860995e-07,4,-0.10000038146972656,volta,-6.709559737388576,0.0004417943233687108
-8.699999809265137,1.9651565708045382e-07,3.473502658835059e-07,4,-0.09999942779541016,volta,-6.706602842170206,0.0004433008651925392
-8.800000190734863,1.9792614125435648e-07,3.510433828068926e-07,4,-0.10000038146972656,volta,-6.703496842212221,0.0004448889088911483
-8.899999618530273,1.9947023588429147e-07,3.547700373474072e-07,4,-0.09999942779541016,volta,-6.70012189875204,0.0004466209084719293
-9.0,2.009555828408338e-07,3.583577097288071e-07,4,-0.10000038146972656,volta,-6.696899923966658,0.0004482806964847291
-9.0,2.1213054424151778e-07,3.7206260117272905e-07,5,,volta,-6.673396793810241,0.00046057631749962764
-8.899999618530273,2.0718074722481106e-07,3.639542569544574e-07,5,0.10000038146972656,ida,-6.683650604923495,0.0004551711186189333
-8.800000190734863,2.0296634772876132e-07,3.5702927903003e-07,5,0.09999942779541016,ida,-6.6925759631076485,0.00045051786615933593
-8.699999809265137,1.9921752425489103e-07,3.5078727478321525e-07,5,0.10000038146972656,ida,-6.700672461331747,0.0004463379036726447
-8.600000381469727,1.9573870702060958e-07,3.4494502187953913e-07,5,0.09999942779541016,ida,-6.708323284800597,0.00044242367366655413
-8.5,1.9247940485911386e-07,3.393780616534059e-07,5,0.10000038146972656,ida,-6.715615732828432,0.0004387247484005363
-8.399999618530273,1.8935223522476008e-07,3.3398879395463155e-07,5,0.10000038146972656,ida,-6.7227295638463005,0.0004351462228087934
-8.300000190734863,1.8631878617725306e-07,3.286887988451781e-07,5,0.09999942779541016,ida,-6.729743353789811,0.00043164659870923697
-8.199999809265137,1.8340432461627643e-07,3.235379608668154e-07,5,0.10000038146972656,ida,-6.736590428018005,0.00042825731122337707
-8.100000381469727,1.806079410471284e-07,3.18546881317161e-07,5,0.09999942779541016,ida,-6.743263158357346,0.00042497993016980037
-8.0,1.7779083805180562e-07,3.1348756124316424e-07,5,0.10000038146972656,ida,-6.750090622927478,0.00042165250865114703
-7.900000095367432,1.7504126503808948e-07,3.085151263348962e-07,5,0.09999990463256836,ida,-6.7568595566522145,0.0004183793315139856
-7.800000190734863,1.7243186789528409e-07,3.0376534709830594e-07,5,0.09999990463256836,ida,-6.763382467211581,0.00041524916362984293
-7.699999809265137,1.6985568151994812e-07,2.990526013491035e-07,5,0.10000038146972656,ida,-6.769919921790746,0.00041213551353887
-7.599999904632568,1.6731209484532883e-07,2.9437080684147077e-07,5,0.09999990463256836,ida,-6.776472663133697,0.00040903801149199916
-7.5,1.6478098530114949e-07,2.897091633258242e-07,5,0.09999990463256836,ida,-6.783092904624505,0.0004059322422537405
-7.400000095367432,1.62161313710385e-07,2.848640860975138e-07,5,0.09999990463256836,ida,-6.790052745969833,0.00040269257965647317
-7.300000190734863,1.596781942225789e-07,2.8024976472806884e-07,5,0.09999990463256836,ida,-6.796754387401919,0.000399597540310972
-7.199999809265137,1.5707999523328908e-07,2.754466947862966e-07,5,0.10000038146972656,ida,-6.803879120580612,0.0003963331871459783
-7.099999904632568,1.5455731272595585e-07,2.707536452817294e-07,5,0.09999990463256836,ida,-6.81091044190189,0.0003931377782991045
-7.0,1.5195918479093962e-07,2.6592348945086997e-07,5,0.09999990463256836,ida,-6.818273044952446,0.00038981942587682774
-6.900000095367432,1.4950043691897008e-07,2.6131226604775293e-07,5,0.09999990463256836,ida,-6.825357538100619,0.00038665286358563293
-6.800000190734863,1.4711527285271586e-07,2.5682868454168784e-07,5,0.09999990463256836,ida,-6.832342238412201,0.00038355608827486475
-6.699999809265137,1.4473415888005547e-07,2.5235615908059117e-07,5,0.10000038146972656,ida,-6.8394289584292425,0.00038043942866119367
-6.599999904632568,1.423699842462156e-07,2.4790529096208047e-07,5,0.09999990463256836,ida,-6.846581563018636,0.0003773194723920508
-6.5,1.3986893065975892e-07,2.436927388771437e-07,5,0.09999990463256836,ida,-6.85427874541919,0.0003739905488909565
-6.400000095367432,1.3783947849788092e-07,2.390661961726437e-07,5,0.09999990463256836,ida,-6.860626378667407,0.0003712673948758239
-6.300000190734863,1.3546430466249149e-07,2.3466823506623768e-07,5,0.09999990463256836,ida,-6.868175127892047,0.00036805475769576934
-6.199999809265137,1.3305175627920107e-07,2.3035536855786631e-07,5,0.10000038146972656,ida,-6.875979388400593,0.00036476260263245335
-6.099999904632568,1.3050602376551979e-07,2.2616205797021394e-07,5,0.09999990463256836,ida,-6.884369442136051,0.0003612561747091941
-6.0,1.2829563900140784e-07,2.21483915652243e-07,5,0.09999990463256836,ida,-6.89178810582159,0.0003581838061685757
-5.900000095367432,1.2606726329522644e-07,2.16912809491987e-07,5,0.09999990463256836,ida,-6.899397674854654,0.0003550595207781738
-5.800000190734863,1.2363884138721914e-07,2.1246209769287816e-07,5,0.09999990463256836,ida,-6.907845073339362,0.00035162315251874293
-5.699999809265137,1.21208117320748e-07,2.081847583212948e-07,5,0.10000038146972656,ida,-6.916468294447283,0.00034814956171270415
-5.599999904632568,1.1901407503955852e-07,2.0375527753913047e-07,5,0.09999990463256836,ida,-6.924401674317194,0.00034498416636065854
-5.5,1.1677433775503232e-07,1.993050915416461e-07,5,0.09999990463256836,ida,-6.932652586983024,0.0003417226035178714
-5.400000095367432,1.1435072622134612e-07,1.9500390635585063e-07,5,0.09999990463256836,ida,-6.941761072920619,0.00033815784217040737
-5.300000190734863,1.1236394215075052e-07,1.9058126099480432e-07,5,0.09999990463256836,ida,-6.949373032515273,0.0003352073121976168
-5.199999809265137,1.1018928347539259e-07,1.8638330345766008e-07,5,0.10000038146972656,ida,-6.957860640999795,0.00033194771195986967
-5.099999904632568,1.0778111914078181e-07,1.8232877607715636e-07,5,0.09999990463256836,ida,-6.967457311237835,0.00032830034898059704
-5.0,1.0551332252362045e-07,1.7809928465339908e-07,5,0.09999990463256836,ida,-6.976692701189009,0.0003248281430597116
-4.900000095367432,1.0338310829638431e-07,1.7370568627939065e-07,5,0.09999990463256836,ida,-6.9855504145587854,0.0003215324373937788
-4.800000190734863,1.0108011849752074e-07,1.6952569126260641e-07,5,0.09999990463256836,ida,-6.995334257622827,0.00031793099644029796
-4.699999809265137,9.888044871786406e-08,1.653106522780945e-07,5,0.10000038146972656,ida,-7.004889571429509,0.000314452617603772
-4.599999904632568,9.667022737858133e-08,1.6112952039293305e-07,5,0.09999990463256836,ida,-7.014707259899436,0.00031091836127604514
-4.5,9.447196447354145e-08,1.5692442900672177e-07,5,0.09999990463256836,ida,-7.024697053722353,0.00030736291980904505
-4.400000095367432,9.228330810628904e-08,1.527338469031747e-07,5,0.09999990463256836,ida,-7.034876845592689,0.0003037816783584702
-4.300000190734863,9.0089294246809e-08,1.4853748098175856e-07,5,0.09999990463256836,ida,-7.045326815300437,0.0003001487868488044
-4.199999809265137,8.784071070522259e-08,1.4426039740556007e-07,5,0.10000038146972656,ida,-7.056304159072173,0.0002963793358269476
-4.099999904632568,8.567415221705232e-08,1.4010291238264472e-07,5,0.09999990463256836,ida,-7.067150184409361,0.000292701472864508
-4.0,8.354159319878818e-08,1.3600515558209736e-07,5,0.09999990463256836,ida,-7.078097246681089,0.00028903562617571587
-3.9000000953674316,8.14010618910288e-08,1.3188230241212295e-07,5,0.09999990463256836,ida,-7.089369929626694,0.00028530871331073786
-3.799999952316284,7.923522105102165e-08,1.2773104174357286e-07,5,0.10000014305114746,ida,-7.101081726139028,0.0002814875149114462
-3.700000047683716,7.708614901957844e-08,1.2360143841760873e-07,5,0.09999990463256836,ida,-7.1130236497669825,0.0002776439248742505
-3.5999999046325684,7.494940490460067e-08,1.1949171607739117e-07,5,0.10000014305114746,ida,-7.125231811083536,0.00027376888958499407
-3.5,7.278816127609389e-08,1.153529538555631e-07,5,0.09999990463256836,ida,-7.13793925132659,0.00026979281175764096
-3.4000000953674316,7.065917628779061e-08,1.1124510734816795e-07,5,0.09999990463256836,ida,-7.150831429677176,0.00026581793823553484
-3.299999952316284,6.856890877315891e-08,1.0720943777187131e-07,5,0.10000014305114746,ida,-7.163872761976459,0.0002618566569196951
-3.200000047683716,6.65022383827818e-08,1.0319705268102553e-07,5,0.09999990463256836,ida,-7.1771637366377945,0.00025788027916609247
-3.0999999046325684,6.440588862233199e-08,9.915861198805942e-08,5,0.10000014305114746,ida,-7.1910744233347526,0.00025378315275512674
-3.0,6.227002558034656e-08,9.504557141326586e-08,5,0.09999990463256836,ida,-7.205720955871645,0.00024953962727460055
-2.9000000953674316,6.013330278165085e-08,9.093421482475605e-08,5,0.09999990463256836,ida,-7.220884942163914,0.0002452209264758023
-2.799999952316284,5.802565183898878e-08,8.687565156151322e-08,5,0.10000014305114746,ida,-7.236379972138984,0.00024088514242059177
-2.700000047683716,5.594427321398143e-08,8.285774555361058e-08,5,0.09999990463256836,ida,-7.25224436380695,0.00023652541769116788
-2.5999999046325684,5.392873347886962e-08,7.89183260963e-08,5,0.10000014305114746,ida,-7.268179779036833,0.0002322256090074254
-2.5,5.1921325905368576e-08,7.499306775571313e-08,5,0.09999990463256836,ida,-7.284654225567615,0.0002278625153582058
-2.4000000953674316,4.992162416783685e-08,7.108523192300709e-08,5,0.09999990463256836,ida,-7.301711293604984,0.00022343147532932073
-2.299999952316284,4.789964336282537e-08,6.714367373206187e-08,5,0.10000014305114746,ida,-7.319667720116409,0.0002188598715224547
-2.200000047683716,4.5872585729966886e-08,6.318474987665468e-08,5,0.09999990463256836,ida,-7.338446779017654,0.0002141788638730883
-2.0999999046325684,4.3896331902715247e-08,5.931365976152847e-08,5,0.10000014305114746,ida,-7.357571769073759,0.00020951451477812998
-2.0,4.198270886490718e-08,5.5514419727842323e-08,5,0.09999990463256836,ida,-7.376929542715827,0.00020489682492636917
-1.899999976158142,4.006828291380771e-08,5.171061445707892e-08,5,0.10000002384185791,ida,-7.397199268424216,0.00020017063449419276
-1.7999999523162842,3.813304161326414e-08,4.7983334638956876e-08,5,0.10000002384185791,ida,-7.41869855262894,0.0001952768332733408
-1.7000000476837158,3.628035472047486e-08,4.422725652375448e-08,5,0.09999990463256836,ida,-7.440328475404893,0.00019047402636704791
-1.600000023841858,3.4444720853343824e-08,4.0521833000184415e-08,5,0.10000002384185791,ida,-7.462877330503753,0.0001855928900937313
-1.5,3.268961634717016e-08,3.686990623918973e-08,5,0.10000002384185791,ida,-7.485590176369301,0.00018080270005497748
-1.399999976158142,3.0866704747722906e-08,3.318231733828725e-08,5,0.10000002384185791,ida,-7.5105097322370025,0.00017568922775094354
-1.2999999523162842,2.910902274777527e-08,2.9564391823555525e-08,5,0.10000002384185791,ida,-7.535972374512162,0.0001706136651847538
-1.2000000476837158,2.7384462697455092e-08,2.5987299423491095e-08,5,0.09999990463256836,ida,-7.562495775816794,0.0001654825147786167
-1.100000023841858,2.5696181182865985e-08,2.2454575088204365e-08,5,0.10000002384185791,ida,-7.590131414195564,0.00016030028441292918
-1.0,2.4043707469445508e-08,1.8964318115877177e-08,5,0.10000002384185791,ida,-7.618998564565443,0.0001550603349327142
-0.8999999761581421,2.2455038717339448e-08,1.5544882714380037e-08,5,0.10000002384185791,ida,-7.64868619178308,0.0001498500541119003
-0.800000011920929,2.0941852696410024e-08,1.2214496081242032e-08,5,0.09999996423721313,ida,-7.678984899532303,0.00014471300113123915
-0.699999988079071,1.9468366474484355e-08,8.934137873950476e-09,5,0.10000002384185791,ida,-7.710670487148672,0.0001395290882736799
-0.6000000238418579,1.807842586742936e-08,5.878224129673981e-09,5,0.09999996423721313,ida,-7.7428393872926975,0.00013445603693188848
-0.5,1.68483715867751e-08,2.873979942918936e-09,5,0.10000002384185791,ida,-7.773442067792825,0.00012980127729254092
-0.4000000059604645,1.569850027749453e-08,6.170048499898328e-11,5,0.09999999403953552,ida,-7.804141834999608,0.00012529365617418357
-0.30000001192092896,1.4658421143565192e-08,2.9515305755012378e-09,5,0.09999999403953552,ida,-7.8339128049720905,0.00012107196679481668
-0.20000000298023224,1.3697947665036736e-08,5.774070110931007e-09,5,0.10000000894069672,ida,-7.8633444974069775,0.00011703823163836993
-0.10000000149011612,1.283980388677719e-08,8.716025234889457e-09,5,0.10000000149011612,ida,-7.891441609564746,0.00011331285843529494
0.0,1.1999039983834336e-08,1.1541209765653093e-08,5,0.10000000149011612,ida,-7.920853499485846,0.0001095401295591453
0.10000000149011612,1.1308995517822495e-08,1.423971163205806e-08,5,0.10000000149011612,ida,-7.946575968057753,0.00010634376106675227
0.20000000298023224,1.078118394559624e-08,1.6817988779394e-08,5,0.10000000149011612,ida,-7.967333544083821,0.00010383248020535887
0.30000001192092896,1.042007635732034e-08,1.9308906473725074e-08,5,0.10000000894069672,ida,-7.982129098556516,0.00010207877525382218
0.4000000059604645,1.02116244349304e-08,2.17927347279101e-08,5,0.09999999403953552,ida,-7.990905166139297,0.00010105258252479448
0.5,1.013242645342416e-08,2.4303446366502612e-08,5,0.09999999403953552,ida,-7.994286539916689,0.00010065995456696848
0.6000000238418579,1.0210709611158109e-08,2.6893264504224135e-08,5,0.10000002384185791,ida,-7.9909440748081675,0.00010104805594942492
0.699999988079071,1.050514342182396e-08,2.955004418936369e-08,5,0.09999996423721313,ida,-7.97859801399753,0.00010249460191553484
0.800000011920929,1.1018077117341818e-08,3.2294018126322044e-08,5,0.10000002384185791,ida,-7.95789419225324,0.00010496702871541053
0.8999999761581421,1.1908706909480316e-08,3.509427060066628e-08,5,0.09999996423721313,ida,-7.924135393224653,0.00010912702190328625
1.0,1.3183758085233421e-08,3.791427261035096e-08,5,0.10000002384185791,ida,-7.8799607746405975,0.00011482054731289789
1.100000023841858,1.4970774842026913e-08,4.072019521572656e-08,5,0.10000002384185791,ida,-7.824755721306372,0.0001223551177598506
1.2000000476837158,1.730100507302268e-08,4.3504126523430386e-08,5,0.10000002384185791,ida,-7.761928666525042,0.0001315332850385129
1.2999999523162842,2.0396280220325025e-08,4.624926575047539e-08,5,0.09999990463256836,ida,-7.690449029980457,0.00014281554614370602
1.399999976158142,2.424380163290607e-08,4.893830052310477e-08,5,0.10000002384185791,ida,-7.61539927812213,0.00015570421199475007
1.5,3.099280831975193e-08,5.109004774794812e-08,5,0.10000002384185791,ida,-7.5087390696944665,0.0001760477444324463
1.600000023841858,3.681784477294059e-08,5.368215738599247e-08,5,0.10000002384185791,ida,-7.433941637630328,0.00019187976645008872
1.7000000476837158,4.394708241761691e-08,5.617110332423181e-08,5,0.10000002384185791,ida,-7.357069951807244,0.00020963559434794682
1.7999999523162842,5.548175252556575e-08,5.8053682749914515e-08,5,0.09999990463256836,ida,-7.255849829138737,0.00023554564849634932
1.899999976158142,6.448694023220014e-08,6.052677292700537e-08,5,0.10000002384185791,ida,-7.190528228920872,0.00025394278928963533
2.0,7.579087935027928e-08,6.295169185932536e-08,5,0.10000002384185791,ida,-7.120383054079967,0.0002753014336146459
2.0999999046325684,8.881902147095389e-08,6.53704717024084e-08,5,0.09999990463256836,ida,-7.051494015806636,0.00029802520274458983
2.200000047683716,1.0447395482060529e-07,6.776907213179584e-08,5,0.10000014305114746,ida,-6.980991964935849,0.00032322431037996706
2.299999952316284,1.2233103063863382e-07,7.01679212511408e-08,5,0.09999990463256836,ida,-6.912463365320545,0.00034975853190255963
2.4000000953674316,1.434248133591609e-07,7.256254974663534e-08,5,0.10000014305114746,ida,-6.843375706599011,0.00037871468595654026
2.5,1.6745600817102968e-07,7.497261833577795e-08,5,0.09999990463256836,ida,-6.776099265748993,0.0004092138904913049
2.5999999046325684,1.956554456228332e-07,7.737280327546614e-08,5,0.09999990463256836,ida,-6.708508059999261,0.0004423295667517979
2.700000047683716,2.2913434349902673e-07,7.981149252600517e-08,5,0.10000014305114746,ida,-6.639909812275951,0.0004786797922401015
2.799999952316284,2.660071061200142e-07,8.224757408470396e-08,5,0.09999990463256836,ida,-6.575106761461084,0.0005157587673709621
2.9000000953674316,3.0997122735243465e-07,8.465325151973957e-08,5,0.10000014305114746,ida,-6.508678617075412,0.0005567505970831416
3.0,3.596352939894132e-07,8.704390097591386e-08,5,0.09999990463256836,ida,-6.44413769393355,0.0005996960013118423
3.0999999046325684,4.1742666212485346e-07,8.938960860405132e-08,5,0.09999990463256836,ida,-6.379419814868326,0.0006460856461219778
3.200000047683716,4.832546096622536e-07,9.163203884554605e-08,5,0.10000014305114746,ida,-6.315823994637574,0.0006951651671813352
3.299999952316284,5.763257036051073e-07,9.322588567783896e-08,5,0.09999990463256836,ida,-6.239332010845625,0.0007591611842060336
3.4000000953674316,6.572973347829247e-07,9.518397092733721e-08,5,0.10000014305114746,ida,-6.182238128698509,0.0008107387586534425
3.5,7.500594847442699e-07,9.703685321937883e-08,5,0.09999990463256836,ida,-6.124904292779278,0.0008660597466366105
3.5999999046325684,8.572258138883626e-07,9.885247465035718e-08,5,0.09999990463256836,ida,-6.066904759398206,0.0009258649004516602
3.700000047683716,9.74344516180281e-07,1.0069300770965128e-07,5,0.10000014305114746,ida,-6.011287454804391,0.0009870889099672232
3.799999952316284,1.1058460813728743e-06,1.0264673022675197e-07,5,0.09999990463256836,ida,-5.9563053166680575,0.0010515921649446017
3.9000000953674316,1.2549809298434411e-06,1.0473934963783904e-07,5,0.10000014305114746,ida,-5.901362873487076,0.0011202593136606547
4.0,1.4245165402826387e-06,1.070566852945376e-07,5,0.09999990463256836,ida,-5.846332503734596,0.0011935311224608425
4.099999904632568,1.6164065073098755e-06,1.0960513918689685e-07,5,0.09999990463256836,ida,-5.791449409848369,0.0012713797651802846
4.199999809265137,1.837748186517274e-06,1.1235017893795884e-07,5,0.09999990463256836,ida,-5.735713997138246,0.0013556357130576318
4.300000190734863,2.0853540263487957e-06,1.1529033372426056e-07,5,0.10000038146972656,ida,-5.680820205132461,0.0014440754919147392
4.400000095367432,2.3762340788380243e-06,1.1837083491172962e-07,5,0.09999990463256836,ida,-5.624110779961726,0.0015415038367899135
4.5,2.7089226932730526e-06,1.2158230333625397e-07,5,0.09999990463256836,ida,-5.567203388604331,0.001645880522174393
4.599999904632568,3.0888363653502893e-06,1.248504020168184e-07,5,0.09999990463256836,ida,-5.510205098337519,0.00175750856764634
4.699999809265137,3.519551910358132e-06,1.2816123273751145e-07,5,0.09999990463256836,ida,-5.4535126249440875,0.001876046883837963
4.800000190734863,4.020313554065069e-06,1.3151419864243508e-07,5,0.10000038146972656,ida,-5.395740073908118,0.002005071957328482
4.900000095367432,4.578281732392497e-06,1.349610272427526e-07,5,0.09999990463256836,ida,-5.339297485785831,0.0021396919713810437
5.0,5.367809080780717e-06,1.3834281276103866e-07,5,0.09999990463256836,ida,-5.27020293930664,0.0023168532713101872
5.099999904632568,6.0928241509827785e-06,1.4188636043854785e-07,5,0.09999990463256836,ida,-5.215181356154195,0.0024683646713933457
5.199999809265137,6.92786534273182e-06,1.4544619375556067e-07,5,0.09999990463256836,ida,-5.1594005623124275,0.0026320838403690373
5.300000190734863,7.88813667895738e-06,1.4897779010425438e-07,5,0.10000038146972656,ida,-5.103025572914371,0.002808582681524149
5.400000095367432,8.968925612862222e-06,1.5258316921062942e-07,5,0.09999990463256836,ida,-5.047259577953819,0.0029948164572912014
5.5,1.0148587534786202e-05,1.562237343932793e-07,5,0.09999990463256836,ida,-4.993594398000433,0.0031856847827093945
5.599999904632568,1.1511618140502833e-05,1.5994960733678454e-07,5,0.09999990463256836,ida,-4.938863625101944,0.00339287756049387
5.699999809265137,1.303378667216748e-05,1.6369341437894036e-07,5,0.09999990463256836,ida,-4.884929391508187,0.003610233603545272
5.800000190734863,1.470437473471975e-05,1.674347203106663e-07,5,0.10000038146972656,ida,-4.832553438007257,0.003834628369831912
5.900000095367432,1.6579966541030444e-05,1.7104719063354423e-07,5,0.09999990463256836,ida,-4.780416350206766,0.004071850505732061
6.0,1.866238198999781e-05,1.7464489587837306e-07,5,0.09999990463256836,ida,-4.729032925482849,0.004319997915508503
6.099999904632568,2.0932315237587318e-05,1.782255054649795e-07,5,0.09999990463256836,ida,-4.679182733472131,0.004575184721690187
6.199999809265137,2.3422937374562025e-05,1.8181337679834542e-07,5,0.09999990463256836,ida,-4.630358642757636,0.004839724927572023
6.300000190734863,2.6153020371566527e-05,1.854585178762136e-07,5,0.10000038146972656,ida,-4.582478147907343,0.005114002382827615
6.400000095367432,2.9108803573762998e-05,1.8916701094440214e-07,5,0.09999990463256836,ida,-4.535975644509347,0.005395257507641595
6.5,3.235392432543449e-05,1.9288567898456677e-07,5,0.09999990463256836,ida,-4.490073034639297,0.005688051012907189
6.599999904632568,3.581336568458937e-05,1.9662728334424173e-07,5,0.09999990463256836,ida,-4.445954862747975,0.005984426930340897
6.699999809265137,3.9463502616854385e-05,2.0026477898227313e-07,5,0.09999990463256836,ida,-4.403804371195743,0.006281998298062042
6.800000190734863,4.3573112634476274e-05,2.0401446931828104e-07,5,0.10000038146972656,ida,-4.360781415237684,0.006600993306652892
6.900000095367432,4.778887523571029e-05,2.0769734021541808e-07,5,0.09999990463256836,ida,-4.3206731909622125,0.006912949821581978
7.0,5.298410906107165e-05,2.111867019038982e-07,5,0.09999990463256836,ida,-4.275854364020113,0.0072790184132939
7.099999904632568,5.7696295698406175e-05,2.1480499867720937e-07,5,0.09999990463256836,ida,-4.238852069155955,0.007595807771291094
7.199999809265137,6.26653345534578e-05,2.185388154885004e-07,5,0.09999990463256836,ida,-4.202972637406487,0.007916143919450795
7.300000190734863,6.792357453377917e-05,2.2231752438983676e-07,5,0.10000038146972656,ida,-4.167979467059646,0.00824157597391295
7.400000095367432,7.334072142839432e-05,2.259856302089247e-07,5,0.09999990463256836,ida,-4.134654822343377,0.008563919746727799
7.5,7.900106720626354e-05,2.296340539942321e-07,5,0.09999990463256836,ida,-4.102367041891068,0.008888254452155584
7.599999904632568,8.477568189846352e-05,2.33339136457289e-07,5,0.09999990463256836,ida,-4.071728708261184,0.0092073710633635
7.699999809265137,9.086080535780638e-05,2.3710961727374524e-07,5,0.09999990463256836,ida,-4.041623418072778,0.009532093440467649
7.800000190734863,9.709980804473162e-05,2.4094492800941225e-07,5,0.10000038146972656,ida,-4.012781628641905,0.009853923484822258
7.900000095367432,0.00010336177365388721,2.4478191562593565e-07,5,0.09999990463256836,ida,-3.9856400469352233,0.010166699250685406
8.0,0.00010986721463268623,2.485616619196662e-07,5,0.09999990463256836,ida,-3.9591318856324627,0.01048175627615364
8.100000381469727,0.00011640031880233437,2.523785269659129e-07,5,0.10000038146972656,ida,-3.9340458302195924,0.010788897941974164
8.199999809265137,0.00012302793038543314,2.561500025421992e-07,5,0.09999942779541016,ida,-3.909996281769868,0.011091795633955449
8.300000190734863,0.00012964251800440252,2.5993730901063827e-07,5,0.10000038146972656,ida,-3.887252542397638,0.011386066836462998
8.399999618530273,0.00013635557843372226,2.6364864424976986e-07,5,0.09999942779541016,ida,-3.8653270899671224,0.011677139137379595
8.5,0.00014315119187813252,2.674966879112617e-07,5,0.10000038146972656,ida,-3.844205031687502,0.011964580723039672
8.600000381469727,0.00015003218140918761,2.7129922841595544e-07,5,0.10000038146972656,ida,-3.823815576215002,0.012248762443985418
8.699999809265137,0.0001568804436828941,2.750986709543213e-07,5,0.09999942779541016,ida,-3.8044311910845345,0.012525192361113425
8.800000190734863,0.00016375427367165685,2.7896012966266426e-07,5,0.10000038146972656,ida,-3.7858073569374104,0.012796650877149726
8.899999618530273,0.0001706434995867312,2.8281064601287653e-07,5,0.09999942779541016,ida,-3.7679102508801146,0.013063058584678062
9.0,0.0001773481344571337,2.8662651629929314e-07,5,0.10000038146972656,ida,-3.751173375555353,0.013317211962611908
9.100000381469727,0.00018412496137898415,2.9044920779597305e-07,5,0.10000038146972656,ida,-3.7348873312444697,0.013569265322005615
9.199999809265137,0.0001908153499243781,2.943646677522338e-07,5,0.09999942779541016,ida,-3.719386691899676,0.013813592940447395
9.300000190734863,0.00019745179452002048,2.9839361559425015e-07,5,0.10000038146972656,ida,-3.7045389148694423,0.014051754143878993
9.399999618530273,0.00020399398636072874,3.0233397296797193e-07,5,0.09999942779541016,ida,-3.6903826351664883,0.014282646336051618
9.5,0.00021049990027677268,3.061324207465077e-07,5,0.10000038146972656,ida,-3.6767481055730045,0.014508614691857134
9.600000381469727,0.0002168796636397019,3.1008556788947317e-07,5,0.10000038146972656,ida,-3.66378116897762,0.01472683481402918
9.699999809265137,0.00022319958952721208,3.141024365049816e-07,5,0.09999942779541016,ida,-3.651306608418288,0.014939865780093611
9.800000190734863,0.0002294319710927084,3.1808033895686094e-07,5,0.10000038146972656,ida,-3.6393460637596067,0.015147011952616543
9.899999618530273,0.00023557357781101018,3.2212579981205636e-07,5,0.09999942779541016,ida,-3.6278734220953726,0.015348406360629438
10.0,0.0002416057832306251,3.2612197742309945e-07,5,0.10000038146972656,ida,-3.6168926743758734,0.015543673414950054
10.100000381469727,0.00024755997583270073,3.300237665371242e-07,5,0.10000038146972656,ida,-3.606319568375916,0.015734038764179423
10.199999809265137,0.00025338269188068807,3.339612817399029e-07,5,0.09999942779541016,ida,-3.596223054320114,0.015917998991100864
10.300000190734863,0.0002590801741462201,3.3804442978180305e-07,5,0.10000038146972656,ida,-3.5865658196978223,0.01609596763621933
10.399999618530273,0.00026466816780157387,3.420904874928965e-07,5,0.09999942779541016,ida,-3.5772982890705585,0.01626862525850214
10.5,0.0002701450721360743,3.4618909694472677e-07,5,0.10000038146972656,ida,-3.568402950255565,0.016436090536866555
10.600000381469727,0.0002755283785518259,3.5031979450650397e-07,5,0.10000038146972656,ida,-3.5598336635499797,0.016599047519415863
10.699999809265137,0.0002808828139677644,3.544551248069183e-07,5,0.09999942779541016,ida,-3.5514748326293235,0.016759558883448107
10.800000190734863,0.0002860677777789533,3.587008734484698e-07,5,0.10000038146972656,ida,-3.5435310576819545,0.016913538298622004
10.899999618530273,0.0002911379560828209,3.628657054832729e-07,5,0.09999942779541016,ida,-3.5359011712607846,0.017062765194505284
11.0,0.0002961447462439537,3.670114381293388e-07,5,0.10000038146972656,ida,-3.52849596755621,0.017208856622215017
11.100000381469727,0.000301041582133621,3.7131542285351316e-07,5,0.10000038146972656,ida,-3.5213735122337155,0.01735054990868073
11.199999809265137,0.00030588143272325397,3.755721706966142e-07,5,0.09999942779541016,ida,-3.514446884279021,0.017489466336147994
11.300000190734863,0.00031064692302607,3.797221097556758e-07,5,0.10000038146972656,ida,-3.507732943738994,0.017625178666500662
11.399999618530273,0.0003152961144223809,3.83959587679783e-07,5,0.09999942779541016,ida,-3.5012813812829133,0.0177565794685345
11.5,0.0003197890764568001,3.882979910940776e-07,5,0.10000038146972656,ida,-3.4951363752225495,0.017882647355936986
11.600000381469727,0.00032423908123746514,3.925103158053389e-07,5,0.10000038146972656,ida,-3.489134639879688,0.018006639920803248
11.699999809265137,0.00032866792753338814,3.968194448589202e-07,5,0.09999942779541016,ida,-3.483242673694042,0.0181292009623532
11.800000190734863,0.00033293740125373006,4.0123904909705743e-07,5,0.10000038146972656,ida,-3.477637414678954,0.01824657231519745
11.899999618530273,0.0003371701459400356,4.0550335711486696e-07,5,0.09999942779541016,ida,-3.4721508860861094,0.018362193385868572
12.0,0.0003412939258851111,4.0969584347294585e-07,5,0.10000038146972656,ida,-3.466871440927493,0.018474142087932285
12.0,0.0003448833303991705,4.093535608262755e-07,5,0.0,volta,-3.4623277963273336,0.01857103471536173
11.899999618530273,0.00034785529715009034,4.0467148210154846e-07,5,-0.10000038146972656,volta,-3.4586013788075887,0.018650879259436814
11.800000190734863,0.00035043596290051937,4.000245326096774e-07,5,-0.09999942779541016,volta,-3.4553913314770996,0.018719934906417792
11.699999809265137,0.0003528771048877388,3.9525184547528625e-07,5,-0.10000038146972656,volta,-3.452376518300487,0.018785023419941184
11.600000381469727,0.00035512950853444636,3.904682444044738e-07,5,-0.09999942779541016,volta,-3.449613239663369,0.018844880167686033
11.5,0.0003572346759028733,3.8586287587349943e-07,5,-0.10000038146972656,volta,-3.4470463918261784,0.018900652790389893
11.399999618530273,0.00035919519723393023,3.8122863088574377e-07,5,-0.10000038146972656,volta,-3.4446694788776355,0.018952445679487652
11.300000190734863,0.0003610162530094385,3.7640981531694706e-07,5,-0.09999942779541016,volta,-3.4424732456471907,0.019000427705960686
11.199999809265137,0.00036272843135520816,3.7186077861406375e-07,5,-0.10000038146972656,volta,-3.440418402244893,0.019045430721178456
11.100000381469727,0.0003643783857114613,3.672676882615633e-07,5,-0.09999942779541016,volta,-3.4384473925240844,0.01908869785269444
11.0,0.00036588619695976377,3.6252004065318033e-07,5,-0.10000038146972656,volta,-3.436653973944055,0.01912815194836563
10.899999618530273,0.0003673058236017823,3.578012979232881e-07,5,-0.10000038146972656,volta,-3.434972185899005,0.019165224329544966
10.800000190734863,0.00036864299909211695,3.53205194869588e-07,5,-0.09999942779541016,volta,-3.433394009379308,0.019200078101198365
10.699999809265137,0.0003699274966493249,3.4858928188441496e-07,5,-0.10000038146972656,volta,-3.431883386448187,0.01923349933447694
10.600000381469727,0.0003711290191859007,3.438989324422437e-07,5,-0.09999942779541016,volta,-3.430475086126632,0.019264709164321703
10.5,0.0003722671535797417,3.392279381841945e-07,5,-0.10000038146972656,volta,-3.429145281397444,0.01929422591294457
10.399999618530273,0.0003733769408427179,3.3457791914770496e-07,5,-0.10000038146972656,volta,-3.4278525068850585,0.019322964080148726
10.300000190734863,0.00037438207073137164,3.2991465559462085e-07,5,-0.09999942779541016,volta,-3.42668495792773,0.019348955287853957
10.199999809265137,0.0003753284690901637,3.2527259463677183e-07,5,-0.10000038146972656,volta,-3.4255884926083926,0.01937339591011766
10.100000381469727,0.0003762387786991894,3.2067637789623404e-07,5,-0.09999942779541016,volta,-3.4245364440139,0.019396875488057075
10.0,0.0003771259216591716,3.1617560125596356e-07,5,-0.10000038146972656,volta,-3.423513615442071,0.019419730215921426
9.899999618530273,0.0003779133839998394,3.11561109356262e-07,5,-0.10000038146972656,volta,-3.4226077270447566,0.019439994444439522
9.800000190734863,0.0003786596062127501,3.0682093665745924e-07,5,-0.09999942779541016,volta,-3.421751021086113,0.01945917794288212
9.699999809265137,0.0003793235227931291,3.0215750257411855e-07,5,-0.10000038146972656,volta,-3.420990224783383,0.019476229686290134
9.600000381469727,0.00037996837636455894,2.975413053718512e-07,5,-0.09999942779541016,volta,-3.420252546914434,0.019492777543607245
9.5,0.00038057361962273717,2.9287633651620126e-07,5,-0.10000038146972656,volta,-3.4195613191739227,0.0195082961742623
9.399999618530273,0.00038113159826025367,2.878870759559504e-07,5,-0.10000038146972656,volta,-3.4189250439300376,0.019522591996460247
9.300000190734863,0.00038164766738191247,2.8310699917710735e-07,5,-0.09999942779541016,volta,-3.418337387667972,0.019535804753884917
9.199999809265137,0.00038212924846448004,2.783667412131763e-07,5,-0.10000038146972656,volta,-3.4177897198080895,0.019548126469421053
9.100000381469727,0.0003825537278316915,2.73807472694898e-07,5,-0.09999942779541016,volta,-3.4173075616549426,0.019558980746237558
9.0,0.00038294336991384625,2.692445093543938e-07,5,-0.10000038146972656,volta,-3.4168654452280887,0.019568938906181048
8.899999618530273,0.00038326511275954545,2.6472102376828843e-07,5,-0.10000038146972656,volta,-3.4165007112063392,0.01957715793366201
8.800000190734863,0.0003835973038803786,2.602228335035761e-07,5,-0.09999942779541016,volta,-3.4161244539361735,0.019585640246884414
8.699999809265137,0.00038390926783904433,2.5571065975782403e-07,5,-0.10000038146972656,volta,-3.4157714035825877,0.01959360272739662
8.600000381469727,0.00038417315226979554,2.5122380975517444e-07,5,-0.09999942779541016,volta,-3.4154729888457203,0.01960033551421494
8.5,0.0003843878803309053,2.4676717202964937e-07,5,-0.10000038146972656,volta,-3.41523031400138,0.019605812411907477
8.399999618530273,0.00038459760253317654,2.423087721581396e-07,5,-0.10000038146972656,volta,-3.414993427351458,0.01961116015265738
8.300000190734863,0.00038472411688417196,2.3780975766385382e-07,5,-0.09999942779541016,volta,-3.414850588578998,0.01961438545772393
8.199999809265137,0.0003848831111099571,2.3315212160923693e-07,5,-0.10000038146972656,volta,-3.4146711455764285,0.019618438039506535
8.100000381469727,0.0003849388740491122,2.28613345143458e-07,5,-0.09999942779541016,volta,-3.4146082283376926,0.019619859175058117
8.0,0.00038501337985508144,2.2404131527764548e-07,5,-0.10000038146972656,volta,-3.4145241777739357,0.01962175781766459
7.900000095367432,0.00038503194809891284,2.1936459404514608e-07,5,-0.09999990463256836,volta,-3.414503233329386,0.019622230966404225
7.800000190734863,0.000385070190532133,2.1453566034779215e-07,5,-0.09999990463256836,volta,-3.414460100147688,0.01962320540921215
7.699999809265137,0.00038502231473103166,2.09772153425547e-07,5,-0.10000038146972656,volta,-3.414514099364976,0.019621985494109196
7.599999904632568,0.0003849634376820177,2.051877885378417e-07,5,-0.09999990463256836,volta,-3.4145805161200062,0.019620485154093863
7.5,0.0003848997876048088,2.0074007522907777e-07,5,-0.09999990463256836,volta,-3.4146523285574872,0.019618863055865618
7.400000095367432,0.00038476852932944894,1.9638723358639254e-07,5,-0.09999990463256836,volta,-3.414800456638094,0.019615517564659082
7.300000190734863,0.000384646060410887,1.9201648626676615e-07,5,-0.09999990463256836,volta,-3.4149387112974012,0.019612395580624182
7.199999809265137,0.00038453430170193315,1.8756055908397684e-07,5,-0.10000038146972656,volta,-3.4150649136638047,0.019609546188067005
7.099999904632568,0.0003842968144454062,1.831237739224889e-07,5,-0.09999990463256836,volta,-3.4153332155213807,0.019603489853732836
7.0,0.0003840893623419106,1.787307724043785e-07,5,-0.09999990463256836,volta,-3.41556772079677,0.019598197936083576
6.900000095367432,0.00038387489621527493,1.743930084785461e-07,5,-0.09999990463256836,volta,-3.4158102879650634,0.01959272559434432
6.800000190734863,0.00038362291525118053,1.700456238040715e-07,5,-0.09999990463256836,volta,-3.4160954586705636,0.01958629406628984
6.699999809265137,0.00038332631811499596,1.6570713512464863e-07,5,-0.10000038146972656,volta,-3.416431362275159,0.01957872105411883
6.599999904632568,0.0003830195346381515,1.6137335023813648e-07,5,-0.09999990463256836,volta,-3.4167790757201297,0.019570884871107683
6.5,0.0003826971515081823,1.5702106281878514e-07,5,-0.09999990463256836,volta,-3.417144770304589,0.019562646843108482
6.400000095367432,0.0003823366714641452,1.5273106157565053e-07,5,-0.09999990463256836,volta,-3.4175540450342727,0.01955343119414455
6.300000190734863,0.0003819046833086759,1.484016820541001e-07,5,-0.09999990463256836,volta,-3.418045015827667,0.019542381720472964
6.199999809265137,0.00038155546644702554,1.440806585151222e-07,5,-0.10000038146972656,volta,-3.4184423200396243,0.019533444817722897
6.099999904632568,0.000381145830033347,1.3970044676625548e-07,5,-0.09999990463256836,volta,-3.418908827313112,0.019522956488025756
6.0,0.00038067082641646266,1.3546406307796133e-07,5,-0.09999990463256836,volta,-3.4194504050659313,0.019510787437119564
5.900000095367432,0.0003802156716119498,1.311064607989465e-07,5,-0.09999990463256836,volta,-3.419969986486029,0.019499119765054775
5.800000190734863,0.0003796763776335865,1.2683355521403428e-07,5,-0.09999990463256836,volta,-3.420586422566605,0.019485286183004512
5.699999809265137,0.00037912873085588217,1.2255841852493177e-07,5,-0.10000038146972656,volta,-3.421213302940034,0.01947122828318445
5.599999904632568,0.0003785759035963565,1.1824505463664536e-07,5,-0.09999990463256836,volta,-3.4218470323906485,0.019457027100673846
5.5,0.00037795418757013977,1.1396488730497367e-07,5,-0.09999990463256836,volta,-3.422560838499442,0.019441043890957597
5.400000095367432,0.00037737967795692384,1.097361490565163e-07,5,-0.09999990463256836,volta,-3.423221490468914,0.01942626258334124
5.300000190734863,0.00037669582525268197,1.0550431994715836e-07,5,-0.09999990463256836,volta,-3.4240091928569134,0.019408653360104146
5.199999809265137,0.00037600615178234875,1.0129898697641693e-07,5,-0.10000038146972656,volta,-3.4248050495849127,0.019390878055991913
5.099999904632568,0.0003753414493985474,9.702108627607231e-08,5,-0.09999990463256836,volta,-3.4255734732872067,0.019373730910657024
5.0,0.00037459979648701847,9.283589719188967e-08,5,-0.09999990463256836,volta,-3.426432462904692,0.019354580762367818
4.900000095367432,0.00037388672353699803,8.866465606161e-08,5,-0.09999990463256836,volta,-3.427259956073358,0.01933615069079154
4.800000190734863,0.00037311401683837175,8.446593113831113e-08,5,-0.09999990463256836,volta,-3.4281584354372914,0.01931615947434613
4.699999809265137,0.00037227009306661785,8.042394483709359e-08,5,-0.10000038146972656,volta,-3.4291418521454204,0.019294302088093723
4.599999904632568,0.00037143516237847507,7.623778230936296e-08,5,-0.09999990463256836,volta,-3.4301169856148075,0.019272653226228998
4.5,0.0003705559065565467,7.209332864022144e-08,5,-0.09999990463256836,volta,-3.4311462598105975,0.019249828740966677
4.400000095367432,0.0003696512430906296,6.800609497759069e-08,5,-0.09999990463256836,volta,-3.4322078289862983,0.01922631642022542
4.300000190734863,0.0003687795251607895,6.396449236945045e-08,5,-0.09999990463256836,volta,-3.4332331992142047,0.019203633123989573
4.199999809265137,0.00036784811527468264,5.989798523842182e-08,5,-0.10000038146972656,volta,-3.4343314647890835,0.019179366915377645
4.099999904632568,0.000366879248758778,5.5897114492609035e-08,5,-0.09999990463256836,volta,-3.4354768518974206,0.019154092219647947
4.0,0.00036586273927241564,5.1926811295288644e-08,5,-0.09999990463256836,volta,-3.4366818183143644,0.019127538766721023
3.9000000953674316,0.00036481674760580063,4.798951991347167e-08,5,-0.09999990463256836,volta,-3.4379252327728094,0.019100176638078524
3.799999952316284,0.000363750325050205,4.408191855986843e-08,5,-0.10000014305114746,volta,-3.4391966099168343,0.019072239644315637
3.700000047683716,0.0003626607358455658,4.022746935561372e-08,5,-0.09999990463256836,volta,-3.4404994615926254,0.01904365342694426
3.5999999046325684,0.0003611919528339058,3.658546177121025e-08,5,-0.10000014305114746,volta,-3.4422619341026097,0.01900505071905639
3.5,0.00035991769982501864,3.2813073147508476e-08,5,-0.09999990463256836,volta,-3.4437967953384163,0.018971497037003134
3.4000000953674316,0.0003587300016079098,2.914193331093884e-08,5,-0.09999990463256836,volta,-3.445232300525316,0.01894016899628696
3.299999952316284,0.00035739372833631933,2.5547228332811756e-08,5,-0.10000014305114746,volta,-3.446853072907116,0.01890485991316305
3.200000047683716,0.00035610017948783934,2.2026178214673564e-08,5,-0.09999990463256836,volta,-3.4484278074249923,0.018870616828493957
3.0999999046325684,0.0003548108506947756,1.8547149593928225e-08,5,-0.10000014305114746,volta,-3.450003107203308,0.018836423511239483
3.0,0.00035341220791451633,1.5244413731352324e-08,5,-0.09999990463256836,volta,-3.4517184527400118,0.018799260834259316
2.9000000953674316,0.00035197605029679835,1.218835077310132e-08,5,-0.09999990463256836,volta,-3.4534868864588115,0.0187610247667018
2.799999952316284,0.000350543181411922,8.9687821613893e-09,5,-0.10000014305114746,volta,-3.455258476145808,0.018722798439654312
2.700000047683716,0.0003490511735435575,6.150141285132804e-09,5,-0.09999990463256836,volta,-3.4571108975153897,0.018682911270558385
2.5999999046325684,0.0003473254619166255,3.3764591123031096e-09,5,-0.10000014305114746,volta,-3.4592633780351707,0.018636669818307815
2.5,0.0003456146514508873,5.68229630015793e-10,5,-0.09999990463256836,volta,-3.46140785499697,0.018590714118905904
2.4000000953674316,0.0003439062857069075,2.2524502263365775e-09,5,-0.09999990463256836,volta,-3.463559886338855,0.0185447104508781
2.299999952316284,0.00034214495099149644,5.105227351975827e-09,5,-0.10000014305114746,volta,-3.4657898644729057,0.018497160619713945
2.200000047683716,0.00034029094967991114,8.192850842192456e-09,5,-0.09999990463256836,volta,-3.468149601172604,0.01844697670839076
2.0999999046325684,0.00033864277065731585,1.137583183208335e-08,5,-0.10000014305114746,volta,-3.470258191273176,0.018402249065190803
2.0,0.0003369283222127706,1.4533729775223492e-08,5,-0.09999990463256836,volta,-3.472462480667054,0.018355607377931425
1.899999976158142,0.00033522601006552577,1.7842882726881726e-08,5,-0.10000002384185791,volta,-3.4746622919818178,0.01830917830121073
1.7999999523162842,0.00033345341216772795,2.120946618333619e-08,5,-0.10000002384185791,volta,-3.476964834166655,0.01826070678171379
1.7000000476837158,0.0003315266512800008,2.4714509549994546e-08,5,-0.09999990463256836,volta,-3.47948155311564,0.01820787333216048
1.600000023841858,0.0003295128408353776,2.8280524588808476e-08,5,-0.10000002384185791,volta,-3.482127656653321,0.01815248855764348
1.5,0.0003274565970059484,3.19153343752987e-08,5,-0.10000002384185791,volta,-3.4848462557637476,0.01809576185204559
1.399999976158142,0.00032541583641432226,3.556160166340305e-08,5,-0.10000002384185791,volta,-3.4875613158736556,0.01803928591752795
1.2999999523162842,0.0003232642775401473,3.937745063353759e-08,5,-0.10000002384185791,volta,-3.4904422846379237,0.01797955165014265
1.2000000476837158,0.0003209487476851791,4.3127386106789345e-08,5,-0.09999990463256836,volta,-3.4935643145566697,0.017915042497442732
1.100000023841858,0.00031855294946581125,4.6951342369538906e-08,5,-0.10000002384185791,volta,-3.496818369452458,0.017848051699437987
1.0,0.00031549326376989484,5.0724928257750435e-08,5,-0.10000002384185791,volta,-3.501009909126012,0.017762130045968442
0.8999999761581421,0.00031311335624195635,5.4621803968757376e-08,5,-0.10000002384185791,volta,-3.504298406613477,0.017695009359758936
0.800000011920929,0.0003106726217083633,5.8527280799580694e-08,5,-0.09999996423721313,volta,-3.5076970176329727,0.01762590768466587
0.699999988079071,0.00030802839319221675,6.242436967340836e-08,5,-0.10000002384185791,volta,-3.5114092496087537,0.01755073768228039
0.6000000238418579,0.0003054236003663391,6.629818471992621e-08,5,-0.09999996423721313,volta,-3.51509740764349,0.017476372631823205
0.5,0.0003025618498213589,7.015250957920216e-08,5,-0.10000002384185791,volta,-3.5191858332744426,0.017394305097397793
0.4000000059604645,0.00029960478423163295,7.402898916097911e-08,5,-0.09999999403953552,volta,-3.52345125589644,0.01730909541921914
0.30000001192092896,0.0002965452731586993,7.7892472916119e-08,5,-0.09999999403953552,volta,-3.5279089940971935,0.01722048992214505
0.20000000298023224,0.00029337924206629395,8.170520970907091e-08,5,-0.10000000894069672,volta,-3.532570617742174,0.017128316965373275
0.10000000149011612,0.00029010011348873377,8.550102137405702e-08,5,-0.10000000149011612,volta,-3.537452101298952,0.017032325545524713
0.0,0.00028662566910497844,8.919975158505622e-08,5,-0.10000000149011612,volta,-3.5426849184346665,0.016930022714248746
-0.10000000149011612,0.00028287991881370544,9.30052195258213e-08,5,-0.10000000149011612,volta,-3.5483978813091475,0.016819034419778844
-0.20000000298023224,0.00027912718360312283,9.669783906929297e-08,5,-0.10000000149011612,volta,-3.55419786643523,0.01670709979628789
-0.30000001192092896,0.0002752449654508382,1.0034128905545003e-07,5,-0.10000000894069672,volta,-3.560280616032564,0.016590508293926325
-0.4000000059604645,0.0002713599242269993,1.0407113393284817e-07,5,-0.09999999403953552,volta,-3.5664542906932826,0.016473005925665155
-0.5,0.00026711856480687857,1.0775629988302171e-07,5,-0.09999999403953552,volta,-3.5732959273548817,0.016343762259861668
-0.6000000238418579,0.00026257839635945857,1.113141934183659e-07,5,-0.10000002384185791,volta,-3.5807410083601408,0.016204270929587008
-0.699999988079071,0.0002578625571914017,1.151405228938529e-07,5,-0.09999996423721313,volta,-3.588611714805468,0.01605809942650131
-0.800000011920929,0.0002530481724534184,1.188231664173145e-07,5,-0.10000002384185791,volta,-3.5967967948747033,0.015907487936610808
-0.8999999761581421,0.0002479820395819843,1.220950593960879e-07,5,-0.09999996423721313,volta,-3.6055797723709473,0.015747445493856593
-1.0,0.00024283170932903886,1.2575969776662532e-07,5,-0.10000002384185791,volta,-3.614694603068542,0.01558305840741922
-1.100000023841858,0.00023750188120175153,1.2942150817707443e-07,5,-0.10000002384185791,volta,-3.624332946071517,0.015411096041545894
-1.2000000476837158,0.00023176013201009482,1.3297551504365401e-07,5,-0.10000002384185791,volta,-3.63496127043098,0.015223670122874275
-1.2999999523162842,0.0002259114116895944,1.3656213582180499e-07,5,-0.09999990463256836,volta,-3.6460618305730264,0.015030349686204722
-1.399999976158142,0.0002196482673753053,1.4012699978138698e-07,5,-0.10000002384185791,volta,-3.658272218177454,0.014820535326880244
-1.5,0.0002134203095920384,1.4365507183811133e-07,5,-0.10000002384185791,volta,-3.6707642544333106,0.014608911992069717
-1.600000023841858,0.00020691582176368684,1.4725200969678554e-07,5,-0.10000002384185791,volta,-3.684206299851664,0.014384568876531783
-1.7000000476837158,0.00020018666691612452,1.510071712118588e-07,5,-0.10000002384185791,volta,-3.6985648513201475,0.014148733756634356
-1.7999999523162842,0.00019321664876770228,1.5315610824018222e-07,5,-0.09999990463256836,volta,-3.713955454750633,0.013900239162248335
-1.899999976158142,0.00018626681412570179,1.5744770109904493e-07,5,-0.10000002384185791,volta,-3.7298645134660298,0.013647960071955874
-2.0,0.00017904872947838157,1.6102083577607118e-07,5,-0.10000002384185791,volta,-3.747028756374981,0.0133809091424455
-2.0999999046325684,0.00017179532733280212,1.6435329541764077e-07,5,-0.09999990463256836,volta,-3.764988652735145,0.013107071653607534
-2.200000047683716,0.00016450438124593347,1.676928178540038e-07,5,-0.10000014305114746,volta,-3.7838225309930675,0.01282592613599242
-2.299999952316284,0.0001570955355418846,1.7099475257964514e-07,5,-0.09999990463256836,volta,-3.803836156889208,0.012533775789517084
-2.4000000953674316,0.00014956065570004284,1.740661872418059e-07,5,-0.10000014305114746,volta,-3.825182639490764,0.012229499405128684
-2.5,0.00014206850028131157,1.7732914159296342e-07,5,-0.09999990463256836,volta,-3.8475022040605085,0.011919249149225448
-2.5999999046325684,0.00013457004388328642,1.8057440343000053e-07,5,-0.09999990463256836,volta,-3.8710516059672315,0.011600432917925365
-2.700000047683716,0.00012708836584351957,1.837157839190695e-07,5,-0.10000014305114746,volta,-3.89589420460904,0.01127334758816207
-2.799999952316284,0.00011967619502684101,1.8675034141324431e-07,5,-0.09999990463256836,volta,-3.921992227176103,0.010939661559063014
-2.9000000953674316,0.00011241271567996591,1.8984145810918562e-07,5,-0.10000014305114746,volta,-3.9491845603212465,0.010602486297089278
-3.0,0.00010525232937652618,1.9298857978355954e-07,5,-0.09999990463256836,volta,-3.977768283861158,0.010259255790578875
-3.0999999046325684,9.819474507821724e-05,1.9578168064526835e-07,5,-0.09999990463256836,volta,-4.00791175299307,0.009909326166708674
-3.200000047683716,9.138449240708724e-05,1.986514632790204e-07,5,-0.10000014305114746,volta,-4.039127496098086,0.009559523649590874
-3.299999952316284,8.475872164126486e-05,2.0160334202046215e-07,5,-0.09999990463256836,volta,-4.071815602083132,0.00920645000210531
-3.4000000953674316,7.842620107112452e-05,2.0433174086065264e-07,5,-0.10000014305114746,volta,-4.105538821504077,0.008855856879552905
-3.5,7.236249803099781e-05,2.0693823898909613e-07,5,-0.09999990463256836,volta,-4.140486449242404,0.008506614957255196
-3.5999999046325684,6.661483348580077e-05,2.094381414963209e-07,5,-0.09999990463256836,volta,-4.176429053356296,0.008161791070947649
-3.700000047683716,6.109899550210685e-05,2.1164784413940652e-07,5,-0.10000014305114746,volta,-4.213965929716172,0.007816584644338398
-3.799999952316284,5.596832124865614e-05,2.143710844393354e-07,5,-0.09999990463256836,volta,-4.2520577194177145,0.00748119784851705
-3.9000000953674316,5.106548996991478e-05,2.1658688353909383e-07,5,-0.10000014305114746,volta,-4.291872496710166,0.00714601217252775
-4.0,4.646232264349237e-05,2.187661465313795e-07,5,-0.09999990463256836,volta,-4.3328990836869,0.006816327650831669
-4.099999904632568,4.2154904804192483e-05,2.208735736530798e-07,5,-0.09999990463256836,volta,-4.375151887101671,0.006492680864187958
-4.199999809265137,3.741132968571037e-05,2.224571176157042e-07,5,-0.09999990463256836,volta,-4.426996855691018,0.006116480171284001
-4.300000190734863,3.3701253414619714e-05,2.2442438307734847e-07,5,-0.10000038146972656,volta,-4.472353946578809,0.005805278065228204
-4.400000095367432,3.0284938475233503e-05,2.2628852036632452e-07,5,-0.09999990463256836,volta,-4.51877330428213,0.00550317530842272
-4.5,2.70603832177585e-05,2.280227420214942e-07,5,-0.09999990463256836,volta,-4.567666057399171,0.005201959555567353
-4.599999904632568,2.4094759282888845e-05,2.296060301887337e-07,5,-0.09999990463256836,volta,-4.618077408131616,0.004908641286841894
-4.699999809265137,2.137432966264896e-05,2.3114617420105787e-07,5,-0.09999990463256836,volta,-4.670107496640847,0.004623238006273196
-4.800000190734863,1.8872498912969604e-05,2.3268229654149764e-07,5,-0.10000038146972656,volta,-4.724170590971252,0.004344248946937733
-4.900000095367432,1.6589256119914353e-05,2.342365661434087e-07,5,-0.09999990463256836,volta,-4.7801730877706685,0.004072991053257342
-5.0,1.4517534509650432e-05,2.3574642682433478e-07,5,-0.09999990463256836,volta,-4.838107132931426,0.0038101882512089126
-5.099999904632568,1.2638293810596224e-05,2.3725826281406626e-07,5,-0.09999990463256836,volta,-4.898311552529758,0.003555037807196461
-5.199999809265137,1.0956213372992352e-05,2.3865075604589947e-07,5,-0.09999990463256836,volta,-4.9603395184214705,0.0033100171257853563
-5.300000190734863,9.43645864026621e-06,2.4008610921555373e-07,5,-0.10000038146972656,volta,-5.025190959255685,0.003071881937878832
-5.400000095367432,8.07909236755222e-06,2.4169276002794504e-07,5,-0.09999990463256836,volta,-5.0926374265898415,0.002842374424236227
-5.5,6.878351996419951e-06,2.4342213578165683e-07,5,-0.09999990463256836,volta,-5.162515603129992,0.002622661243168845
-5.599999904632568,5.827439053973649e-06,2.452617877679586e-07,5,-0.09999990463256836,volta,-5.234522259834215,0.0024140089175422796
-5.699999809265137,4.917910700896755e-06,2.4716163693483395e-07,5,-0.09999990463256836,volta,-5.3082193614167155,0.0022176362868822188
-5.800000190734863,4.139929387747543e-06,2.4920257146732183e-07,5,-0.10000038146972656,volta,-5.383007066312223,0.0020346816428492057
-5.900000095367432,3.3559529128979193e-06,2.5099956246776856e-07,5,-0.09999990463256836,volta,-5.474184141351104,0.001831926011851439
-6.0,2.8097431368223624e-06,2.532804046495585e-07,5,-0.09999990463256836,volta,-5.551333380934626,0.0016762288438105228
-6.099999904632568,2.3475543002859922e-06,2.5592575525479333e-07,5,-0.09999990463256836,volta,-5.629384353463626,0.0015321730647306108
-6.199999809265137,1.9596770926000318e-06,2.586091625289555e-07,5,-0.09999990463256836,volta,-5.70781548397779,0.0013998846711783194
-6.300000190734863,1.6350264786524349e-06,2.614918344079342e-07,5,-0.10000038146972656,volta,-5.7864752097073495,0.0012786815391849665
-6.400000095367432,1.3615510852105217e-06,2.645157337610726e-07,5,-0.09999990463256836,volta,-5.865966059348752,0.0011668552117595917
-6.5,1.1355410833857604e-06,2.675908206128952e-07,5,-0.09999990463256836,volta,-5.9447971485732936,0.0010656177003906047
-6.599999904632568,9.489265266893199e-07,2.7072601938016305e-07,5,-0.09999990463256836,volta,-6.022767412745192,0.0009741285986405079
-6.699999809265137,7.934971222312015e-07,2.740303841619607e-07,5,-0.09999990463256836,volta,-6.100454643958126,0.0008907845543290484
-6.800000190734863,6.658682991655951e-07,2.7741208441511844e-07,5,-0.10000038146972656,volta,-6.176611660622055,0.0008160075362186278
-6.900000095367432,5.627072710012726e-07,2.808013732646941e-07,5,-0.09999990463256836,volta,-6.249717473089603,0.0007501381679405952
-7.0,4.784859015671827e-07,2.8421473530215735e-07,5,-0.09999990463256836,volta,-6.320130854045506,0.0006917267535430322
-7.099999904632568,4.094130190424039e-07,2.876242035654286e-07,5,-0.09999990463256836,volta,-6.387838351198729,0.000639853904451949
-7.199999809265137,3.4428217077220324e-07,2.908364251652529e-07,5,-0.09999990463256836,volta,-6.463085467378803,0.0005867556312232574
-7.300000190734863,3.0343684898070933e-07,2.9419288694043644e-07,5,-0.10000038146972656,volta,-6.517931680183317,0.0005508510224922064
-7.400000095367432,2.7165660299033334e-07,2.9757947572761623e-07,5,-0.09999990463256836,volta,-6.565979734372522,0.0005212068715877923
-7.5,2.4822227828735777e-07,3.009335216574982e-07,5,-0.09999990463256836,volta,-6.6051592425670815,0.0004982191067064348
-7.599999904632568,2.3031284968055843e-07,3.0436427778113284e-07,5,-0.09999990463256836,volta,-6.637681831077531,0.0004799092098309413
-7.699999809265137,2.171231585634814e-07,3.0772304171478027e-07,5,-0.09999990463256836,volta,-6.663293851810752,0.0004659647610747849
-7.800000190734863,2.079588341530325e-07,3.1116636023398314e-07,5,-0.10000038146972656,volta,-6.682022625948614,0.00045602503676117666
-7.900000095367432,2.0119840371535247e-07,3.1455886073672445e-07,5,-0.09999990463256836,volta,-6.696375469244162,0.00044855145046622297
-8.0,1.9700280518009095e-07,3.1810969858270255e-07,5,-0.09999990463256836,volta,-6.705527589749267,0.0004438499804890059
-8.100000381469727,1.9436022569152556e-07,3.21652635193459e-07,5,-0.10000038146972656,volta,-6.711392605305022,0.000440863046411837
-8.199999809265137,1.9275435647614358e-07,3.2518849479856726e-07,5,-0.09999942779541016,volta,-6.71499579759779,0.00043903798978692444
-8.300000190734863,1.92098227103088e-07,3.28556723161455e-07,5,-0.10000038146972656,volta,-6.716476643274167,0.0004382901175056175
-8.399999618530273,1.921635828239232e-07,3.3198662663380674e-07,5,-0.09999942779541016,volta,-6.716328912594407,0.00043836466876782303
-8.5,1.9270498796686297e-07,3.355434046170558e-07,5,-0.10000038146972656,volta,-6.715107043941076,0.00043898176268139316
-8.600000381469727,1.9359566749699297e-07,3.3918450981218484e-07,5,-0.10000038146972656,volta,-6.713104366052432,0.0004399950766735839
-8.699999809265137,1.9462483180632262e-07,3.4280947147635743e-07,5,-0.09999942779541016,volta,-6.710801749738493,0.0004411630444703212
-8.800000190734863,1.958007942448603e-07,3.4640677881725424e-07,5,-0.10000038146972656,volta,-6.708185550860458,0.00044249383526198454
-8.899999618530273,1.97098756871128e-07,3.5002287290808454e-07,5,-0.09999942779541016,volta,-6.705316114866736,0.00044395805755851307
-9.0,1.985291078199225e-07,3.536479766808043e-07,5,-0.10000038146972656,volta,-6.702175809108397,0.0004455660532625017
