Time (s),Vds (V),IDS,VG,IGS,cycle_id,diff_VG,direction,log_IDS
63.564,-1.0,1.0276889952365312e-05,-2.4600000381469727,-9.164872238898168e-08,0,0.05999994277954146,volta,-4.988138293986665
64.565,-1.0,1.004557543637929e-05,-2.400000095367432,-8.252196437297243e-08,0,0.05999994277954057,volta,-4.99802518069907
65.549,-1.0,9.756009603734128e-06,-2.339999914169312,-7.299294679796729e-08,0,0.06000018119812012,volta,-5.010727780842247
66.564,-1.0,9.461555237066932e-06,-2.2799999713897714,-6.410981256976811e-08,0,0.05999994277954057,volta,-5.024037470853871
67.548,-1.0,9.104196578846311e-06,-2.2200000286102286,-5.609903297454367e-08,0,0.05999994277954279,volta,-5.040758373511997
68.547,-1.0,8.715920557733625e-06,-2.160000085830688,-4.867654013196443e-08,0,0.05999994277954057,volta,-5.059686736835046
69.548,-1.0,8.284143405035138e-06,-2.099999904632568,-4.1789256499669136e-08,0,0.06000018119812012,volta,-5.081752391734599
70.548,-1.0,7.825989086995833e-06,-2.039999961853027,-3.53336453429165e-08,0,0.059999942779541016,volta,-5.106460762039836
71.548,-1.0,7.32953185433871e-06,-1.980000019073486,-2.985023428436762e-08,0,0.059999942779540794,volta,-5.134923763362993
72.614,-1.0,6.801759809604846e-06,-1.919999957084656,-2.380970798299131e-08,0,0.06000006198883012,volta,-5.167378708364045
73.54699999999998,-1.0,6.2475369304593195e-06,-1.8600000143051152,-1.878233035768062e-08,0,0.059999942779540794,volta,-5.2042911679910615
74.548,-1.0,5.675960437656613e-06,-1.799999952316284,-1.414563666202184e-08,0,0.06000006198883123,volta,-5.24596064030535
75.546,-1.0,5.090285412734374e-06,-1.7400000095367427,-9.985137161550028e-09,0,0.05999994277954124,volta,-5.29325786605214
76.546,-1.0,4.503108357312158e-06,-1.679999947547913,-6.313860545503757e-09,0,0.06000006198882968,volta,-5.346487602578139
77.546,-1.0,3.924312295566779e-06,-1.620000004768372,-3.0428528585701997e-09,0,0.059999942779541016,volta,-5.406236438895401
78.546,-1.0,3.381332135177217e-06,-1.559999942779541,-9.461641470309699e-10,0,0.06000006198883101,volta,-5.470912168071797
80.161,-1.0,2.901753077821922e-06,-1.5,3.2361506807632164e-09,0,0.059999942779541016,volta,-5.537339546240767
80.54699999999998,-1.0,2.392754595348379e-06,-1.440000057220459,4.413807541681081e-09,0,0.059999942779541016,volta,-5.621101841023521
81.569,-1.0,1.970812036233838e-06,-1.379999995231628,6.578135369750271e-09,0,0.06000006198883101,volta,-5.705354794045811
82.549,-1.0,1.6093050589915947e-06,-1.320000052452087,8.317947219893538e-09,0,0.059999942779541016,volta,-5.793361623471525
83.549,-1.0,1.305470391343988e-06,-1.2599999904632573,1.006035788009285e-08,0,0.06000006198882968,volta,-5.884232973723644
84.54699999999998,-1.0,1.053177129506366e-06,-1.200000047683716,1.185281295335017e-08,0,0.05999994277954124,volta,-5.977498580478454
85.548,-1.0,8.440314331892295e-07,-1.139999985694885,1.3541651355808428e-08,0,0.06000006198883101,volta,-6.073641379196111
86.56399999999998,-1.0,6.826780918345321e-07,-1.080000042915344,1.580442265947113e-08,0,0.059999942779541016,volta,-6.165784034087005
87.548,-1.0,5.503925990524295e-07,-1.019999980926514,1.77145249580235e-08,0,0.06000006198883012,volta,-6.2593274145478
88.613,-1.0,4.444403600700753e-07,-0.959999978542328,2.044188995853347e-08,0,0.0600000023841859,volta,-6.352186509227515
89.548,-1.0,3.58633400310282e-07,-0.8999999761581422,2.2918129616300575e-08,0,0.06000000238418579,volta,-6.445349266098542
90.548,-1.0,2.8855885148004756e-07,-0.8399999737739563,2.5397634217938496e-08,0,0.0600000023841859,volta,-6.539765599262158
91.548,-1.0,2.309910058784226e-07,-0.7799999713897705,2.7786946077412722e-08,0,0.06000000238418579,volta,-6.6364049299494825
92.548,-1.0,1.8323362382943737e-07,-0.7200000286102295,3.006960014317883e-08,0,0.059999942779541016,volta,-6.7369948292288
93.546,-1.0,1.437429233419607e-07,-0.6600000262260437,3.219899014084149e-08,0,0.06000000238418579,volta,-6.842413527015293
94.546,-1.0,1.1130416055493701e-07,-0.6000000238418579,3.419959426764764e-08,0,0.06000000238418579,volta,-6.9534886014130075
95.546,-1.0,8.21656342964161e-08,-0.5400000214576721,3.600031206474341e-08,0,0.06000000238418579,volta,-7.085309787765883
96.563,-1.0,6.326008161749996e-08,-0.47999998927116394,3.782271207342092e-08,0,0.06000003218650818,volta,-7.198870252097707
97.547,-1.0,3.8077569541883356e-08,-0.4199999868869781,3.513399349230895e-08,0,0.060000002384185847,volta,-7.419330780041627
99.725,-1.0,2.795164633084823e-08,-0.3600000143051147,3.771383916273408e-08,0,0.0599999725818634,volta,-7.553592607407393
100.547,-1.0,1.975579344559719e-08,-0.300000011920929,3.895037181678163e-08,0,0.06000000238418568,volta,-7.704305523202244
101.549,-1.0,1.434828078572536e-08,-0.239999994635582,4.001749687176925e-08,0,0.06000001728534701,volta,-7.843200133076505
102.547,-1.0,1.122304205125602e-08,-0.1800000071525574,4.092649419362715e-08,0,0.0599999874830246,volta,-7.94988940983503
103.548,-1.0,9.809875578525858e-09,-0.119999997317791,4.1429245811741566e-08,0,0.0600000098347664,volta,-8.008336500866974
104.614,-1.0,9.548079660248732e-09,-0.059999998658895486,4.268915532179562e-08,0,0.05999999865889551,volta,-8.0200839663031
105.548,-1.0,9.929096655980626e-09,0.0,4.353940497026088e-08,0,0.059999998658895486,volta,-8.003090261592106
106.547,-1.0,1.058901588635308e-08,0.059999998658895486,4.429948319284449e-08,0,0.059999998658895486,volta,-7.975144400136733
107.548,-1.0,1.13428590964304e-08,0.119999997317791,4.4990624559204655e-08,0,0.05999999865889551,volta,-7.945277462788898
108.547,-1.0,1.2136292859565861e-08,0.1800000071525574,4.546496867874338e-08,0,0.0600000098347664,volta,-7.91591395218187
109.548,-1.0,1.301112195761789e-08,0.239999994635582,4.57057360847557e-08,0,0.0599999874830246,volta,-7.885685252324394
110.546,-1.0,1.403170823977007e-08,0.300000011920929,4.5647585267261086e-08,0,0.06000001728534701,volta,-7.852889454135904
111.546,-1.0,1.529076065764912e-08,0.3600000143051147,4.54549784478786e-08,0,0.06000000238418568,volta,-7.815570909538454
112.546,-1.0,1.683143402431142e-08,0.4199999868869781,4.5448185659324736e-08,0,0.0599999725818634,volta,-7.773878880915794
113.546,-1.0,1.8764817255600967e-08,0.47999998927116394,4.590251378999711e-08,0,0.060000002384185847,volta,-7.726655660681783
114.547,-1.0,2.114431829625119e-08,0.5400000214576721,4.69332945840506e-08,0,0.06000003218650818,volta,-7.674806312169903
167.547,-1.0,1.06575243989937e-05,-2.4600000381469727,-9.228518393911146e-08,1,0.05999994277954146,volta,-4.972343664419869
168.631,-1.0,1.0429524991195652e-05,-2.400000095367432,-8.264000683766427e-08,1,0.05999994277954057,volta,-4.981735470902357
169.548,-1.0,1.015536781778792e-05,-2.339999914169312,-7.285601100193162e-08,1,0.06000018119812012,volta,-4.993304342240192
170.55,-1.0,9.829015652940145e-06,-2.2799999713897714,-6.420052045541524e-08,1,0.05999994277954057,volta,-5.007489973307429
171.566,-1.0,9.490267984801903e-06,-2.2200000286102286,-5.5986834723853456e-08,1,0.05999994277954279,volta,-5.0227215238553775
172.549,-1.0,9.083534678211437e-06,-2.160000085830688,-4.850614132578812e-08,1,0.05999994277954057,volta,-5.041745121464757
173.547,-1.0,8.643561159260571e-06,-2.099999904632568,-4.161132594049377e-08,1,0.06000018119812012,volta,-5.063307290718643
174.548,-1.0,8.160044671967626e-06,-2.039999961853027,-3.520619884511689e-08,1,0.059999942779541016,volta,-5.088307463704971
175.548,-1.0,7.64294327382231e-06,-1.980000019073486,-2.934331888582165e-08,1,0.059999942779540794,volta,-5.116739363751068
176.548,-1.0,7.165161150624044e-06,-1.919999957084656,-2.4484121396994848e-08,1,0.06000006198883012,volta,-5.144774037501146
178.253,-1.0,6.566538559127366e-06,-1.8600000143051152,-1.771178226306347e-08,1,0.059999942779540794,volta,-5.182663501188544
178.55,-1.0,5.913590030104388e-06,-1.799999952316284,-1.382225800483639e-08,1,0.06000006198883123,volta,-5.228148786985248
179.551,-1.0,5.308291747496696e-06,-1.7400000095367427,-9.697497027616462e-09,1,0.05999994277954124,volta,-5.275045216017478
180.546,-1.0,4.695662028098012e-06,-1.679999947547913,-6.060040025346324e-09,1,0.06000006198882968,volta,-5.328303169131437
181.546,-1.0,4.09372796639218e-06,-1.620000004768372,-2.8297544307775975e-09,1,0.059999942779541016,volta,-5.387881020154229
182.547,-1.0,3.520471864248975e-06,-1.559999942779541,7.907152016484174e-11,1,0.06000006198883101,volta,-5.453399122230612
183.546,-1.0,2.979063992825104e-06,-1.5,1.994848286557271e-09,1,0.059999942779541016,volta,-5.525920167670379
184.613,-1.0,2.485800905560609e-06,-1.440000057220459,4.846572920769177e-09,1,0.059999942779541016,volta,-5.6045336581074645
185.548,-1.0,2.050906459771795e-06,-1.379999995231628,6.629288229476059e-09,1,0.06000006198883101,volta,-5.688054147009179
186.549,-1.0,1.674406462370825e-06,-1.320000052452087,8.461701561657263e-09,1,0.059999942779541016,volta,-5.77613910850682
187.55,-1.0,1.357856945105596e-06,-1.2599999904632573,1.022651208160141e-08,1,0.06000006198882968,volta,-5.867145982061284
188.548,-1.0,1.094505705623305e-06,-1.200000047683716,1.200666410738904e-08,1,0.05999994277954124,volta,-5.960781970126877
189.549,-1.0,8.767171948420583e-07,-1.139999985694885,1.372463742654872e-08,1,0.06000006198883101,volta,-6.057140475649618
190.566,-1.0,7.093559588611242e-07,-1.080000042915344,1.588486497894337e-08,1,0.059999942779541016,volta,-6.149135778673962
191.547,-1.0,5.431930958366138e-07,-1.019999980926514,1.784751368916204e-08,1,0.06000006198883012,volta,-6.265045758718564
192.548,-1.0,4.2609454453668155e-07,-0.959999978542328,2.031976009675418e-08,1,0.0600000023841859,volta,-6.370494026214432
193.548,-1.0,3.6122571600571973e-07,-0.8999999761581422,2.331610993167033e-08,1,0.06000000238418579,volta,-6.44222133941659
194.549,-1.0,2.937905776434491e-07,-0.8399999737739563,2.573397139826739e-08,1,0.0600000023841859,volta,-6.5319621368748155
195.549,-1.0,2.3620569322702073e-07,-0.7799999713897705,2.2935914500976647e-08,1,0.06000000238418579,volta,-6.626709638867799
197.796,-1.0,1.7493891846243062e-07,-0.7200000286102295,2.7693236148707e-08,1,0.059999942779541016,volta,-6.757113562772634
198.546,-1.0,1.374516500618483e-07,-0.6600000262260437,3.0323697330914e-08,1,0.06000000238418579,volta,-6.861850042226812
199.549,-1.0,1.0660803440032401e-07,-0.6000000238418579,3.247911806170123e-08,1,0.06000000238418579,volta,-6.972210063937596
200.614,-1.0,7.889697428709042e-08,-0.5400000214576721,3.480424837221108e-08,1,0.06000000238418579,volta,-7.102939651741368
201.563,-1.0,6.085574710823494e-08,-0.47999998927116394,3.676014159736951e-08,1,0.06000003218650818,volta,-7.215698401500742
202.548,-1.0,4.455009872117444e-08,-0.4199999868869781,3.833030604027954e-08,1,0.060000002384185847,volta,-7.351151329247448
203.547,-1.0,3.188713648683006e-08,-0.3600000143051147,3.9574754140403456e-08,1,0.0599999725818634,volta,-7.496384479308493
204.549,-1.0,2.2556376322313554e-08,-0.300000011920929,4.056272473462741e-08,1,0.06000000238418568,volta,-7.646730668413316
205.55,-1.0,1.622405143564265e-08,-0.239999994635582,4.136656528430649e-08,1,0.06000001728534701,volta,-7.789840685486529
206.55,-1.0,1.242176317362009e-08,-0.1800000071525574,4.211761961414595e-08,1,0.0599999874830246,volta,-7.905816755026905
207.548,-1.0,1.0520530224766841e-08,-0.119999997317791,4.2866563632060206e-08,1,0.0600000098347664,volta,-7.977962371599816
208.549,-1.0,9.965825498170487e-09,-0.059999998658895486,4.3650555170415835e-08,1,0.05999999865889551,volta,-8.00148672160457
209.547,-1.0,1.016749173743392e-08,0.0,4.438092915393099e-08,1,0.059999998658895486,volta,-7.992786171850674
210.548,-1.0,1.074978150938932e-08,0.059999998658895486,4.507904094452897e-08,1,0.059999998658895486,volta,-7.968600362746597
211.548,-1.0,1.146154460229809e-08,0.119999997317791,4.567158384816139e-08,1,0.05999999865889551,volta,-7.940756851212248
212.549,-1.0,1.2244582237030948e-08,0.1800000071525574,4.609460901860984e-08,1,0.0600000098347664,volta,-7.912056027627649
213.547,-1.0,1.3117933406192612e-08,0.239999994635582,4.618415871959769e-08,1,0.0599999874830246,volta,-7.8821345781448
214.55,-1.0,1.423738016370635e-08,0.300000011920929,4.603233350053415e-08,1,0.06000001728534701,volta,-7.846569918362191
215.549,-1.0,1.530214532863283e-08,0.3600000143051147,4.009670107052443e-08,1,0.06000000238418568,volta,-7.815247677739751
217.76,-1.0,1.704114716005733e-08,0.4199999868869781,4.23688888417928e-08,1,0.0599999725818634,volta,-7.768501173154206
218.546,-1.0,1.908943758621717e-08,0.47999998927116394,4.363890937497672e-08,1,0.060000002384185847,volta,-7.719206866619455
219.549,-1.0,2.160843592946549e-08,0.5400000214576721,4.536022046863764e-08,1,0.06000003218650818,volta,-7.665376667257682
272.547,-1.0,1.09328984763124e-05,-2.4600000381469727,-9.303350623213193e-08,2,0.05999994277954146,volta,-4.961264684766561
273.565,-1.0,1.070036887540482e-05,-2.400000095367432,-8.337826784554637e-08,2,0.05999994277954057,volta,-4.970601250558577
274.549,-1.0,1.058677389664808e-05,-2.339999914169312,-7.284326386525208e-08,2,0.06000018119812012,volta,-4.975236362115103
276.564,-1.0,1.024694392981473e-05,-2.2799999713897714,-6.383848472069076e-08,2,0.05999994277954057,volta,-4.9894056402001
277.549,-1.0,9.858907105808612e-06,-2.2200000286102286,-5.590041851633032e-08,2,0.05999994277954279,volta,-5.006171225446546
278.634,-1.0,9.44879593589576e-06,-2.160000085830688,-4.822201660203973e-08,2,0.05999994277954057,volta,-5.024623530296322
279.549,-1.0,8.983525731309783e-06,-2.099999904632568,-4.132030184678114e-08,2,0.06000018119812012,volta,-5.046553183918456
280.549,-1.0,8.486200385959819e-06,-2.039999961853027,-3.535826209599692e-08,2,0.059999942779541016,volta,-5.071286717385676
281.615,-1.0,7.951170118758457e-06,-1.980000019073486,-2.888683070523257e-08,2,0.059999942779540794,volta,-5.09956895452268
282.548,-1.0,7.382232979580294e-06,-1.919999957084656,-2.331613302430924e-08,2,0.06000006198883012,volta,-5.13181225280746
283.549,-1.0,6.784634479117813e-06,-1.8600000143051152,-1.824327711119622e-08,2,0.059999942779540794,volta,-5.1684735449059716
284.549,-1.0,6.164830665511545e-06,-1.799999952316284,-1.35928033273558e-08,2,0.06000006198883123,volta,-5.210078848029147
285.548,-1.0,5.530111593543552e-06,-1.7400000095367427,-9.42705913331565e-09,2,0.05999994277954124,volta,-5.257266104866877
286.548,-1.0,4.894714038528036e-06,-1.679999947547913,-5.71781422209483e-09,2,0.06000006198882968,volta,-5.310272675692719
287.547,-1.0,4.26838050771039e-06,-1.620000004768372,-2.4713515678342897e-09,2,0.059999942779541016,volta,-5.369736872042095
288.547,-1.0,3.6651288155553634e-06,-1.559999942779541,3.427386430221445e-10,2,0.06000006198883101,volta,-5.435910756929604
289.548,-1.0,3.102600430793245e-06,-1.5,2.8047084654758687e-09,2,0.059999942779541016,volta,-5.508274151542889
290.548,-1.0,2.590776603028644e-06,-1.440000057220459,4.969108235997055e-09,2,0.059999942779541016,volta,-5.586570033658223
291.549,-1.0,2.138245008609374e-06,-1.379999995231628,6.9300294391894105e-09,2,0.06000006198883101,volta,-5.669942533088592
292.549,-1.0,1.746841576277802e-06,-1.320000052452087,8.726167344264011e-09,2,0.059999942779541016,volta,-5.757746480058948
293.553,-1.0,1.4150786000755027e-06,-1.2599999904632573,1.045947062294772e-08,2,0.06000006198882968,volta,-5.849219436725538
294.55,-1.0,1.119513513003767e-06,-1.200000047683716,1.079710720830462e-08,2,0.05999994277954124,volta,-5.9509706599343914
296.199,-1.0,9.272964121009865e-07,-1.139999985694885,1.48308396674679e-08,2,0.06000006198883101,volta,-6.032781420587741
296.565,-1.0,7.42820475352346e-07,-1.080000042915344,1.620736078677965e-08,2,0.059999942779541016,volta,-6.129116133728727
297.624,-1.0,5.997967491566669e-07,-1.019999980926514,1.8850029093187e-08,2,0.06000006198883012,volta,-6.221995892406347
298.547,-1.0,4.839394023292698e-07,-0.959999978542328,2.1265137206682994e-08,2,0.0600000023841859,volta,-6.315209016210204
299.548,-1.0,3.9082013358893164e-07,-0.8999999761581422,2.3715079677799615e-08,2,0.06000000238418579,volta,-6.408023071152488
300.549,-1.0,3.1489443585996924e-07,-0.8399999737739563,2.620867434188767e-08,2,0.0600000023841859,volta,-6.501835013217573
301.548,-1.0,2.523281636968023e-07,-0.7799999713897705,2.861245818053249e-08,2,0.06000000238418579,volta,-6.598034272845552
302.548,-1.0,2.006847807933809e-07,-0.7200000286102295,3.086226030291073e-08,2,0.059999942779541016,volta,-6.697485561583625
303.55,-1.0,1.5813911602435843e-07,-0.6600000262260437,3.304317175434335e-08,2,0.06000000238418579,volta,-6.800960693177421
304.546,-1.0,1.2221634904108214e-07,-0.6000000238418579,3.481918753323043e-08,2,0.06000000238418579,volta,-6.912870694065665
305.61,-1.0,9.146264545734083e-08,-0.5400000214576721,3.691235761493772e-08,2,0.06000000238418579,volta,-7.038756241279089
306.563,-1.0,7.105219168579424e-08,-0.47999998927116394,3.8721776007832887e-08,2,0.06000003218650818,volta,-7.148422521221859
307.547,-1.0,5.2395748184608244e-08,-0.4199999868869781,4.020639821078476e-08,2,0.060000002384185847,volta,-7.280703953758302
308.547,-1.0,3.783680213587104e-08,-0.3600000143051147,4.1446696741331834e-08,2,0.0599999725818634,volta,-7.422085576113608
309.548,-1.0,2.6841748379524688e-08,-0.300000011920929,4.244913043294218e-08,2,0.06000000238418568,volta,-7.5711891991271205
310.548,-1.0,1.916824565739716e-08,-0.239999994635582,4.320089885823108e-08,2,0.06000001728534701,volta,-7.7174176334013636
311.55,-1.0,1.431562957066035e-08,-0.1800000071525574,4.391318597640748e-08,2,0.0599999874830246,volta,-7.8441895478832855
312.548,-1.0,1.163078522381511e-08,-0.119999997317791,4.418798837946269e-08,2,0.0600000098347664,volta,-7.934390963959583
313.613,-1.0,9.50276834998931e-09,-0.059999998658895486,4.019443977654191e-08,2,0.05999999865889551,volta,-8.02214985744977
315.776,-1.0,1.005300287459931e-08,0.0,4.27449826645443e-08,2,0.059999998658895486,volta,-7.997704193260998
316.548,-1.0,1.065748911344144e-08,0.059999998658895486,4.379777962526532e-08,2,0.059999998658895486,volta,-7.9723451023097045
317.549,-1.0,1.141093974865726e-08,0.119999997317791,4.4708585278385726e-08,2,0.05999999865889551,volta,-7.942678587759693
318.547,-1.0,1.2215387812375408e-08,0.1800000071525574,4.5292164685406526e-08,2,0.0600000098347664,volta,-7.913092740552922
319.548,-1.0,1.3183439229180752e-08,0.239999994635582,4.556221000484584e-08,2,0.0599999874830246,volta,-7.879971278405754
320.546,-1.0,1.4135504322609901e-08,0.300000011920929,4.551850452116923e-08,2,0.06000001728534701,volta,-7.849688692259755
321.546,-1.0,1.544585259694031e-08,0.3600000143051147,4.535473507871757e-08,2,0.06000000238418568,volta,-7.811188114042571
322.547,-1.0,1.704709617911249e-08,0.4199999868869781,4.548786947111694e-08,2,0.0599999725818634,volta,-7.768349588565413
323.546,-1.0,1.9037258880416633e-08,0.47999998927116394,4.608940074035672e-08,2,0.060000002384185847,volta,-7.7203955842503955
324.547,-1.0,2.15057376351524e-08,0.5400000214576721,4.727978719643033e-08,2,0.06000003218650818,volta,-7.667445656788924
377.612,-1.0,1.1360478310962208e-05,-2.4600000381469727,-9.236483577979016e-08,3,0.05999994277954146,volta,-4.94460338311105
378.566,-1.0,1.1106776582892048e-05,-2.400000095367432,-8.283567609623788e-08,3,0.05999994277954057,volta,-4.9544119640460815
379.549,-1.0,1.0803270015458112e-05,-2.339999914169312,-7.301142090909707e-08,3,0.06000018119812012,volta,-4.96644476907632
380.548,-1.0,1.049089405569248e-05,-2.2799999713897714,-6.408418329328924e-08,3,0.05999994277954057,volta,-4.9791874987551425
381.548,-1.0,1.007831087918021e-05,-2.2200000286102286,-5.602703012641541e-08,3,0.05999994277954279,volta,-4.996612249370789
382.551,-1.0,9.633874469727743e-06,-2.160000085830688,-4.866597791419736e-08,3,0.05999994277954057,volta,-5.016199016881844
383.565,-1.0,9.189763659378512e-06,-2.099999904632568,-4.15146246268705e-08,3,0.06000018119812012,volta,-5.036695657574455
384.548,-1.0,8.683126907271799e-06,-2.039999961853027,-3.498300316095992e-08,3,0.059999942779541016,volta,-5.061323851548426
385.549,-1.0,8.145724677888211e-06,-1.980000019073486,-2.8914428185089488e-08,3,0.059999942779540794,volta,-5.089070272975112
386.547,-1.0,7.567059583379886e-06,-1.919999957084656,-2.338553706238145e-08,3,0.06000006198883012,volta,-5.121072846363975
387.549,-1.0,6.957352979952702e-06,-1.8600000143051152,-1.826691686801496e-08,3,0.059999942779540794,volta,-5.157555962237167
388.549,-1.0,6.327550181595143e-06,-1.799999952316284,-1.358542434104493e-08,3,0.06000006198883123,volta,-5.19876440191788
389.548,-1.0,5.678883553628111e-06,-1.7400000095367427,-9.39986755099653e-09,3,0.05999994277954124,volta,-5.245737036499714
390.548,-1.0,5.033281922806054e-06,-1.679999947547913,-5.626356713861468e-09,3,0.06000006198882968,volta,-5.298148743338215
391.546,-1.0,4.387931767269038e-06,-1.620000004768372,-2.4217843286322696e-09,3,0.059999942779541016,volta,-5.3577401343628095
392.549,-1.0,3.782183966904995e-06,-1.559999942779541,-8.466363166093058e-10,3,0.06000006198883101,volta,-5.422257350724036
394.227,-1.0,3.251825546612963e-06,-1.5,3.911650114929444e-09,3,0.059999942779541016,volta,-5.487872761409948
394.548,-1.0,2.683800403247005e-06,-1.440000057220459,5.386459722700464e-09,3,0.059999942779541016,volta,-5.571249786189979
395.548,-1.0,2.210516868217383e-06,-1.379999995231628,7.226252485281746e-09,3,0.06000006198883101,volta,-5.655506166690802
396.547,-1.0,1.803362351893156e-06,-1.320000052452087,8.91982310236017e-09,3,0.059999942779541016,volta,-5.743917001166324
397.55,-1.0,1.461497504351428e-06,-1.2599999904632573,1.068667199177753e-08,3,0.06000006198882968,volta,-5.835201921905812
398.548,-1.0,1.178456500383618e-06,-1.200000047683716,1.2470984245283028e-08,3,0.05999994277954124,volta,-5.928686443680195
399.548,-1.0,9.436100754101063e-07,-1.139999985694885,1.418714568046653e-08,3,0.06000006198883101,volta,-6.025207430576129
400.565,-1.0,7.628428875250393e-07,-1.080000042915344,1.650274938924667e-08,3,0.059999942779541016,volta,-6.117564898620421
401.548,-1.0,6.150041826913367e-07,-1.019999980926514,1.880987987590288e-08,3,0.06000006198883012,volta,-6.211121930543949
402.548,-1.0,4.965781954524573e-07,-0.959999978542328,2.1287466012154248e-08,3,0.0600000023841859,volta,-6.304012354057689
403.549,-1.0,4.008973917279945e-07,-0.8999999761581422,2.380223307341112e-08,3,0.06000000238418579,volta,-6.396966769296558
404.55,-1.0,3.2312058806382993e-07,-0.8399999737739563,2.635355045299548e-08,3,0.0600000023841859,volta,-6.490635369442414
405.547,-1.0,2.591381189631647e-07,-0.7799999713897705,2.874764248872452e-08,3,0.06000000238418579,volta,-6.586468698022677
406.548,-1.0,2.060924799707209e-07,-0.7200000286102295,3.107721724404655e-08,3,0.059999942779541016,volta,-6.685937854736086
407.548,-1.0,1.6231966526447652e-07,-0.6600000262260437,3.322409369843626e-08,3,0.06000000238418579,volta,-6.789628861575626
408.55,-1.0,1.2644373725834162e-07,-0.6000000238418579,3.494333000730876e-08,3,0.06000000238418579,volta,-6.8981026763353945
409.614,-1.0,9.430311109781539e-08,-0.5400000214576721,3.702908912828207e-08,3,0.06000000238418579,volta,-7.0254739794755405
410.563,-1.0,7.32195388764012e-08,-0.47999998927116394,3.888861144218936e-08,3,0.06000003218650818,volta,-7.1353730105550754
411.549,-1.0,4.466933134494866e-08,-0.4199999868869781,3.590382391394087e-08,3,0.060000002384185847,volta,-7.349990548431957
413.806,-1.0,3.360984379696674e-08,-0.3600000143051147,3.8786890144137935e-08,3,0.0599999725818634,volta,-7.4735335059260315
414.549,-1.0,2.396049580966064e-08,-0.300000011920929,3.999860354042539e-08,3,0.06000000238418568,volta,-7.620504199422467
415.55,-1.0,1.735093668742138e-08,-0.239999994635582,4.103957351730969e-08,3,0.06000001728534701,volta,-7.760677074925113
416.55,-1.0,1.3295864853546392e-08,-0.1800000071525574,4.2014896450837114e-08,3,0.0599999874830246,volta,-7.876283407944542
417.548,-1.0,1.11839888461418e-08,-0.119999997317791,4.2917360332239696e-08,3,0.0600000098347664,volta,-7.951403274722632
418.548,-1.0,1.020542406138247e-08,-0.059999998658895486,4.2711675973805534e-08,3,0.05999999865889551,volta,-7.991168944530269
419.789,-1.0,1.055148857176391e-08,0.0,4.491959870733808e-08,3,0.059999998658895486,volta,-7.9766862671056975
420.549,-1.0,1.100941915410658e-08,0.059999998658895486,4.561537636504909e-08,3,0.059999998658895486,volta,-7.958235593364368
421.548,-1.0,1.1690270973474532e-08,0.119999997317791,4.624248717277624e-08,3,0.05999999865889551,volta,-7.932175422035694
422.549,-1.0,1.246154290868162e-08,0.1800000071525574,4.667551678494419e-08,3,0.0600000098347664,volta,-7.904428182777774
423.547,-1.0,1.3338327775613832e-08,0.239999994635582,4.676035558759394e-08,3,0.0599999874830246,volta,-7.874898614448382
424.548,-1.0,1.438373331552611e-08,0.300000011920929,4.611728243730794e-08,3,0.06000001728534701,volta,-7.842128377659588
425.615,-1.0,1.566819030074385e-08,0.3600000143051147,4.629117356103052e-08,3,0.06000000238418568,volta,-7.8049811622926
426.549,-1.0,1.754964529254721e-08,0.4199999868869781,4.6672333553487995e-08,3,0.0599999725818634,volta,-7.755731656921587
427.548,-1.0,1.983250363934985e-08,0.47999998927116394,4.750157600597049e-08,3,0.060000002384185847,volta,-7.70262245734687
428.548,-1.0,2.2436713820184202e-08,0.5400000214576721,4.8750425918342444e-08,3,0.06000003218650818,volta,-7.649040751438613
482.547,-1.0,1.1514067409734712e-05,-2.4600000381469727,-9.285404445336097e-08,4,0.05999994277954146,volta,-4.938771232272746
483.564,-1.0,1.1273991731286508e-05,-2.400000095367432,-8.324489897404419e-08,4,0.05999994277954057,volta,-4.947922288041461
484.548,-1.0,1.098642314900644e-05,-2.339999914169312,-7.33389597940004e-08,4,0.06000018119812012,volta,-4.95914367786705
485.55,-1.0,1.065574815584114e-05,-2.2799999713897714,-6.439428545945702e-08,4,0.05999994277954057,volta,-4.97241605242124
486.55,-1.0,1.028517453960376e-05,-2.2200000286102286,-5.613870612819483e-08,4,0.05999994277954279,volta,-4.987788333921264
487.548,-1.0,9.793375284061767e-06,-2.160000085830688,-4.920828544641154e-08,4,0.05999994277954057,volta,-5.0090676029253105
488.63,-1.0,9.378796676173806e-06,-2.099999904632568,-4.155273458650299e-08,4,0.06000018119812012,volta,-5.027852879149879
489.548,-1.0,8.860357411322184e-06,-2.039999961853027,-3.508397483642511e-08,4,0.059999942779541016,volta,-5.052548759079737
490.551,-1.0,8.45804788696114e-06,-1.980000019073486,-2.963173351133719e-08,4,0.059999942779540794,volta,-5.0727298603354765
492.55,-1.0,7.851304872019682e-06,-1.919999957084656,-2.36890915772392e-08,4,0.06000006198883012,volta,-5.10505815833462
493.548,-1.0,7.214545803435612e-06,-1.8600000143051152,-1.843798180800604e-08,4,0.059999942779540794,volta,-5.141791005009939
494.549,-1.0,6.559034318343038e-06,-1.799999952316284,-1.363062906989398e-08,4,0.06000006198883123,volta,-5.183160096765595
495.546,-1.0,5.887698989681667e-06,-1.7400000095367427,-9.396505795677967e-09,4,0.05999994277954124,volta,-5.2300544015343355
496.546,-1.0,5.213714757701382e-06,-1.679999947547913,-5.6252362767850164e-09,4,0.06000006198882968,volta,-5.2828527327658765
497.546,-1.0,4.548935976345092e-06,-1.620000004768372,-2.312743774268711e-09,4,0.059999942779541016,volta,-5.342090175571827
498.546,-1.0,3.9101337279134896e-06,-1.559999942779541,5.320310858536458e-10,4,0.06000006198883101,volta,-5.407808389330025
499.547,-1.0,3.310788770249928e-06,-1.5,3.0149220897612845e-09,4,0.059999942779541016,volta,-5.480068526539144
500.548,-1.0,2.76523223874392e-06,-1.440000057220459,5.1955222346578e-09,4,0.059999942779541016,volta,-5.558268388493289
501.548,-1.0,2.281953129568137e-06,-1.379999995231628,7.157683334924058e-09,4,0.06000006198883101,volta,-5.641693280066344
502.548,-1.0,1.8635355445439927e-06,-1.320000052452087,8.949720964324115e-09,4,0.059999942779541016,volta,-5.729662319222404
503.548,-1.0,1.5102087900231713e-06,-1.2599999904632573,1.024841100871754e-08,4,0.06000006198882968,volta,-5.820963006291905
504.614,-1.0,1.2169253977845067e-06,-1.200000047683716,1.251184933437344e-08,4,0.05999994277954124,volta,-5.914736044878898
505.548,-1.0,9.742911970533896e-07,-1.139999985694885,1.423420936674802e-08,4,0.06000006198883101,volta,-6.011311221383683
506.565,-1.0,7.873543381720084e-07,-1.080000042915344,1.657114090392042e-08,4,0.059999942779541016,volta,-6.103829775289946
507.548,-1.0,6.341645644170059e-07,-1.019999980926514,1.891759637828727e-08,4,0.06000006198883012,volta,-6.1977980289568535
508.547,-1.0,5.116792749504384e-07,-0.959999978542328,2.1406638239795935e-08,4,0.0600000023841859,volta,-6.291002173328729
509.547,-1.0,4.126713406549243e-07,-0.8999999761581422,2.404408405709546e-08,4,0.06000000238418579,volta,-6.384395691111945
510.548,-1.0,3.2079671541396243e-07,-0.8399999737739563,2.479268346178287e-08,4,0.0600000023841859,volta,-6.4937700870365465
512.192,-1.0,2.689381801701529e-07,-0.7799999713897705,2.969452239653947e-08,4,0.06000000238418579,volta,-6.570347538200065
512.547,-1.0,2.1355879198381442e-07,-0.7200000286102295,3.162817918678229e-08,4,0.059999942779541016,volta,-6.670482544436377
513.553,-1.0,1.6862678364759634e-07,-0.6600000262260437,3.370312384731733e-08,4,0.06000000238418579,volta,-6.773073443551548
514.548,-1.0,1.315747510943766e-07,-0.6000000238418579,3.570094264659929e-08,4,0.06000000238418579,volta,-6.880827442883484
515.546,-1.0,1.0128593430636101e-07,-0.5400000214576721,3.7560248244972165e-08,4,0.06000000238418579,volta,-6.994450861424219
516.548,-1.0,7.42724068913958e-08,-0.47999998927116394,3.916741775356058e-08,4,0.06000003218650818,volta,-7.129172501993728
517.564,-1.0,5.674457526083643e-08,-0.4199999868869781,4.071874570854561e-08,4,0.060000002384185847,volta,-7.246075650379662
518.548,-1.0,4.089077876301417e-08,-0.3600000143051147,4.210281545624639e-08,4,0.0599999725818634,volta,-7.388374618248327
519.548,-1.0,2.9427409842242007e-08,-0.300000011920929,4.2593516269562315e-08,4,0.06000000238418568,volta,-7.531247962186008
520.617,-1.0,2.10662136623796e-08,-0.239999994635582,4.375674933498885e-08,4,0.06000001728534701,volta,-7.6764135153317765
521.55,-1.0,1.56483643820593e-08,-0.1800000071525574,4.444413193027685e-08,4,0.0599999874830246,volta,-7.805531049617109
522.549,-1.0,1.254260517669081e-08,-0.119999997317791,4.5121229419464726e-08,4,0.0600000098347664,volta,-7.901612248485188
523.549,-1.0,1.115059866663159e-08,-0.059999998658895486,4.5855475860889776e-08,4,0.05999999865889551,volta,-7.9527018150700854
524.547,-1.0,1.08478310778537e-08,0.0,4.646719631296037e-08,4,0.059999998658895486,volta,-7.9646570862468495
525.548,-1.0,1.105313351956738e-08,0.059999998658895486,4.688631349836214e-08,4,0.059999998658895486,volta,-7.956514583758223
526.567,-1.0,1.169160590563934e-08,0.119999997317791,4.766460648397697e-08,4,0.05999999865889551,volta,-7.93212583203259
527.548,-1.0,1.243060854250189e-08,0.1800000071525574,4.803107955808628e-08,4,0.0600000098347664,volta,-7.905507609879565
528.548,-1.0,1.335569610461107e-08,0.239999994635582,4.801406916499218e-08,4,0.0599999874830246,volta,-7.874333471437973
529.55,-1.0,1.30593180713845e-08,0.300000011920929,3.8876866170767244e-08,4,0.06000001728534701,volta,-7.884079500363164
531.772,-1.0,1.610730926415727e-08,0.3600000143051147,4.2342794159822006e-08,4,0.06000000238418568,volta,-7.792977002680014
532.547,-1.0,1.68778662157365e-08,0.4199999868869781,4.360845196060836e-08,4,0.0599999725818634,volta,-7.772682459920505
533.548,-1.0,1.939203819745217e-08,0.47999998927116394,4.4810782640070095e-08,4,0.060000002384185847,volta,-7.712376542061747
534.547,-1.0,2.1993816545773367e-08,0.5400000214576721,4.65073100031077e-08,4,0.06000003218650818,volta,-7.657699401792046
587.547,-1.0,1.170512405224144e-05,-2.4600000381469727,-9.411608203890864e-08,5,0.05999994277954146,volta,-4.931623979240451
588.565,-1.0,1.1679231647576668e-05,-2.400000095367432,-8.286383490485604e-08,5,0.05999994277954057,volta,-4.932585727616924
590.681,-1.0,1.135198999691056e-05,-2.339999914169312,-7.306950067231811e-08,5,0.06000018119812012,volta,-4.944928000239841
591.547,-1.0,1.100342251447728e-05,-2.2799999713897714,-6.428967935789842e-08,5,0.05999994277954057,volta,-4.958472210481285
592.549,-1.0,1.060613340087002e-05,-2.2200000286102286,-5.618047893563016e-08,5,0.05999994277954279,volta,-4.974442914753061
593.547,-1.0,1.016077931126347e-05,-2.160000085830688,-4.863683145117648e-08,5,0.05999994277954057,volta,-4.9930729812645165
594.547,-1.0,9.650808351580052e-06,-2.099999904632568,-4.181918100698567e-08,5,0.06000018119812012,volta,-5.015436308632607
595.565,-1.0,9.150268851954024e-06,-2.039999961853027,-3.505241963353001e-08,5,0.059999942779541016,volta,-5.038566145364728
596.548,-1.0,8.581846486777067e-06,-1.980000019073486,-2.8981494537561048e-08,5,0.059999942779540794,volta,-5.066419258451904
597.548,-1.0,7.9827423178358e-06,-1.919999957084656,-2.334014226335057e-08,5,0.06000006198883012,volta,-5.097847889487335
598.548,-1.0,7.3482378866174275e-06,-1.8600000143051152,-1.8153631486939048e-08,5,0.059999942779540794,volta,-5.133816792598543
599.548,-1.0,6.687656423309818e-06,-1.799999952316284,-1.3990414160502948e-08,5,0.06000006198883123,volta,-5.17472604676723
600.612,-1.0,5.979758498142473e-06,-1.7400000095367427,-9.536254452768844e-09,5,0.05999994277954124,volta,-5.22331635531627
601.565,-1.0,5.322715878719464e-06,-1.679999947547913,-5.458009155745457e-09,5,0.06000006198882968,volta,-5.273866715416114
602.547,-1.0,4.649396942113526e-06,-1.620000004768372,-2.1293402596711526e-09,5,0.059999942779541016,volta,-5.332603374356719
603.546,-1.0,3.997648946096888e-06,-1.559999942779541,7.260322898439142e-10,5,0.06000006198883101,volta,-5.398195346152608
604.547,-1.0,3.384779574844288e-06,-1.5,3.192496267345746e-09,5,0.059999942779541016,volta,-5.470469608380845
605.548,-1.0,2.8290044156165095e-06,-1.440000057220459,5.399096281166749e-09,5,0.059999942779541016,volta,-5.548366374679316
606.547,-1.0,2.334661530767335e-06,-1.379999995231628,7.350158703900431e-09,5,0.06000006198883101,volta,-5.631776072688833
607.547,-1.0,1.9061445755141895e-06,-1.320000052452087,9.120178390276124e-09,5,0.059999942779541016,volta,-5.7198441624769085
608.549,-1.0,1.513347569925827e-06,-1.2599999904632573,9.501934350453212e-09,5,0.06000006198882968,volta,-5.820061316282507
610.303,-1.0,1.272213467018446e-06,-1.200000047683716,1.4017904170771088e-08,5,0.05999994277954124,volta,-5.895440011509963
610.548,-1.0,1.007523565021984e-06,-1.139999985694885,1.511921965402507e-08,5,0.06000006198883101,volta,-5.99674478733144
611.55,-1.0,8.052821272030996e-07,-1.080000042915344,1.6913080713720774e-08,5,0.059999942779541016,volta,-6.094051939729387
612.565,-1.0,6.506457452815084e-07,-1.019999980926514,1.938355076447351e-08,5,0.06000006198883012,volta,-6.186655405817585
613.547,-1.0,5.246290015747945e-07,-0.959999978542328,2.188276049253091e-08,5,0.0600000023841859,volta,-6.280147705213907
614.547,-1.0,4.231599461945735e-07,-0.8999999761581422,2.444675040180755e-08,5,0.06000000238418579,volta,-6.3734954467618845
615.547,-1.0,3.408009945360391e-07,-0.8399999737739563,2.667365173181224e-08,5,0.0600000023841859,volta,-6.4674991465318525
616.613,-1.0,2.730836854425434e-07,-0.7799999713897705,2.9438769644229975e-08,5,0.06000000238418579,volta,-6.563704244693366
617.548,-1.0,2.1752488521542554e-07,-0.7200000286102295,3.179774310524408e-08,5,0.059999942779541016,volta,-6.662491051842595
618.546,-1.0,1.7154729903268162e-07,-0.6600000262260437,3.397002146243722e-08,5,0.06000000238418579,volta,-6.765616115406913
619.547,-1.0,1.3384688202222613e-07,-0.6000000238418579,3.603785003747362e-08,5,0.06000000238418579,volta,-6.873391741296727
620.546,-1.0,1.0306715836350121e-07,-0.5400000214576721,3.798027137236204e-08,5,0.06000000238418579,volta,-6.986879697603589
621.546,-1.0,7.566913495793415e-08,-0.47999998927116394,3.959967997957392e-08,5,0.06000003218650818,volta,-7.121081230815612
622.564,-1.0,5.786870715951409e-08,-0.4199999868869781,4.126076902366549e-08,5,0.060000002384185847,volta,-7.237556220068817
623.547,-1.0,4.2090416485507376e-08,-0.3600000143051147,4.251171503710793e-08,5,0.0599999725818634,volta,-7.37581677687819
624.547,-1.0,3.009557758559822e-08,-0.300000011920929,4.3505728797299525e-08,5,0.06000000238418568,volta,-7.521497317405446
625.547,-1.0,2.1562742702485593e-08,-0.239999994635582,4.4311846636446723e-08,5,0.06000001728534701,volta,-7.666295999292469
626.547,-1.0,1.599230792237449e-08,-0.1800000071525574,4.5014335370296976e-08,5,0.0599999874830246,volta,-7.796088856727567
627.548,-1.0,1.0280000850571012e-08,-0.119999997317791,3.807706860925464e-08,5,0.0600000098347664,volta,-7.988006849407058
629.762,-1.0,1.029346030634315e-08,-0.059999998658895486,4.210772530655049e-08,5,0.05999999865889551,volta,-7.9874386058664495
630.548,-1.0,1.049077535952847e-08,0.0,4.35730349579444e-08,5,0.059999998658895486,volta,-7.979192412481313
631.549,-1.0,1.105253666366934e-08,0.059999998658895486,4.4379163455232635e-08,5,0.059999998658895486,volta,-7.956538035770392
632.614,-1.0,1.177481401271052e-08,0.119999997317791,4.571122147467577e-08,5,0.05999999865889551,volta,-7.929045943977533
633.547,-1.0,1.259108817208698e-08,0.1800000071525574,4.628913430337889e-08,5,0.0600000098347664,volta,-7.899936734807887
634.548,-1.0,1.351933498483504e-08,0.239999994635582,4.651800367128089e-08,5,0.0599999874830246,volta,-7.869044670784896
635.546,-1.0,1.460642806705437e-08,0.300000011920929,4.637835004928093e-08,5,0.06000001728534701,volta,-7.835455975744726
636.546,-1.0,1.595882181959496e-08,0.3600000143051147,4.616915205701844e-08,5,0.06000000238418568,volta,-7.796999174146677
637.546,-1.0,1.762459334031519e-08,0.4199999868869781,4.630092576007883e-08,5,0.0599999725818634,volta,-7.753880894880939
638.546,-1.0,1.9710112653115168e-08,0.47999998927116394,4.6971333489409524e-08,5,0.060000002384185847,volta,-7.705310893504095
639.547,-1.0,2.231097262495041e-08,0.5400000214576721,4.82758650832693e-08,5,0.06000003218650818,volta,-7.651481496661854
693.548,-1.0,1.209603487950517e-05,-2.4600000381469727,-9.416711321819091e-08,6,0.05999994277954146,volta,-4.917356969531792
694.565,-1.0,1.183454969577724e-05,-2.400000095367432,-8.456503053366758e-08,6,0.05999994277954057,volta,-4.926848262311129
695.548,-1.0,1.153098310169298e-05,-2.339999914169312,-7.491265563430716e-08,6,0.06000018119812012,volta,-4.9381336643064
696.613,-1.0,1.1182320122316012e-05,-2.2799999713897714,-6.547179509652779e-08,6,0.05999994277954057,volta,-4.9514680791167525
697.548,-1.0,1.078634250006871e-05,-2.2200000286102286,-5.71599372278797e-08,6,0.05999994277954279,volta,-4.967125793622463
698.547,-1.0,1.033732860378223e-05,-2.160000085830688,-4.946258158611272e-08,6,0.05999994277954057,volta,-4.985591678121253
699.547,-1.0,9.824025255511515e-06,-2.099999904632568,-4.2536807853821295e-08,6,0.06000018119812012,volta,-5.0077105297213125
700.565,-1.0,9.315581337432375e-06,-2.039999961853027,-3.563578232501641e-08,6,0.059999942779541016,volta,-5.0307900378411565
701.548,-1.0,8.742550562601537e-06,-1.980000019073486,-2.9455007322098936e-08,6,0.059999942779540794,volta,-5.05836184726632
702.548,-1.0,8.137420991261024e-06,-1.919999957084656,-2.369818652425693e-08,6,0.06000006198883012,volta,-5.089513215102822
703.548,-1.0,7.492711574741406e-06,-1.8600000143051152,-1.842380825678447e-08,6,0.059999942779540794,volta,-5.125360984859411
704.548,-1.0,6.8232534431444955e-06,-1.799999952316284,-1.361275892008962e-08,6,0.06000006198883123,volta,-5.166008496972343
705.547,-1.0,6.1334226302278685e-06,-1.7400000095367427,-9.312248749893117e-09,6,0.05999994277954124,volta,-5.2122971087428045
706.546,-1.0,5.47398440176039e-06,-1.679999947547913,-6.182372835894512e-09,6,0.06000006198882968,volta,-5.261696444455863
708.13,-1.0,4.810871814697748e-06,-1.620000004768372,-1.269352400967705e-09,6,0.059999942779541016,volta,-5.317776214685689
708.546,-1.0,4.096846623724559e-06,-1.559999942779541,9.524464550381138e-10,6,0.06000006198883101,volta,-5.387550294703663
709.548,-1.0,3.467403530521551e-06,-1.5,3.3739686600142696e-09,6,0.059999942779541016,volta,-5.459995612949695
710.547,-1.0,2.894558747357223e-06,-1.440000057220459,5.5143356547660005e-09,6,0.059999942779541016,volta,-5.538417631658015
711.548,-1.0,2.387590257058037e-06,-1.379999995231628,6.9390537760227736e-09,6,0.06000006198883101,volta,-5.622040201984487
712.614,-1.0,1.9493686522764615e-06,-1.320000052452087,9.242999254865936e-09,6,0.059999942779541016,volta,-5.710106022088351
713.548,-1.0,1.5777670796524033e-06,-1.2599999904632573,1.102612046111062e-08,6,0.06000006198882968,volta,-5.801957109800854
714.548,-1.0,1.269712470275408e-06,-1.200000047683716,1.286128803457132e-08,6,0.05999994277954124,volta,-5.896294615036616
715.548,-1.0,1.0198342579315067e-06,-1.139999985694885,1.482811029518416e-08,6,0.06000006198883101,volta,-5.9914704034484405
716.548,-1.0,8.159866524692918e-07,-1.080000042915344,1.679371663954043e-08,6,0.059999942779541016,volta,-6.088316945175482
717.565,-1.0,6.597866786250961e-07,-1.019999980926514,1.9384527760735175e-08,6,0.06000006198883012,volta,-6.180596457293277
718.547,-1.0,5.320342779668864e-07,-0.959999978542328,2.1945357531194528e-08,6,0.0600000023841859,volta,-6.274060386027701
719.548,-1.0,4.2880213868556893e-07,-0.8999999761581422,2.4522734065612888e-08,6,0.06000000238418579,volta,-6.367743057230807
720.547,-1.0,3.449297025781561e-07,-0.8399999737739563,2.709692736857505e-08,6,0.0600000023841859,volta,-6.462269406066452
721.548,-1.0,2.7629459964373387e-07,-0.7799999713897705,2.957125921909665e-08,6,0.06000000238418579,volta,-6.558627603566468
722.548,-1.0,2.1972454078422743e-07,-0.7200000286102295,3.194434583519978e-08,6,0.059999942779541016,volta,-6.658121434513429
723.546,-1.0,1.731672227833769e-07,-0.6600000262260437,3.4149802985439244e-08,6,0.06000000238418579,volta,-6.76153430811214
724.546,-1.0,1.3496470785412382e-07,-0.6000000238418579,3.62304568568561e-08,6,0.06000000238418579,volta,-6.86977978104573
725.546,-1.0,8.846537014051137e-08,-0.5400000214576721,3.402094961302282e-08,6,0.06000000238418579,volta,-7.05322670105501
727.794,-1.0,7.058267925685868e-08,-0.47999998927116394,3.738676213060899e-08,6,0.06000003218650818,volta,-7.151301860223929
728.547,-1.0,5.221744814321028e-08,-0.4199999868869781,3.9131272444592475e-08,6,0.060000002384185847,volta,-7.282184355883471
729.549,-1.0,3.7850952594453695e-08,-0.3600000143051147,4.058753333424647e-08,6,0.0599999725818634,volta,-7.421923186142539
730.547,-1.0,2.7090024445897136e-08,-0.300000011920929,4.172476408825787e-08,6,0.06000000238418568,volta,-7.567190603061574
731.547,-1.0,1.9580996379886528e-08,-0.239999994635582,4.2690192714189834e-08,6,0.06000001728534701,volta,-7.708165212876248
732.547,-1.0,1.480435152245718e-08,-0.1800000071525574,4.357843508273618e-08,6,0.0599999874830246,volta,-7.82961061133355
733.547,-1.0,1.21722818491321e-08,-0.119999997317791,4.443624135319624e-08,6,0.0600000098347664,volta,-7.914628000110647
734.547,-1.0,1.1055708348806088e-08,-0.059999998658895486,4.528843078333011e-08,6,0.05999999865889551,volta,-7.95641342657035
735.548,-1.0,1.094770407661372e-08,0.0,4.612416049099011e-08,6,0.059999998658895486,volta,-7.960676950358614
736.547,-1.0,1.1349463591159292e-08,0.059999998658895486,4.686440391310498e-08,6,0.059999998658895486,volta,-7.945024664013118
737.548,-1.0,1.201239818726663e-08,0.119999997317791,4.7507633382792847e-08,6,0.05999999865889551,volta,-7.920370280230426
738.547,-1.0,1.2775564606215541e-08,0.1800000071525574,4.786877738638395e-08,6,0.0600000098347664,volta,-7.893619897459751
739.548,-1.0,1.368218693897916e-08,0.239999994635582,4.7888089937941913e-08,6,0.0599999874830246,volta,-7.863844480128947
740.546,-1.0,1.475987421173386e-08,0.300000011920929,4.758733496146306e-08,6,0.06000001728534701,volta,-7.830917343690664
741.546,-1.0,1.616678169114039e-08,0.3600000143051147,4.71525787304472e-08,6,0.06000000238418568,volta,-7.791376426159676
742.547,-1.0,1.781591230098911e-08,0.4199999868869781,4.6732701264318166e-08,6,0.0599999725818634,volta,-7.749191933787794
743.613,-1.0,1.985677577920342e-08,0.47999998927116394,4.776654449756279e-08,6,0.060000002384185847,volta,-7.702091268175841
744.547,-1.0,2.256414965984277e-08,0.5400000214576721,4.902361538938749e-08,6,0.06000003218650818,volta,-7.646581028418886
798.547,-1.0,1.237295873579569e-05,-2.4600000381469727,-9.52976932921956e-08,7,0.05999994277954146,volta,-4.907526435457283
799.565,-1.0,1.2111115211155272e-05,-2.400000095367432,-8.553833197311178e-08,7,0.05999994277954057,volta,-4.916815864474515
800.548,-1.0,1.180505751108285e-05,-2.339999914169312,-7.537590107631331e-08,7,0.06000018119812012,volta,-4.92793189281354
801.547,-1.0,1.144089674198767e-05,-2.2799999713897714,-6.625490556189105e-08,7,0.05999994277954057,volta,-4.941539934036534
802.547,-1.0,1.1035036550310908e-05,-2.2200000286102286,-5.787358503539508e-08,7,0.05999994277954279,volta,-4.957226224027288
803.548,-1.0,1.057543704519048e-05,-2.160000085830688,-5.008351777746611e-08,7,0.05999994277954057,volta,-4.9757016757361345
804.548,-1.0,1.014374447549926e-05,-2.099999904632568,-4.29554347647354e-08,7,0.06000018119812012,volta,-4.993801699355715
806.0349999999999,-1.0,9.508845323580317e-06,-2.039999961853027,-3.580963792160219e-08,7,0.059999942779541016,volta,-5.021872217031398
806.5639999999999,-1.0,8.931076081353238e-06,-1.980000019073486,-3.013335359014491e-08,7,0.059999942779540794,volta,-5.049096210983949
807.616,-1.0,8.313079888466746e-06,-1.919999957084656,-2.38215918102469e-08,7,0.06000006198883012,volta,-5.080238045920148
808.547,-1.0,7.662434654776009e-06,-1.8600000143051152,-1.8482458230550953e-08,7,0.059999942779540794,volta,-5.115633216120015
809.548,-1.0,6.9808479565836015e-06,-1.799999952316284,-1.368564372938863e-08,7,0.06000006198883123,volta,-5.156091820858503
810.547,-1.0,6.283225957304239e-06,-1.7400000095367427,-9.160316061240794e-09,7,0.05999994277954124,volta,-5.201817321909742
811.546,-1.0,5.576628154813079e-06,-1.679999947547913,-5.458045126971456e-09,7,0.06000006198882968,volta,-5.2536283129580905
812.547,-1.0,4.874511887464905e-06,-1.620000004768372,-2.0799995059661565e-09,7,0.059999942779541016,volta,-5.312068866159043
813.546,-1.0,4.195293058728566e-06,-1.559999942779541,8.323550182431917e-10,7,0.06000006198883101,volta,-5.377237696493616
814.546,-1.0,3.55405200025416e-06,-1.5,3.3188223280689036e-09,7,0.059999942779541016,volta,-5.449276222209326
815.548,-1.0,2.9694758723053374e-06,-1.440000057220459,5.520796708680108e-09,7,0.059999942779541016,volta,-5.527320199118134
816.548,-1.0,2.450158490319154e-06,-1.379999995231628,7.513070165998668e-09,7,0.06000006198883101,volta,-5.610805822066166
817.547,-1.0,2.0002805740659815e-06,-1.320000052452087,9.299945702423427e-09,7,0.059999942779541016,volta,-5.698909082724865
818.548,-1.0,1.619580984879576e-06,-1.2599999904632573,1.112374103939828e-08,7,0.06000006198882968,volta,-5.790597330823328
819.547,-1.0,1.303992235079932e-06,-1.200000047683716,1.292836682154075e-08,7,0.05999994277954124,volta,-5.884724994702242
820.547,-1.0,1.0472201665834293e-06,-1.139999985694885,1.49382231029449e-08,7,0.06000006198883101,volta,-5.9799620030581675
821.547,-1.0,8.377963354178065e-07,-1.080000042915344,1.693397777557948e-08,7,0.059999942779541016,volta,-6.076861543606341
822.5639999999999,-1.0,6.773878453714134e-07,-1.019999980926514,1.9129085870872593e-08,7,0.06000006198883012,volta,-6.169162600333082
823.614,-1.0,5.219080208007654e-07,-0.959999978542328,1.9898676484331194e-08,7,0.0600000023841859,volta,-6.2824060287572125
825.613,-1.0,4.2216706219733174e-07,-0.8999999761581422,2.302408219634344e-08,7,0.06000000238418579,volta,-6.374515653699993
826.548,-1.0,3.407497501939361e-07,-0.8399999737739563,2.592806858103813e-08,7,0.0600000023841859,volta,-6.467564453877544
827.549,-1.0,2.7372061595087876e-07,-0.7799999713897705,2.8699982834723408e-08,7,0.06000000238418579,volta,-6.562692491385917
828.546,-1.0,2.1809374572967497e-07,-0.7200000286102295,3.120083746921409e-08,7,0.059999942779541016,volta,-6.661356788497578
829.546,-1.0,1.7221117332155702e-07,-0.6600000262260437,3.354027455770847e-08,7,0.06000000238418579,volta,-6.763938674284953
830.546,-1.0,1.343858286873001e-07,-0.6000000238418579,3.575814844225533e-08,7,0.06000000238418579,volta,-6.871646526277731
831.546,-1.0,1.0355115165339161e-07,-0.5400000214576721,3.776505153041398e-08,7,0.06000000238418579,volta,-6.9848450666987585
832.547,-1.0,7.60681615474823e-08,-0.47999998927116394,3.9456605094301274e-08,7,0.06000003218650818,volta,-7.118797079859507
833.565,-1.0,5.8166744310028655e-08,-0.4199999868869781,4.114651730446894e-08,7,0.060000002384185847,volta,-7.235325243709945
834.547,-1.0,4.23620001299696e-08,-0.3600000143051147,4.235882755665443e-08,7,0.0599999725818634,volta,-7.373023542783109
835.548,-1.0,3.035855300481672e-08,-0.300000011920929,4.333292125124899e-08,7,0.06000000238418568,volta,-7.517718932282473
836.548,-1.0,2.185204017735032e-08,-0.239999994635582,4.4151224898314474e-08,7,0.06000001728534701,volta,-7.660508009659125
837.547,-1.0,1.632795409989285e-08,-0.1800000071525574,4.489934468665524e-08,7,0.0599999874830246,volta,-7.787068229151324
838.547,-1.0,1.327877097168084e-08,-0.119999997317791,4.5127606540518166e-08,7,0.0600000098347664,volta,-7.876842119615416
839.615,-1.0,1.17018341683206e-08,-0.059999998658895486,4.641257689286249e-08,7,0.05999999865889551,volta,-7.931746060753894
840.548,-1.0,1.138881433604411e-08,0.0,4.7131134550681963e-08,7,0.059999998658895486,volta,-7.94352148699346
841.548,-1.0,1.167805230295471e-08,0.059999998658895486,4.779831286327862e-08,7,0.059999998658895486,volta,-7.932629583988503
842.548,-1.0,1.226404933163394e-08,0.119999997317791,4.836404343677714e-08,7,0.05999999865889551,volta,-7.91136611121848
843.547,-1.0,1.28319506131902e-08,0.1800000071525574,4.542321008216277e-08,7,0.0600000098347664,volta,-7.891707320542163
845.172,-1.0,1.4138090698168068e-08,0.239999994635582,4.963138167113357e-08,7,0.0599999874830246,volta,-7.849609236595532
845.546,-1.0,1.510430536200147e-08,0.300000011920929,4.873036374419826e-08,7,0.06000001728534701,volta,-7.8208992428757425
846.549,-1.0,1.642866109818897e-08,0.3600000143051147,4.815908738464714e-08,7,0.06000000238418568,volta,-7.784397829222413
847.547,-1.0,1.811492467140852e-08,0.4199999868869781,4.803317921187045e-08,7,0.0599999725818634,volta,-7.741963467583606
848.546,-1.0,2.0245932930151873e-08,0.47999998927116394,4.853158230844201e-08,7,0.060000002384185847,volta,-7.693662206197034
849.546,-1.0,2.290774681057428e-08,0.5400000214576721,4.969911771013358e-08,7,0.06000003218650818,volta,-7.6400176256014065
903.852,-1.0,1.241345398739213e-05,-2.4600000381469727,-9.419515123454403e-08,8,0.05999994277954146,volta,-4.906107361212401
904.564,-1.0,1.2141632396378548e-05,-2.400000095367432,-8.487830172043687e-08,8,0.05999994277954057,volta,-4.915722920091062
905.55,-1.0,1.182965024781879e-05,-2.339999914169312,-7.500099030721685e-08,8,0.06000018119812012,volta,-4.9270280954133
906.547,-1.0,1.1453258593974168e-05,-2.2799999713897714,-6.584079415006272e-08,8,0.05999994277954057,volta,-4.9410709335823295
907.547,-1.0,1.1036729119950912e-05,-2.2200000286102286,-5.752188059204855e-08,8,0.05999994277954279,volta,-4.957159616428483
908.547,-1.0,1.05758072095341e-05,-2.160000085830688,-4.972573464101515e-08,8,0.05999994277954057,volta,-4.9756864747077785
909.548,-1.0,1.006931051961146e-05,-2.099999904632568,-4.248260410122384e-08,8,0.06000018119812012,volta,-4.997000266067996
910.548,-1.0,9.47762146097375e-06,-2.039999961853027,-3.584306185189234e-08,8,0.059999942779541016,volta,-5.02330064114129
911.565,-1.0,8.91262516233837e-06,-1.980000019073486,-2.9344462859626216e-08,8,0.059999942779540794,volta,-5.049994358185664
912.548,-1.0,8.289927791338414e-06,-1.919999957084656,-2.356580530715746e-08,8,0.06000006198883012,volta,-5.081449252315812
913.547,-1.0,7.633138920937199e-06,-1.8600000143051152,-1.8211567365256087e-08,8,0.059999942779540794,volta,-5.117296833511574
914.548,-1.0,6.941516403458081e-06,-1.799999952316284,-1.3334966020295272e-08,8,0.06000006198883123,volta,-5.158545645724435
915.546,-1.0,6.226117420737864e-06,-1.7400000095367427,-9.015726831762546e-09,8,0.05999994277954124,volta,-5.205782693049963
916.546,-1.0,5.504755790752824e-06,-1.679999947547913,-5.22209431252918e-09,8,0.06000006198882968,volta,-5.259261943010304
917.547,-1.0,4.794540473085362e-06,-1.620000004768372,-1.869237431506576e-09,8,0.059999942779541016,volta,-5.319253010926431
918.546,-1.0,4.107432232558494e-06,-1.559999942779541,4.441619017026e-10,8,0.06000006198883101,volta,-5.38642959314395
919.614,-1.0,3.461240339674987e-06,-1.5,3.514647461955178e-09,8,0.059999942779541016,volta,-5.460768243360981
920.547,-1.0,2.872410959753324e-06,-1.440000057220459,5.60804602756093e-09,8,0.059999942779541016,volta,-5.541753424880632
921.548,-1.0,2.321554347872734e-06,-1.379999995231628,6.0185434413995145e-09,8,0.06000006198883101,volta,-5.634221144991581
923.453,-1.0,1.8871259044317408e-06,-1.320000052452087,8.162975184689003e-09,8,0.059999942779541016,volta,-5.724199123801223
924.547,-1.0,1.515303779342503e-06,-1.2599999904632573,1.02193835616049e-08,8,0.06000006198882968,volta,-5.819500293586079
925.549,-1.0,1.207200284625287e-06,-1.200000047683716,1.219765000115558e-08,8,0.05999994277954124,volta,-5.918220670837522
926.547,-1.0,9.515218835076666e-07,-1.139999985694885,1.405268967857864e-08,8,0.06000006198883101,volta,-6.021581219171668
927.565,-1.0,7.551496992164175e-07,-1.080000042915344,1.655138781586629e-08,8,0.059999942779541016,volta,-6.121966946252748
928.547,-1.0,5.969480412204575e-07,-1.019999980926514,1.8989277705827593e-08,8,0.06000006198883012,volta,-6.224063468524346
929.547,-1.0,4.7165573846541525e-07,-0.959999978542328,2.162371970371169e-08,8,0.0600000023841859,volta,-6.326374877288646
930.547,-1.0,3.7181627021709573e-07,-0.8999999761581422,2.424712164383891e-08,8,0.06000000238418579,volta,-6.429671609962451
931.547,-1.0,2.916163168720232e-07,-0.8399999737739563,2.685929523238428e-08,8,0.0600000023841859,volta,-6.535188179499377
932.548,-1.0,2.2694695189784403e-07,-0.7799999713897705,2.9385937239112536e-08,8,0.06000000238418579,volta,-6.6440756458483685
933.546,-1.0,1.7447005973281193e-07,-0.7200000286102295,3.173893858843257e-08,8,0.059999942779541016,volta,-6.75827909024323
934.546,-1.0,1.323410288023297e-07,-0.6600000262260437,3.361666145451636e-08,8,0.06000000238418579,volta,-6.878305493529222
935.613,-1.0,9.594376138011283e-08,-0.6000000238418579,3.585760666169336e-08,8,0.06000000238418579,volta,-7.017983259451463
936.5630000000002,-1.0,7.26315150245682e-08,-0.5400000214576721,3.784201041412416e-08,8,0.06000000238418579,volta,-7.138874896772825
937.547,-1.0,5.166734595718481e-08,-0.47999998927116394,3.977301332724892e-08,8,0.06000003218650818,volta,-7.286783846674836
938.548,-1.0,3.605676823781323e-08,-0.4199999868869781,4.12863734311486e-08,8,0.060000002384185847,volta,-7.443013201612009
939.548,-1.0,2.461382209162366e-08,-0.3600000143051147,4.252088103839924e-08,8,0.0599999725818634,volta,-7.608820942801984
940.549,-1.0,1.664521676048025e-08,-0.300000011920929,4.3541323435647434e-08,8,0.06000000238418568,volta,-7.778710544918998
941.547,-1.0,1.045446396119587e-08,-0.239999994635582,4.198356862161745e-08,8,0.06000001728534701,volta,-7.980698230150264
943.061,-1.0,9.432912229101474e-09,-0.1800000071525574,4.570398459691205e-08,8,0.0599999874830246,volta,-8.025354206544447
943.547,-1.0,8.216106905933884e-09,-0.119999997317791,4.61440201604546e-08,8,0.0600000098347664,volta,-8.085333918442533
944.549,-1.0,8.367943671316878e-09,-0.059999998658895486,4.6854353286107646e-08,8,0.05999999865889551,volta,-8.077381251913534
945.548,-1.0,9.073233719902872e-09,0.0,4.751398563485054e-08,8,0.059999998658895486,volta,-8.042237901868583
946.547,-1.0,9.928131206038415e-09,0.059999998658895486,4.812279996713186e-08,8,0.059999998658895486,volta,-8.003132492016785
947.548,-1.0,1.076984457171193e-08,0.119999997317791,4.864305225282806e-08,8,0.05999999865889551,volta,-7.967790564309718
948.547,-1.0,1.1672604216528272e-08,0.1800000071525574,4.884970294938284e-08,8,0.0600000098347664,volta,-7.932832239867827
949.548,-1.0,1.2670004601034181e-08,0.239999994635582,4.874160453027798e-08,8,0.0599999874830246,volta,-7.897223227405163
950.546,-1.0,1.384198711207318e-08,0.300000011920929,4.7786905099656e-08,8,0.06000001728534701,volta,-7.858801559455768
951.613,-1.0,1.530264626126154e-08,0.3600000143051147,4.768270400745678e-08,8,0.06000000238418568,volta,-7.815233460862904
952.547,-1.0,1.715266684243488e-08,0.4199999868869781,4.754861748779149e-08,8,0.0599999725818634,volta,-7.765668347637965
953.546,-1.0,1.9476496859738287e-08,0.47999998927116394,4.807592546285377e-08,8,0.060000002384185847,volta,-7.710489154813646
954.547,-1.0,2.2394729626284967e-08,0.5400000214576721,4.9372495425359375e-08,8,0.06000003218650818,volta,-7.649854176466505
1008.548,-1.0,1.28420942928642e-05,-2.4600000381469727,-9.501016506874291e-08,9,0.05999994277954146,volta,-4.891364145607792
1009.565,-1.0,1.255047300219303e-05,-2.400000095367432,-8.521454475385326e-08,9,0.05999994277954057,volta,-4.901339906185227
1010.547,-1.0,1.2211357898195272e-05,-2.339999914169312,-7.50888489164936e-08,9,0.06000018119812012,volta,-4.9132360399942465
1011.548,-1.0,1.1830007679236592e-05,-2.2799999713897714,-6.586448364487296e-08,9,0.05999994277954057,volta,-4.92701497345753
1012.547,-1.0,1.140160566137638e-05,-2.2200000286102286,-5.7385111773555764e-08,9,0.05999994277954279,volta,-4.943033983683563
1013.547,-1.0,1.0926580216619188e-05,-2.160000085830688,-4.958372201713246e-08,9,0.05999994277954057,volta,-4.96151574156759
1014.547,-1.0,1.039460858009988e-05,-2.099999904632568,-4.290150457109121e-08,9,0.06000018119812012,volta,-4.983191859839322
1015.614,-1.0,9.801495252759198e-06,-2.039999961853027,-3.584020191738091e-08,9,0.059999942779541016,volta,-5.008707666094521
1016.565,-1.0,9.220266292686574e-06,-1.980000019073486,-2.93569684117756e-08,9,0.059999942779540794,volta,-5.035256535803823
1017.548,-1.0,8.57654322317103e-06,-1.919999957084656,-2.3553717198865336e-08,9,0.06000006198883012,volta,-5.066687719331095
1018.547,-1.0,7.893602742115036e-06,-1.8600000143051152,-1.82604669163311e-08,9,0.059999942779540794,volta,-5.102724733938553
1019.548,-1.0,7.274865765793949e-06,-1.799999952316284,-1.4186966268425752e-08,9,0.06000006198883123,volta,-5.13817501577337
1021.427,-1.0,6.547938482981408e-06,-1.7400000095367427,-9.638703168945993e-09,9,0.05999994277954124,volta,-5.183895409380319
1022.548,-1.0,5.798523488920182e-06,-1.679999947547913,-5.59966562008185e-09,9,0.06000006198882968,volta,-5.236682579238594
1023.548,-1.0,5.058437636762392e-06,-1.620000004768372,-2.0694612690164145e-09,9,0.059999942779541016,volta,-5.29598359986133
1024.546,-1.0,4.339717634138651e-06,-1.559999942779541,8.592009881347451e-10,9,0.06000006198883101,volta,-5.362538527152204
1025.547,-1.0,3.6640833513956754e-06,-1.5,3.3753990713591967e-09,9,0.059999942779541016,volta,-5.436034655462849
1026.548,-1.0,3.049764472962124e-06,-1.440000057220459,5.586171081262136e-09,9,0.059999942779541016,volta,-5.515733699027816
1027.547,-1.0,2.501770268281689e-06,-1.379999995231628,7.502150900506876e-09,9,0.06000006198883101,volta,-5.601752573059193
1028.548,-1.0,2.0270024378987728e-06,-1.320000052452087,9.283637858459315e-09,9,0.059999942779541016,volta,-5.6931457289757885
1029.548,-1.0,1.6260241864074487e-06,-1.2599999904632573,1.102397462204863e-08,9,0.06000006198882968,volta,-5.788872998751071
1030.548,-1.0,1.294706976295856e-06,-1.200000047683716,1.239008895481675e-08,9,0.05999994277954124,volta,-5.887828511874272
1031.614,-1.0,1.0268652204104e-06,-1.139999985694885,1.477865030352632e-08,9,0.06000006198883101,volta,-5.988486555305609
1032.547,-1.0,8.094712597994659e-07,-1.080000042915344,1.671707572370451e-08,9,0.059999942779541016,volta,-6.0917985662213905
1033.565,-1.0,6.442406288442726e-07,-1.019999980926514,1.9292260233783047e-08,9,0.06000006198883012,volta,-6.1909518899999085
1034.548,-1.0,5.100544626657211e-07,-0.959999978542328,2.188593128948924e-08,9,0.0600000023841859,volta,-6.292383448270016
1035.547,-1.0,4.0313159388460923e-07,-0.8999999761581422,2.4484538840852114e-08,9,0.06000000238418579,volta,-6.394553164357327
1036.547,-1.0,3.1721771165393875e-07,-0.8399999737739563,2.705382051715333e-08,9,0.0600000023841859,volta,-6.498642572114756
1037.548,-1.0,2.4768007733655395e-07,-0.7799999713897705,2.953386335491359e-08,9,0.06000000238418579,volta,-6.606108925391447
1038.548,-1.0,1.914205540742842e-07,-0.7200000286102295,3.187923525160841e-08,9,0.059999942779541016,volta,-6.718011431022207
1039.547,-1.0,1.3907563811699222e-07,-0.6600000262260437,3.248126390076322e-08,9,0.06000000238418579,volta,-6.856748938720927
1041.037,-1.0,1.106801050809736e-07,-0.6000000238418579,3.672983694968934e-08,9,0.06000000238418579,volta,-6.955930437206679
1041.546,-1.0,7.896787224126455e-08,-0.5400000214576721,3.8250934863981456e-08,9,0.06000000238418579,volta,-7.102549563725913
1042.565,-1.0,5.875047648373766e-08,-0.47999998927116394,4.004340325991507e-08,9,0.06000003218650818,volta,-7.230988606785267
1043.547,-1.0,4.1313267473697124e-08,-0.4199999868869781,4.147368670714968e-08,9,0.060000002384185847,volta,-7.383910455236954
1044.548,-1.0,2.8356170744814335e-08,-0.3600000143051147,4.266041742084781e-08,9,0.0599999725818634,volta,-7.5473524172365165
1045.548,-1.0,1.921644177116377e-08,-0.300000011920929,4.3608750388557376e-08,9,0.06000000238418568,volta,-7.716327025731483
1046.547,-1.0,1.335761545817604e-08,-0.239999994635582,4.396989439214849e-08,9,0.06000001728534701,volta,-7.8742710632515855
1047.613,-1.0,1.01063015733871e-08,-0.1800000071525574,4.5109178614666234e-08,9,0.0599999874830246,volta,-7.995407746499156
1048.547,-1.0,8.719909239118806e-09,-0.119999997317791,4.582319235169052e-08,9,0.0600000098347664,volta,-8.059488035383374
1049.548,-1.0,8.525526951075333e-09,-0.059999998658895486,4.654221541500192e-08,9,0.05999999865889551,volta,-8.069278768362258
1050.548,-1.0,8.968889630978083e-09,0.0,4.724531166289125e-08,9,0.059999998658895486,volta,-8.047261320276785
1051.548,-1.0,9.707808779069181e-09,0.059999998658895486,4.78788244606676e-08,9,0.059999998658895486,volta,-8.012878786832582
1052.548,-1.0,1.054228526697898e-08,0.119999997317791,4.837539080426723e-08,9,0.05999999865889551,volta,-7.977065236252475
1053.547,-1.0,1.144584427237305e-08,0.1800000071525574,4.8577309286201846e-08,9,0.0600000098347664,volta,-7.941352167226262
1054.547,-1.0,1.242390901268209e-08,0.239999994635582,4.844373435730631e-08,9,0.0599999874830246,volta,-7.905741737852162
1055.546,-1.0,1.360356804980256e-08,0.300000011920929,4.795868591145336e-08,9,0.06000001728534701,volta,-7.866347166548598
1056.546,-1.0,1.506860236588636e-08,0.3600000143051147,4.742913262134607e-08,9,0.06000000238418568,volta,-7.821927027242883
1057.546,-1.0,1.690901463291539e-08,0.4199999868869781,4.7323013063760306e-08,9,0.0599999725818634,volta,-7.7718817000282945
1058.546,-1.0,1.934260218661166e-08,0.47999998927116394,4.35096865203377e-08,9,0.060000002384185847,volta,-7.71348510009454
1060.602,-1.0,2.2350620909605816e-08,0.5400000214576721,4.6235943074179886e-08,9,0.06000003218650818,volta,-7.650710407481936
1113.547,-1.0,1.300387339142617e-05,-2.4600000381469727,-9.538062073488618e-08,10,0.05999994277954146,volta,-4.8859272675420025
1114.564,-1.0,1.2695967598119752e-05,-2.400000095367432,-8.558917130585542e-08,10,0.05999994277954057,volta,-4.896334194631891
1115.548,-1.0,1.235340823768638e-05,-2.339999914169312,-7.536543478181555e-08,10,0.06000018119812012,volta,-4.908213206403116
1116.547,-1.0,1.195924232888501e-05,-2.2799999713897714,-6.618353154408396e-08,10,0.05999994277954057,volta,-4.922296333960282
1117.548,-1.0,1.1644709047686768e-05,-2.2200000286102286,-5.781718570574412e-08,10,0.05999994277954279,volta,-4.933871358186639
1119.326,-1.0,1.108431752072647e-05,-2.160000085830688,-4.872976688830022e-08,10,0.05999994277954057,volta,-4.955291041936696
1119.547,-1.0,1.049600814440055e-05,-2.099999904632568,-4.237670836459984e-08,10,0.06000018119812012,volta,-4.978975840976528
1120.549,-1.0,9.880841389531268e-06,-2.039999961853027,-3.6198066766246484e-08,10,0.059999942779541016,volta,-5.005206072085238
1121.584,-1.0,9.32618513616035e-06,-1.980000019073486,-2.9428495196270887e-08,10,0.059999942779540794,volta,-5.030295967520302
1122.548,-1.0,8.678020094521342e-06,-1.919999957084656,-2.360442863391654e-08,10,0.06000006198883012,volta,-5.061579348568453
1123.547,-1.0,7.98962537373882e-06,-1.8600000143051152,-1.8313503602485074e-08,10,0.059999942779540794,volta,-5.097473583881544
1124.549,-1.0,7.2815951170923646e-06,-1.799999952316284,-1.340239030866996e-08,10,0.06000006198883123,volta,-5.137773473067708
1125.546,-1.0,6.548578767251456e-06,-1.7400000095367427,-9.068238604470482e-09,10,0.05999994277954124,volta,-5.183852944361529
1126.546,-1.0,5.805834462080384e-06,-1.679999947547913,-5.85168624667176e-09,10,0.06000006198882968,volta,-5.236135351079256
1127.613,-1.0,5.069790859124623e-06,-1.620000004768372,-1.8705963444887167e-09,10,0.059999942779541016,volta,-5.295009955972688
1128.546,-1.0,4.356740646471735e-06,-1.559999942779541,9.951830470811272e-10,10,0.06000006198883101,volta,-5.3608382925220575
1129.547,-1.0,3.683701606860268e-06,-1.5,3.4959317662952563e-09,10,0.059999942779541016,volta,-5.4337155564726185
1130.547,-1.0,3.06900733448856e-06,-1.440000057220459,5.667495805994348e-09,10,0.059999942779541016,volta,-5.513002073665244
1131.547,-1.0,2.520444240872166e-06,-1.379999995231628,7.594418427459004e-09,10,0.06000006198883101,volta,-5.598522905902638
1132.547,-1.0,2.044651409960352e-06,-1.320000052452087,9.326076799709425e-09,10,0.059999942779541016,volta,-5.689380723664042
1133.549,-1.0,1.643340510781854e-06,-1.2599999904632573,1.111036596057602e-08,10,0.06000006198882968,volta,-5.784272438615163
1134.547,-1.0,1.310346078753355e-06,-1.200000047683716,1.289292583805945e-08,10,0.05999994277954124,volta,-5.882613986601432
1135.548,-1.0,1.04090804597945e-06,-1.139999985694885,1.485532497014219e-08,10,0.06000006198883101,volta,-5.9825876344544975
1136.548,-1.0,7.511287662964605e-07,-1.080000042915344,1.211456090999263e-08,10,0.059999942779541016,volta,-6.124285605341601
1138.809,-1.0,6.247444161999738e-07,-1.019999980926514,1.721489439887591e-08,10,0.06000006198883012,volta,-6.204297616793151
1139.548,-1.0,4.973834961674585e-07,-0.959999978542328,2.031037915628531e-08,10,0.0600000023841859,volta,-6.303308629283847
1140.549,-1.0,3.9478052826780196e-07,-0.8999999761581422,2.323912440260756e-08,10,0.06000000238418579,volta,-6.403644276150304
1141.549,-1.0,3.1182361226456123e-07,-0.8399999737739563,2.604675408690582e-08,10,0.0600000023841859,volta,-6.50609100175803
1142.548,-1.0,2.442054665152682e-07,-0.7799999713897705,2.837988155590665e-08,10,0.06000000238418579,volta,-6.612244618643207
1143.613,-1.0,1.890534093718088e-07,-0.7200000286102295,3.112969437779611e-08,10,0.059999942779541016,volta,-6.723415486204053
1144.547,-1.0,1.445546189415836e-07,-0.6600000262260437,3.340805676543823e-08,10,0.06000000238418579,volta,-6.839968026796552
1145.546,-1.0,1.0875213263261681e-07,-0.6000000238418579,3.55267530949277e-08,10,0.06000000238418579,volta,-6.963562217761868
1146.546,-1.0,7.782794142485726e-08,-0.5400000214576721,3.7352442916471766e-08,10,0.06000000238418579,volta,-7.108864456633956
1147.565,-1.0,5.794404955850041e-08,-0.47999998927116394,3.922039226722518e-08,10,0.06000003218650818,volta,-7.236991156362945
1148.548,-1.0,4.0786062527331524e-08,-0.4199999868869781,4.071216608281247e-08,10,0.060000002384185847,volta,-7.389488219301499
1149.547,-1.0,2.795032294500288e-08,-0.3600000143051147,4.186986757304112e-08,10,0.0599999725818634,volta,-7.5536131698018
1150.549,-1.0,1.8971395121525354e-08,-0.300000011920929,4.2784261466977114e-08,10,0.06000000238418568,volta,-7.721900730719068
1151.548,-1.0,1.320376430413717e-08,-0.239999994635582,4.3551409589781536e-08,10,0.06000001728534701,volta,-7.879302236714207
1152.547,-1.0,1.0028421648655688e-08,-0.1800000071525574,4.4266379006785435e-08,10,0.0599999874830246,volta,-7.998767414259619
1153.548,-1.0,8.692419228850666e-09,-0.119999997317791,4.501298889181271e-08,10,0.0600000098347664,volta,-8.06085933614973
1154.548,-1.0,8.533858952830542e-09,-0.059999998658895486,4.579858980946482e-08,10,0.05999999865889551,volta,-8.068854539413618
1155.548,-1.0,8.998561007445003e-09,0.0,4.650459217714342e-08,10,0.059999998658895486,volta,-8.045826934615365
1156.548,-1.0,9.44234113120501e-09,0.059999998658895486,4.306229328676636e-08,10,0.059999998658895486,volta,-8.024920313508268
1158.435,-1.0,1.0390377447322408e-08,0.119999997317791,4.321627500303293e-08,10,0.05999999865889551,volta,-7.98336867570443
1159.614,-1.0,1.140280936340332e-08,0.1800000071525574,4.423475274961675e-08,10,0.0600000098347664,volta,-7.942988136320404
1160.549,-1.0,1.250746262115854e-08,0.239999994635582,4.439817757884157e-08,10,0.0599999874830246,volta,-7.902830786341722
1161.546,-1.0,1.377244007727541e-08,0.300000011920929,4.4263124721055647e-08,10,0.06000001728534701,volta,-7.860989108529173
1162.547,-1.0,1.532117188673965e-08,0.3600000143051147,4.434692968402487e-08,10,0.06000000238418568,volta,-7.814708015089845
1163.546,-1.0,1.723610232318151e-08,0.4199999868869781,4.489695015763573e-08,10,0.0599999725818634,volta,-7.763560936360115
1164.547,-1.0,1.963886120392999e-08,0.47999998927116394,4.60433859927889e-08,10,0.060000002384185847,volta,-7.706883699196132
1165.548,-1.0,2.2596896798177113e-08,0.5400000214576721,4.7831285598931566e-08,10,0.06000003218650818,volta,-7.6459511978421055
1218.548,-1.0,1.318188878940418e-05,-2.4600000381469727,-9.52109076024499e-08,11,0.05999994277954146,volta,-4.880022356658206
1219.565,-1.0,1.289143528993009e-05,-2.400000095367432,-8.52939407991471e-08,11,0.05999994277954057,volta,-4.889698727037981
1220.548,-1.0,1.2553631677292292e-05,-2.339999914169312,-7.507523491767641e-08,11,0.06000018119812012,volta,-4.901230617669226
1221.547,-1.0,1.216174314322416e-05,-2.2799999713897714,-6.591690748791734e-08,11,0.05999994277954057,volta,-4.915004173153109
1222.547,-1.0,1.171302756119985e-05,-2.2200000286102286,-5.801757652079687e-08,11,0.05999994277954279,volta,-4.931330834801446
1223.613,-1.0,1.121803506975994e-05,-2.160000085830688,-4.976363143782692e-08,11,0.05999994277954057,volta,-4.950083206635344
1224.547,-1.0,1.067966240952956e-05,-2.099999904632568,-4.2527258159452686e-08,11,0.06000018119812012,volta,-4.971442475396947
1225.548,-1.0,1.0099661267304332e-05,-2.039999961853027,-3.5736608339220766e-08,11,0.059999942779541016,volta,-4.995693191782457
1226.548,-1.0,9.452866834180895e-06,-1.980000019073486,-2.9659450007102354e-08,11,0.059999942779540794,volta,-5.024436460120489
1227.565,-1.0,8.825145414448343e-06,-1.919999957084656,-2.355500505757391e-08,11,0.06000006198883012,volta,-5.054278129886631
1228.547,-1.0,8.130326932587195e-06,-1.8600000143051152,-1.82197688047836e-08,11,0.059999942779540794,volta,-5.0898919904251425
1229.548,-1.0,7.4057161327800705e-06,-1.799999952316284,-1.334279797760018e-08,11,0.06000006198883123,volta,-5.130432938833961
1230.546,-1.0,6.65890456730267e-06,-1.7400000095367427,-9.012055102175506e-09,11,0.05999994277954124,volta,-5.17659720919378
1231.546,-1.0,5.900135874981061e-06,-1.679999947547913,-5.210936127042487e-09,11,0.06000006198882968,volta,-5.229137986819715
1232.547,-1.0,5.154107839189237e-06,-1.620000004768372,-1.8252372946392366e-09,11,0.059999942779541016,volta,-5.287846498964225
1233.546,-1.0,4.425975021149497e-06,-1.559999942779541,1.025891260830747e-09,11,0.06000006198883101,volta,-5.353991041427186
1234.547,-1.0,3.7417696603370128e-06,-1.5,2.0103694264861356e-09,11,0.059999942779541016,volta,-5.426922950754654
1236.768,-1.0,3.147368261124939e-06,-1.440000057220459,5.169761063683608e-09,11,0.059999942779541016,volta,-5.502052439032288
1237.547,-1.0,2.5814663331402694e-06,-1.379999995231628,7.124400180913425e-09,11,0.06000006198883101,volta,-5.588133534543448
1238.549,-1.0,2.09537734008336e-06,-1.320000052452087,8.490216529821737e-09,11,0.059999942779541016,volta,-5.678737756965236
1239.614,-1.0,1.682971628724772e-06,-1.2599999904632573,1.080216183169114e-08,11,0.06000006198882968,volta,-5.773923205231623
1240.548,-1.0,1.342445557384053e-06,-1.200000047683716,1.2652683345493192e-08,11,0.05999994277954124,volta,-5.872103317998702
1241.547,-1.0,1.065728611138184e-06,-1.139999985694885,1.4632010270076988e-08,11,0.06000006198883101,volta,-5.9723533747567155
1242.547,-1.0,8.409442671108993e-07,-1.080000042915344,1.659160808742399e-08,11,0.059999942779541016,volta,-6.075232785757671
1243.564,-1.0,6.698137440253049e-07,-1.019999980926514,1.916592218265123e-08,11,0.06000006198883012,volta,-6.17404594534033
1244.548,-1.0,5.306947059580125e-07,-0.959999978542328,2.1765982793908727e-08,11,0.0600000023841859,volta,-6.2751552447329475
1245.547,-1.0,4.1992592514361604e-07,-0.8999999761581422,2.435606738515617e-08,11,0.06000000238418579,volta,-6.3768273123131145
1246.547,-1.0,3.3083892958529764e-07,-0.8399999737739563,2.693842660050905e-08,11,0.0600000023841859,volta,-6.480383392984888
1247.548,-1.0,2.585325376003312e-07,-0.7799999713897705,2.9434644943648888e-08,11,0.06000000238418579,volta,-6.587484791018708
1248.546,-1.0,2.000209065045055e-07,-0.7200000286102295,3.175513896280791e-08,11,0.059999942779541016,volta,-6.698924608810919
1249.547,-1.0,1.5281081289231222e-07,-0.6600000262260437,3.394818293145363e-08,11,0.06000000238418579,volta,-6.815845913997784
1250.546,-1.0,1.150308861497251e-07,-0.6000000238418579,3.600722564556236e-08,11,0.06000000238418579,volta,-6.939185534573139
1251.546,-1.0,8.231558723537091e-08,-0.5400000214576721,3.7803399521862964e-08,11,0.06000000238418579,volta,-7.084517919230749
1252.564,-1.0,6.142830955013778e-08,-0.47999998927116394,3.9639591165041566e-08,11,0.06000003218650818,volta,-7.211631435895618
1253.548,-1.0,4.326008706811991e-08,-0.4199999868869781,4.1103362491412554e-08,11,0.060000002384185847,volta,-7.3639126108061745
1254.548,-1.0,2.5180673546287842e-08,-0.3600000143051147,3.862739816895555e-08,11,0.0599999725818634,volta,-7.598932657328876
1256.415,-1.0,1.638104940582252e-08,-0.300000011920929,3.963749506397107e-08,11,0.06000000238418568,volta,-7.785658279830821
1257.548,-1.0,1.1646855035962741e-08,-0.239999994635582,4.092092709129247e-08,11,0.06000001728534701,volta,-7.933791329995679
1258.548,-1.0,9.161639447086143e-09,-0.1800000071525574,4.202662751140451e-08,11,0.0599999874830246,volta,-8.03802680372148
1259.548,-1.0,8.25728196929276e-09,-0.119999997317791,4.305423573214284e-08,11,0.0600000098347664,volta,-8.083162884882464
1260.548,-1.0,8.323800315679362e-09,-0.059999998658895486,4.404332543117562e-08,11,0.05999999865889551,volta,-8.079678346869683
1261.547,-1.0,8.901489323420718e-09,0.0,4.4940257737380314e-08,11,0.059999998658895486,volta,-8.050537324722352
1262.548,-1.0,9.676957013482479e-09,0.059999998658895486,4.5745135679453603e-08,11,0.059999998658895486,volta,-8.014261188147902
1263.547,-1.0,1.0535216254936592e-08,0.119999997317791,4.631592176451704e-08,11,0.05999999865889551,volta,-7.977356545261223
1264.548,-1.0,1.145914829692174e-08,0.1800000071525574,4.655823815369331e-08,11,0.0600000098347664,volta,-7.940847660177776
1265.548,-1.0,1.2496614409940321e-08,0.239999994635582,4.642294726409091e-08,11,0.0599999874830246,volta,-7.903207630370826
1266.546,-1.0,1.373631963730304e-08,0.300000011920929,4.598543767997398e-08,11,0.06000001728534701,volta,-7.862129611913694
1267.547,-1.0,1.523712889195394e-08,0.3600000143051147,4.5716252117244955e-08,11,0.06000000238418568,volta,-7.8170968587083784
1268.546,-1.0,1.713114983203923e-08,0.4199999868869781,4.5953811422805295e-08,11,0.0599999725818634,volta,-7.766213486482778
1269.547,-1.0,1.949827677094618e-08,0.47999998927116394,4.663164787643836e-08,11,0.060000002384185847,volta,-7.710003769249734
1270.566,-1.0,2.244913588356212e-08,0.5400000214576721,4.808465448036259e-08,11,0.06000003218650818,volta,-7.648800371285303
1324.548,-1.0,1.328091548202792e-05,-2.4600000381469727,-9.5131014177241e-08,12,0.05999994277954146,volta,-4.876771987084766
1325.565,-1.0,1.297796916333027e-05,-2.400000095367432,-8.532004613925891e-08,12,0.05999994277954057,volta,-4.886793262093694
1326.548,-1.0,1.263830654352205e-05,-2.339999914169312,-7.511414423788666e-08,12,0.06000018119812012,volta,-4.8983111149836205
1327.547,-1.0,1.225208052346716e-05,-2.2799999713897714,-6.586158463051106e-08,12,0.05999994277954057,volta,-4.911790157573714
1328.547,-1.0,1.181039806397166e-05,-2.2200000286102286,-5.747664033606271e-08,12,0.05999994277954279,volta,-4.927735464446355
1329.548,-1.0,1.132198576669907e-05,-2.160000085830688,-4.964870115031772e-08,12,0.05999994277954057,volta,-4.94607739541927
1330.548,-1.0,1.0785579434013932e-05,-2.099999904632568,-4.2366707475594005e-08,12,0.06000018119812012,volta,-4.967156518318952
1331.547,-1.0,1.020334912027465e-05,-2.039999961853027,-3.561409656072101e-08,12,0.059999942779541016,volta,-4.991257253167784
1332.548,-1.0,9.666633559390903e-06,-1.980000019073486,-3.063516729184812e-08,12,0.059999942779540794,volta,-5.014724744234341
1334.72,-1.0,9.049364962265827e-06,-1.919999957084656,-2.3641753443826016e-08,12,0.06000006198883012,volta,-5.043381896271084
1335.546,-1.0,8.323096153617371e-06,-1.8600000143051152,-1.8290091219341775e-08,12,0.059999942779540794,volta,-5.079715088096329
1336.549,-1.0,7.577593351015821e-06,-1.799999952316284,-1.332030308276444e-08,12,0.06000006198883123,volta,-5.120468704702165
1337.546,-1.0,6.810126251366455e-06,-1.7400000095367427,-8.956539510052151e-09,12,0.05999994277954124,volta,-5.166844836726931
1338.546,-1.0,6.033305908204056e-06,-1.679999947547913,-5.125248669912708e-09,12,0.06000006198882968,volta,-5.219444653984629
1339.547,-1.0,5.268282620818353e-06,-1.620000004768372,-1.7508030580870577e-09,12,0.059999942779541016,volta,-5.278330935044808
1340.547,-1.0,4.525748408923391e-06,-1.559999942779541,1.1186123138884339e-09,12,0.06000006198883101,volta,-5.344309592593681
1341.548,-1.0,3.82968164558406e-06,-1.5,3.614270660534657e-09,12,0.059999942779541016,volta,-5.416837326635191
1342.548,-1.0,3.1893812320049615e-06,-1.440000057220459,5.750536935522631e-09,12,0.059999942779541016,volta,-5.496293565717706
1343.549,-1.0,2.621178509798483e-06,-1.379999995231628,7.723617301280683e-09,12,0.06000006198883101,volta,-5.581503401342403
1344.547,-1.0,2.127057314282865e-06,-1.320000052452087,9.165513681352875e-09,12,0.059999942779541016,volta,-5.672220807727065
1345.566,-1.0,1.7092048665290347e-06,-1.2599999904632573,1.1219334794532192e-08,12,0.06000006198882968,volta,-5.767205879309266
1346.547,-1.0,1.3629805835080333e-06,-1.200000047683716,1.301404228826186e-08,12,0.05999994277954124,volta,-5.8655103309117544
1347.547,-1.0,1.08283632016537e-06,-1.139999985694885,1.495729762268638e-08,12,0.06000006198883101,volta,-5.96543718568426
1348.547,-1.0,8.549783387934439e-07,-1.080000042915344,1.689617690203704e-08,12,0.059999942779541016,volta,-6.068044888150947
1349.564,-1.0,6.813575055275578e-07,-1.019999980926514,1.9128632899878536e-08,12,0.06000006198883012,volta,-6.166624955726139
1350.613,-1.0,5.404248213380925e-07,-0.959999978542328,2.2049487569120168e-08,12,0.0600000023841859,volta,-6.26726471234688
1351.548,-1.0,4.27756674525881e-07,-0.8999999761581422,2.464401838153663e-08,12,0.06000000238418579,volta,-6.368803205195058
1352.548,-1.0,3.226739124784217e-07,-0.8399999737739563,2.545447408408563e-08,12,0.0600000023841859,volta,-6.4912361449916505
1354.206,-1.0,2.666533021056239e-07,-0.7799999713897705,3.056248587540722e-08,12,0.06000000238418579,volta,-6.574053033854828
1354.546,-1.0,2.0574319137267594e-07,-0.7200000286102295,3.2440208741491006e-08,12,0.059999942779541016,volta,-6.686674527917406
1355.549,-1.0,1.5732705094251292e-07,-0.6600000262260437,3.451255636832684e-08,12,0.06000000238418579,volta,-6.803196598005964
1356.546,-1.0,1.1853384762616771e-07,-0.6000000238418579,3.648159463409684e-08,12,0.06000000238418579,volta,-6.926157618107182
1357.547,-1.0,8.499284831486875e-08,-0.5400000214576721,3.823760863497228e-08,12,0.06000000238418579,volta,-7.070617616262872
1358.565,-1.0,6.358588677812804e-08,-0.47999998927116394,4.005490694680702e-08,12,0.06000003218650818,volta,-7.196639267599151
1359.548,-1.0,4.496542160836725e-08,-0.4199999868869781,4.1519641058584966e-08,12,0.060000002384185847,volta,-7.347121330164922
1360.547,-1.0,3.096752365649991e-08,-0.3600000143051147,4.267715425498864e-08,12,0.0599999725818634,volta,-7.509093521970186
1361.548,-1.0,2.1022104945700448e-08,-0.300000011920929,4.359329963676828e-08,12,0.06000000238418568,volta,-7.67732380017585
1362.547,-1.0,1.451399356255934e-08,-0.239999994635582,4.432826017364278e-08,12,0.06000001728534701,volta,-7.838213073878535
1363.547,-1.0,1.0774517278377972e-08,-0.1800000071525574,4.501255901345758e-08,12,0.0599999874830246,volta,-7.967602178061236
1364.548,-1.0,9.07037289721302e-09,-0.119999997317791,4.5718302033037617e-08,12,0.0600000098347664,volta,-8.04237485804763
1365.548,-1.0,8.655810290747466e-09,-0.059999998658895486,4.601808711868216e-08,12,0.05999999865889551,volta,-8.062692270558255
1366.614,-1.0,8.969748499509931e-09,0.0,4.710464551749283e-08,12,0.059999998658895486,volta,-8.04721973385739
1367.548,-1.0,9.628892350121987e-09,0.059999998658895486,4.7725059459935444e-08,12,0.059999998658895486,volta,-8.016423668628027
1368.547,-1.0,1.04359987318503e-08,0.119999997317791,4.818275201046163e-08,12,0.05999999865889551,volta,-7.981465982345911
1369.547,-1.0,1.132781513035752e-08,0.1800000071525574,4.8343910208359375e-08,12,0.0600000098347664,volta,-7.9458538472708975
1370.547,-1.0,1.232755231228566e-08,0.239999994635582,4.8141348685248886e-08,12,0.0599999874830246,volta,-7.909123145853098
1371.546,-1.0,1.3416302735436152e-08,0.300000011920929,4.120850505273665e-08,12,0.06000001728534701,volta,-7.872367150547616
1373.779,-1.0,1.510589164865905e-08,0.3600000143051147,4.327401015302712e-08,12,0.06000000238418568,volta,-7.820853634729428
1374.548,-1.0,1.704081320497153e-08,0.4199999868869781,4.4094036866226816e-08,12,0.0599999725818634,volta,-7.768509684099552
1375.548,-1.0,1.948255246020381e-08,0.47999998927116394,4.5463192321903996e-08,12,0.060000002384185847,volta,-7.710354145672824
1376.548,-1.0,2.2471452254535513e-08,0.5400000214576721,4.7389473678549614e-08,12,0.06000003218650818,volta,-7.648368859679205
1428.548,-1.0,1.349075955658918e-05,-2.4600000381469727,-9.4551275253707e-08,13,0.05999994277954146,volta,-4.869963597996813
1429.565,-1.0,1.319987768511055e-05,-2.400000095367432,-8.508950344321421e-08,13,0.05999994277954057,volta,-4.879430093106851
1430.615,-1.0,1.303245971939759e-05,-2.339999914169312,-7.386420008970161e-08,13,0.06000018119812012,volta,-4.8849736087121185
1432.574,-1.0,1.261489342141431e-05,-2.2799999713897714,-6.467053736969319e-08,13,0.05999994277954057,volta,-4.899116414324939
1433.547,-1.0,1.21474022307666e-05,-2.2200000286102286,-5.641691913638169e-08,13,0.05999994277954279,volta,-4.915516587701008
1434.549,-1.0,1.163067827292252e-05,-2.160000085830688,-4.877780668266496e-08,13,0.05999994277954057,volta,-4.934394957533117
1435.548,-1.0,1.1069583706557752e-05,-2.099999904632568,-4.1620314306101136e-08,13,0.06000018119812012,volta,-4.95586871131137
1436.547,-1.0,1.045938734023366e-05,-2.039999961853027,-3.499280154528606e-08,13,0.059999942779541016,volta,-4.9804937535708795
1437.548,-1.0,9.790829608391505e-06,-1.980000019073486,-2.8978693222825314e-08,13,0.059999942779540794,volta,-5.009180507473502
1438.564,-1.0,9.140229849435855e-06,-1.919999957084656,-2.297598200584616e-08,13,0.06000006198883012,volta,-5.039042882921909
1439.548,-1.0,8.424792213190813e-06,-1.8600000143051152,-1.765651802543289e-08,13,0.059999942779540794,volta,-5.074440801646828
1440.546,-1.0,7.674554581171833e-06,-1.799999952316284,-1.285349160440319e-08,13,0.06000006198883123,volta,-5.114946820873923
1441.546,-1.0,6.9024467848066715e-06,-1.7400000095367427,-8.557331732106377e-09,13,0.05999994277954124,volta,-5.1609969329181675
1442.546,-1.0,6.121949809312355e-06,-1.679999947547913,-4.7814725512296255e-09,13,0.06000006198882968,volta,-5.2131102352790375
1443.546,-1.0,5.346917987480992e-06,-1.620000004768372,-1.473975164145713e-09,13,0.059999942779541016,volta,-5.271896477178434
1444.547,-1.0,4.594926849676995e-06,-1.559999942779541,1.370704216796526e-09,13,0.06000006198883101,volta,-5.337721398104748
1445.548,-1.0,3.888397259288467e-06,-1.5,3.2325744303562934e-09,13,0.059999942779541016,volta,-5.410229371651266
1446.615,-1.0,3.241300419176696e-06,-1.440000057220459,5.986225737331096e-09,13,0.059999942779541016,volta,-5.4892807146190705
1447.547,-1.0,2.663096211108495e-06,-1.379999995231628,7.861316042578892e-09,13,0.06000006198883101,volta,-5.574613143287408
1448.549,-1.0,2.1636842575389888e-06,-1.320000052452087,9.653604138293304e-09,13,0.059999942779541016,volta,-5.6648061147361
1449.547,-1.0,1.739609160722466e-06,-1.2599999904632573,1.137599969780467e-08,13,0.06000006198882968,volta,-5.759548314020761
1450.548,-1.0,1.358709255327994e-06,-1.200000047683716,1.1931348353755308e-08,13,0.05999994277954124,volta,-5.866873466237046
1452.145,-1.0,1.120518390962388e-06,-1.139999985694885,1.596773913092875e-08,13,0.06000006198883101,volta,-5.950581011036162
1452.547,-1.0,8.790335641606363e-07,-1.080000042915344,1.741768151930501e-08,13,0.059999942779541016,volta,-6.055994541932532
1453.566,-1.0,7.004922508713208e-07,-1.019999980926514,1.990076370361749e-08,13,0.06000006198883012,volta,-6.154596664692895
1454.548,-1.0,5.558273983297113e-07,-0.959999978542328,2.242537711083514e-08,13,0.0600000023841859,volta,-6.255060049407989
1455.548,-1.0,4.404639071253769e-07,-0.8999999761581422,2.5005650883258568e-08,13,0.06000000238418579,volta,-6.356089673128192
1456.547,-1.0,3.474883953913377e-07,-0.8399999737739563,2.75531526483519e-08,13,0.0600000023841859,volta,-6.459059694387996
1457.548,-1.0,2.722248950703943e-07,-0.7799999713897705,3.003383852728803e-08,13,0.06000000238418579,volta,-6.5650721609206615
1458.546,-1.0,2.1107304348788603e-07,-0.7200000286102295,3.235126655454224e-08,13,0.059999942779541016,volta,-6.6755672276681635
1459.546,-1.0,1.6173267169961042e-07,-0.6600000262260437,3.4525694303511045e-08,13,0.06000000238418579,volta,-6.791202239180914
1460.546,-1.0,1.2210416855396033e-07,-0.6000000238418579,3.657405400758762e-08,13,0.06000000238418579,volta,-6.913269509281329
1461.546,-1.0,8.713099219903597e-08,-0.5400000214576721,3.80529421306619e-08,13,0.06000000238418579,volta,-7.059827340434962
1462.631,-1.0,6.585958089999622e-08,-0.47999998927116394,4.0226389330655365e-08,13,0.06000003218650818,volta,-7.181381037265139
1463.548,-1.0,4.6721233104563e-08,-0.4199999868869781,4.17273895436665e-08,13,0.060000002384185847,volta,-7.330485703493256
1464.547,-1.0,3.2284535933513325e-08,-0.3600000143051147,4.293812594369228e-08,13,0.0599999725818634,volta,-7.491005451877404
1465.548,-1.0,2.1968817875972487e-08,-0.300000011920929,4.391497299138791e-08,13,0.06000000238418568,volta,-7.6581933114797796
1466.547,-1.0,1.516033343307299e-08,-0.239999994635582,4.4707299196034e-08,13,0.06000001728534701,volta,-7.819291246820638
1467.548,-1.0,1.11768247990085e-08,-0.1800000071525574,4.546477683220473e-08,13,0.0599999874830246,volta,-7.9516815567470625
1468.548,-1.0,9.28071752781534e-09,-0.119999997317791,4.6247016882716714e-08,13,0.0600000098347664,volta,-8.032418445513434
1469.547,-1.0,7.984817251838193e-09,-0.059999998658895486,4.195323199951417e-08,13,0.05999999865889551,volta,-8.097735019090491
1471.715,-1.0,8.72454641864806e-09,0.0,4.425396937790538e-08,13,0.059999998658895486,volta,-8.05925714236291
1472.549,-1.0,9.506416098759017e-09,0.059999998658895486,4.532839170678926e-08,13,0.059999998658895486,volta,-8.021983180422067
1473.549,-1.0,1.036492580652748e-08,0.119999997317791,4.613816884102562e-08,13,0.05999999865889551,volta,-7.984433802294774
1474.548,-1.0,1.130188742592964e-08,0.1800000071525574,4.657150398656995e-08,13,0.0600000098347664,volta,-7.94684902286904
1475.546,-1.0,1.2346899502801992e-08,0.239999994635582,4.654412322224744e-08,13,0.0599999874830246,volta,-7.908442086766842
1476.546,-1.0,1.3583862923383088e-08,0.300000011920929,4.619684190743101e-08,13,0.06000001728534701,volta,-7.866976709602971
1477.547,-1.0,1.510931291193174e-08,0.3600000143051147,4.550147281179306e-08,13,0.06000000238418568,volta,-7.820755284525387
1478.613,-1.0,1.700108143154466e-08,0.4199999868869781,4.6190429259240766e-08,13,0.0599999725818634,volta,-7.769523452456158
1479.547,-1.0,1.938932037148788e-08,0.47999998927116394,4.710154755116491e-08,13,0.060000002384185847,volta,-7.712437413411517
1480.547,-1.0,2.235941920503137e-08,0.5400000214576721,4.869408698482403e-08,13,0.06000003218650818,volta,-7.650539481614144
1533.548,-1.0,1.366577089356724e-05,-2.4600000381469727,-9.532686817692593e-08,14,0.05999994277954146,volta,-4.864365864492416
1534.564,-1.0,1.3359594049688888e-05,-2.400000095367432,-8.546670926534718e-08,14,0.05999994277954057,volta,-4.874206738316956
1535.548,-1.0,1.3000356375414412e-05,-2.339999914169312,-7.525466827473792e-08,14,0.06000018119812012,volta,-4.886044742327426
1536.547,-1.0,1.259225609828718e-05,-2.2799999713897714,-6.60547030406633e-08,14,0.05999994277954057,volta,-4.899896452318084
1537.548,-1.0,1.212869847222464e-05,-2.2200000286102286,-5.764981736433583e-08,14,0.05999994277954279,volta,-4.916185800671599
1538.549,-1.0,1.162436001322931e-05,-2.160000085830688,-4.980644163765646e-08,14,0.05999994277954057,volta,-4.934630948147602
1539.547,-1.0,1.107121715904213e-05,-2.099999904632568,-4.250087926038759e-08,14,0.06000018119812012,volta,-4.955804630575899
1540.548,-1.0,1.0474503142177132e-05,-2.039999961853027,-3.567578943375338e-08,14,0.059999942779541016,volta,-4.979866568622144
1541.547,-1.0,9.765060895006172e-06,-1.980000019073486,-3.005993320925882e-08,14,0.059999942779540794,volta,-5.01032504410345
1542.631,-1.0,9.163439244730398e-06,-1.919999957084656,-2.354362038659019e-08,14,0.06000006198883012,volta,-5.037941495254204
1543.547,-1.0,8.44634178065462e-06,-1.8600000143051152,-1.810737870755474e-08,14,0.059999942779540794,volta,-5.073331348858411
1544.547,-1.0,7.697824912611395e-06,-1.799999952316284,-1.326110421473459e-08,14,0.06000006198883123,volta,-5.113631971177447
1545.548,-1.0,6.930509698577225e-06,-1.7400000095367427,-8.876991586248549e-09,14,0.05999994277954124,volta,-5.159234824386825
1546.546,-1.0,6.14740702076233e-06,-1.679999947547913,-5.11410247483468e-09,14,0.06000006198882968,volta,-5.211308031222873
1547.548,-1.0,5.097438133816468e-06,-1.620000004768372,-7.0470216328999405e-09,14,0.059999942779541016,volta,-5.292648036428718
1549.808,-1.0,4.640474344341783e-06,-1.559999942779541,5.080700096748991e-11,14,0.06000006198883101,volta,-5.333437624056975
1550.547,-1.0,3.946803644794272e-06,-1.5,3.008794768888379e-09,14,0.059999942779541016,volta,-5.4037544794072625
1551.548,-1.0,3.295119995527784e-06,-1.440000057220459,5.392861268660453e-09,14,0.059999942779541016,volta,-5.482128765456413
1552.548,-1.0,2.710068201849936e-06,-1.379999995231628,7.443261118567078e-09,14,0.06000006198883101,volta,-5.567019779489294
1553.548,-1.0,2.200958761022775e-06,-1.320000052452087,9.297513869910288e-09,14,0.059999942779541016,volta,-5.657388094669748
1554.547,-1.0,1.769077698554611e-06,-1.2599999904632573,1.109770586538161e-08,14,0.06000006198882968,volta,-5.752253092295205
1555.547,-1.0,1.412075675943925e-06,-1.200000047683716,1.2930191140014808e-08,14,0.05999994277954124,volta,-5.850142027955479
1556.547,-1.0,1.121850004892622e-06,-1.139999985694885,1.488434087093538e-08,14,0.06000006198883101,volta,-5.950065205826834
1557.548,-1.0,8.798960493550113e-07,-1.080000042915344,1.652456482759135e-08,14,0.059999942779541016,volta,-6.0555686322340625
1558.631,-1.0,7.069550633787003e-07,-1.019999980926514,1.946671090991003e-08,14,0.06000006198883012,volta,-6.150608190654158
1559.548,-1.0,5.606663080470753e-07,-0.959999978542328,2.207394800279872e-08,14,0.0600000023841859,volta,-6.251295541045925
1560.548,-1.0,4.4468450255408243e-07,-0.8999999761581422,2.469039017682917e-08,14,0.06000000238418579,volta,-6.35194800563657
1561.548,-1.0,3.512588762077939e-07,-0.8399999737739563,2.725990988494686e-08,14,0.0600000023841859,volta,-6.454372692455237
1562.548,-1.0,2.750363421455404e-07,-0.7799999713897705,2.976985058467108e-08,14,0.06000000238418579,volta,-6.5606099165317
1563.546,-1.0,2.134403018771991e-07,-0.7200000286102295,3.209644461321659e-08,14,0.059999942779541016,volta,-6.670723573522967
1564.546,-1.0,1.6355728860162341e-07,-0.6600000262260437,3.427873807027026e-08,14,0.06000000238418579,volta,-6.786330097647621
1565.546,-1.0,1.236338675880688e-07,-0.6000000238418579,3.637905265918562e-08,14,0.06000000238418579,volta,-6.907862544685345
1566.546,-1.0,8.862490830097158e-08,-0.5400000214576721,3.822765393124428e-08,14,0.06000000238418579,volta,-7.0524442011674395
1567.565,-1.0,5.8402086722253443e-08,-0.47999998927116394,3.6735343655891484e-08,14,0.06000003218650818,volta,-7.233571635151822
1569.464,-1.0,4.07198541552134e-08,-0.4199999868869781,3.841810425342373e-08,14,0.060000002384185847,volta,-7.390193786164899
1570.548,-1.0,2.8057074885623482e-08,-0.3600000143051147,3.9954091590743694e-08,14,0.0599999725818634,volta,-7.5519576086908256
1571.549,-1.0,1.911289793099513e-08,-0.300000011920929,4.118629703953047e-08,14,0.06000000238418568,volta,-7.718673459463925
1572.547,-1.0,1.339727617732933e-08,-0.239999994635582,4.2195868132921526e-08,14,0.06000001728534701,volta,-7.872983489799393
1573.549,-1.0,1.024524021175921e-08,-0.1800000071525574,4.2768167674012154e-08,14,0.0599999874830246,volta,-7.989477854596264
1574.613,-1.0,8.904302184475908e-09,-0.119999997317791,4.4093262374644844e-08,14,0.0600000098347664,volta,-8.05040010981177
1575.548,-1.0,8.686864561013861e-09,-0.059999998658895486,4.498758343629561e-08,14,0.05999999865889551,volta,-8.061136949623522
1576.548,-1.0,9.109842658006072e-09,0.0,4.582762613836167e-08,14,0.059999998658895486,volta,-8.04048912394356
1577.548,-1.0,9.883642348995634e-09,0.059999998658895486,4.659000651940914e-08,14,0.059999998658895486,volta,-8.005082978432638
1578.547,-1.0,1.064918020432515e-08,0.119999997317791,4.711638723620126e-08,14,0.05999999865889551,volta,-7.972683823816003
1579.548,-1.0,1.1554110557199241e-08,0.1800000071525574,4.730689440179958e-08,14,0.0600000098347664,volta,-7.937263481164361
1580.547,-1.0,1.258802395653902e-08,0.239999994635582,4.709250944756604e-08,14,0.0599999874830246,volta,-7.900042439242865
1581.546,-1.0,1.382282999173867e-08,0.300000011920929,4.658763330667171e-08,14,0.06000001728534701,volta,-7.85940303337472
1582.547,-1.0,1.5342211057145512e-08,0.3600000143051147,4.627015570690673e-08,14,0.06000000238418568,volta,-7.814112047119731
1583.546,-1.0,1.724569820282795e-08,0.4199999868869781,4.648879681212748e-08,14,0.0599999725818634,volta,-7.76331921825819
1584.547,-1.0,1.965412010918044e-08,0.47999998927116394,4.741338699432163e-08,14,0.060000002384185847,volta,-7.706546394239276
1585.547,-1.0,2.265493925790452e-08,0.5400000214576721,4.903391825905601e-08,14,0.06000003218650818,volta,-7.644837097907318
1638.614,-1.0,1.380845242238138e-05,-2.4600000381469727,-9.619066787536211e-08,15,0.05999994277954146,volta,-4.859854992100703
1639.566,-1.0,1.348513342236402e-05,-2.400000095367432,-8.640431303774675e-08,15,0.05999994277954057,volta,-4.87014475226561
1640.549,-1.0,1.311839787376812e-05,-2.339999914169312,-7.599436457894626e-08,15,0.06000018119812012,volta,-4.8821192013222605
1641.547,-1.0,1.270673237740993e-05,-2.2799999713897714,-6.674576980003621e-08,15,0.05999994277954057,volta,-4.895966116866221
1642.548,-1.0,1.223844265041407e-05,-2.2200000286102286,-5.823041249186645e-08,15,0.05999994277954279,volta,-4.912273842922698
1643.547,-1.0,1.1715959772118372e-05,-2.160000085830688,-5.045627560207322e-08,15,0.05999994277954057,volta,-4.931222128180009
1644.548,-1.0,1.115137274609879e-05,-2.099999904632568,-4.3111182179700336e-08,15,0.06000018119812012,volta,-4.952671667202431
1645.547,-1.0,1.044262626237469e-05,-2.039999961853027,-4.012416709997524e-08,15,0.059999942779541016,volta,-4.98119026495237
1647.709,-1.0,1.005791364150355e-05,-1.980000019073486,-3.041207818910152e-08,15,0.059999942779540794,volta,-4.997492097605476
1648.547,-1.0,9.329569365945645e-06,-1.919999957084656,-2.438906498980487e-08,15,0.06000006198883012,volta,-5.030138401945862
1649.566,-1.0,8.629023795947433e-06,-1.8600000143051152,-1.847983632785599e-08,15,0.059999942779540794,volta,-5.064038333370966
1650.547,-1.0,7.865545740060041e-06,-1.799999952316284,-1.339328292715436e-08,15,0.06000006198883123,volta,-5.1042711390706925
1651.546,-1.0,7.078854650899302e-06,-1.7400000095367427,-8.944082807715857e-09,15,0.05999994277954124,volta,-5.150037004885508
1652.547,-1.0,6.283637048909441e-06,-1.679999947547913,-4.995727387324677e-09,15,0.06000006198882968,volta,-5.201788908324638
1653.546,-1.0,5.492191121447832e-06,-1.620000004768372,-2.1772861291680097e-09,15,0.059999942779541016,volta,-5.260254358262313
1654.613,-1.0,4.722498488263227e-06,-1.559999942779541,1.3512373442381427e-09,15,0.06000006198883101,volta,-5.325828172429748
1655.547,-1.0,3.994499365944648e-06,-1.5,3.837013373697572e-09,15,0.059999942779541016,volta,-5.3985376434418555
1656.548,-1.0,3.328817911096849e-06,-1.440000057220459,6.027996768409593e-09,15,0.059999942779541016,volta,-5.47770996043621
1657.548,-1.0,2.7372932436264814e-06,-1.379999995231628,7.945669011633072e-09,15,0.06000006198883101,volta,-5.56267867454204
1658.548,-1.0,2.22198605115409e-06,-1.320000052452087,9.742033846293907e-09,15,0.059999942779541016,volta,-5.653258671734405
1659.547,-1.0,1.786715984053444e-06,-1.2599999904632573,1.146858963352315e-08,15,0.06000006198882968,volta,-5.747944477355246
1660.548,-1.0,1.425905225005408e-06,-1.200000047683716,1.330270826827018e-08,15,0.05999994277954124,volta,-5.8459093395788475
1661.547,-1.0,1.133073510573013e-06,-1.139999985694885,1.525365078691721e-08,15,0.06000006198883101,volta,-5.945741913437053
1662.548,-1.0,8.954416443884839e-07,-1.080000042915344,1.724215792364703e-08,15,0.059999942779541016,volta,-6.047962711708713
1663.564,-1.0,7.140315574361011e-07,-1.019999980926514,1.984909836494353e-08,15,0.06000006198883012,volta,-6.146282593661503
1664.548,-1.0,5.668098879141326e-07,-0.959999978542328,2.245490549057649e-08,15,0.0600000023841859,volta,-6.246562582155896
1665.548,-1.0,4.2832303392970067e-07,-0.8999999761581422,2.299776191705405e-08,15,0.06000000238418579,volta,-6.3682285699191405
1667.375,-1.0,3.604100982101954e-07,-0.8399999737739563,2.8885709824066914e-08,15,0.0600000023841859,volta,-6.44320304917043
1667.549,-1.0,2.801724576784181e-07,-0.7799999713897705,3.073377641271691e-08,15,0.06000000238418579,volta,-6.552574560221545
1668.548,-1.0,2.1751594658780962e-07,-0.7200000286102295,3.287500049964365e-08,15,0.059999942779541016,volta,-6.662508898427863
1669.546,-1.0,1.665976014919579e-07,-0.6600000262260437,3.469765275099235e-08,15,0.06000000238418579,volta,-6.778331255428066
1670.612,-1.0,1.259244726270481e-07,-0.6000000238418579,3.7042141798337986e-08,15,0.06000000238418579,volta,-6.8998898592960805
1671.546,-1.0,9.057861660721757e-08,-0.5400000214576721,3.877140386521205e-08,15,0.06000000238418579,volta,-7.04297431651285
1672.564,-1.0,6.790084938756992e-08,-0.47999998927116394,4.061135072674915e-08,15,0.06000003218650818,volta,-7.1681247929945
1673.547,-1.0,4.8137273722659295e-08,-0.4199999868869781,4.205694281722572e-08,15,0.060000002384185847,volta,-7.317518509838575
1674.547,-1.0,3.330210418539536e-08,-0.3600000143051147,4.320506974409e-08,15,0.0599999725818634,volta,-7.477528324834964
1675.548,-1.0,2.2644460528908887e-08,-0.300000011920929,4.4176339031309915e-08,15,0.06000000238418568,volta,-7.64503802128744
1676.547,-1.0,1.563286744499237e-08,-0.239999994635582,4.4948613719952846e-08,15,0.06000001728534701,volta,-7.805961354589904
1677.547,-1.0,1.1563539459302772e-08,-0.1800000071525574,4.566545541706546e-08,15,0.0599999874830246,volta,-7.936909213288681
1678.547,-1.0,9.619117058434767e-09,-0.119999997317791,4.642080142502891e-08,15,0.0600000098347664,volta,-8.016864790150116
1679.547,-1.0,9.075415086101657e-09,-0.059999998658895486,4.710490841830506e-08,15,0.05999999865889551,volta,-8.042133502327015
1680.548,-1.0,9.295535008391198e-09,0.0,4.779110085451066e-08,15,0.059999998658895486,volta,-8.031725609172835
1681.548,-1.0,9.928679212123369e-09,0.059999998658895486,4.836058664636766e-08,15,0.059999998658895486,volta,-8.003108520793432
1682.548,-1.0,1.072076560859614e-08,0.119999997317791,4.8849560840835686e-08,15,0.05999999865889551,volta,-7.969774198998116
1683.548,-1.0,1.1608874750379528e-08,0.1800000071525574,4.8915410388872254e-08,15,0.0600000098347664,volta,-7.935209874437528
1684.55,-1.0,1.2643921465382852e-08,0.239999994635582,4.865394842568094e-08,15,0.0599999874830246,volta,-7.89811821033774
1685.548,-1.0,1.382102965408194e-08,0.300000011920929,4.523205987538859e-08,15,0.06000001728534701,volta,-7.859459601214451
1687.014,-1.0,1.550236916614267e-08,0.3600000143051147,4.814314991108404e-08,15,0.06000000238418568,volta,-7.809601925239006
1687.547,-1.0,1.730835386126728e-08,0.4199999868869781,4.784526907997133e-08,15,0.0599999725818634,volta,-7.761744234433287
1688.549,-1.0,1.977522323670655e-08,0.47999998927116394,4.855067814446556e-08,15,0.060000002384185847,volta,-7.703878605179333
1689.546,-1.0,2.2772312036067888e-08,0.5400000214576721,5.001883707222987e-08,15,0.06000003218650818,volta,-7.6425928739289075
1742.547,-1.0,1.405614602845162e-05,-2.4600000381469727,-9.608416462469904e-08,16,0.05999994277954146,volta,-4.852133739630198
1743.565,-1.0,1.395734489051392e-05,-2.400000095367432,-8.475944923702627e-08,16,0.05999994277954057,volta,-4.855197189812349
1745.655,-1.0,1.356142729491694e-05,-2.339999914169312,-7.472831953236891e-08,16,0.06000018119812012,volta,-4.867694600020142
1746.548,-1.0,1.313277425651904e-05,-2.2799999713897714,-6.569066357542397e-08,16,0.05999994277954057,volta,-4.881643520899942
1747.549,-1.0,1.26403328977176e-05,-2.2200000286102286,-5.730557361971478e-08,16,0.05999994277954279,volta,-4.898241488257907
1748.547,-1.0,1.2104713277949488e-05,-2.160000085830688,-4.960346444704555e-08,16,0.05999994277954057,volta,-4.917045493151544
1749.548,-1.0,1.152445020125015e-05,-2.099999904632568,-4.285864818598384e-08,16,0.06000018119812012,volta,-4.938379784398943
1750.615,-1.0,1.090159366867738e-05,-2.039999961853027,-3.547025784200741e-08,16,0.059999942779541016,volta,-4.962510009314367
1751.547,-1.0,1.023585809889482e-05,-1.980000019073486,-2.893422923477829e-08,16,0.059999942779540794,volta,-4.989875743427107
1752.548,-1.0,9.500146916252561e-06,-1.919999957084656,-2.340674498668704e-08,16,0.06000006198883012,volta,-5.02226967845595
1753.565,-1.0,8.790334504737984e-06,-1.8600000143051152,-1.7740118707365582e-08,16,0.059999942779540794,volta,-5.055994598100546
1754.547,-1.0,8.018701919354498e-06,-1.799999952316284,-1.283608686009075e-08,16,0.06000006198883123,volta,-5.095895930330459
1755.546,-1.0,7.214890501927584e-06,-1.7400000095367427,-8.579338128811287e-09,16,0.05999994277954124,volta,-5.141770255668129
1756.547,-1.0,6.406080501619726e-06,-1.679999947547913,-4.5909285262268895e-09,16,0.06000006198882968,volta,-5.1934076081028
1757.546,-1.0,5.598926236416446e-06,-1.620000004768372,-1.211762468145139e-09,16,0.059999942779541016,volta,-5.251895254121077
1758.546,-1.0,4.813499344891169e-06,-1.559999942779541,1.6240239153475498e-09,16,0.06000006198883101,volta,-5.317539082955529
1759.547,-1.0,4.074134722031886e-06,-1.5,4.086399219005443e-09,16,0.059999942779541016,volta,-5.389964614003589
1760.547,-1.0,3.395298563191318e-06,-1.440000057220459,6.243622507895451e-09,16,0.059999942779541016,volta,-5.469122030324466
1761.548,-1.0,2.792872010104475e-06,-1.379999995231628,8.160972342352578e-09,16,0.06000006198883101,volta,-5.553948966403904
1762.549,-1.0,2.26931683755538e-06,-1.320000052452087,9.953248891747535e-09,16,0.059999942779541016,volta,-5.6441048645400365
1763.549,-1.0,1.787015207810327e-06,-1.2599999904632573,1.024160400930896e-08,16,0.06000006198882968,volta,-5.747871751557029
1765.266,-1.0,1.491990019530931e-06,-1.200000047683716,1.476527433652564e-08,16,0.05999994277954124,volta,-5.826234082008887
1765.547,-1.0,1.17206445793272e-06,-1.139999985694885,1.549259387445545e-08,16,0.06000006198883101,volta,-5.931048503544275
1766.615,-1.0,9.25304505017266e-07,-1.080000042915344,1.778086478054774e-08,16,0.059999942779541016,volta,-6.033715323383842
1767.565,-1.0,7.380229476439127e-07,-1.019999980926514,2.0305513714902194e-08,16,0.06000006198883012,volta,-6.1319301342742705
1768.548,-1.0,5.864843046765601e-07,-0.959999978542328,2.2924721676531593e-08,16,0.0600000023841859,volta,-6.231743605856329
1769.548,-1.0,4.6565781985918875e-07,-0.8999999761581422,2.556337186376823e-08,16,0.06000000238418579,volta,-6.331933099477708
1770.548,-1.0,3.682054341425101e-07,-0.8399999737739563,2.8160094700524496e-08,16,0.0600000023841859,volta,-6.433909806270107
1771.548,-1.0,2.88896785605175e-07,-0.7799999713897705,3.065624198939076e-08,16,0.06000000238418579,volta,-6.539257290283533
1772.548,-1.0,2.246124779503589e-07,-0.7200000286102295,3.304357676370273e-08,16,0.059999942779541016,volta,-6.648566120939837
1773.546,-1.0,1.726651248645794e-07,-0.6600000262260437,3.523714653397292e-08,16,0.06000000238418579,volta,-6.762795372961659
1774.547,-1.0,1.3098049578275092e-07,-0.6000000238418579,3.7332831936964794e-08,16,0.06000000238418579,volta,-6.882793370027957
1775.546,-1.0,9.455717986384116e-08,-0.5400000214576721,3.91561876256219e-08,16,0.06000000238418579,volta,-7.0243054889568555
1776.564,-1.0,7.143481894900106e-08,-0.47999998927116394,4.105231710127554e-08,16,0.06000003218650818,volta,-7.146090051648281
1777.547,-1.0,5.106198841531295e-08,-0.4199999868869781,4.252266805337968e-08,16,0.060000002384185847,volta,-7.2919022772524125
1778.548,-1.0,3.557454419933492e-08,-0.3600000143051147,4.3784094572174574e-08,16,0.0599999725818634,volta,-7.448860655628269
1779.548,-1.0,2.4405981235986474e-08,-0.300000011920929,4.476249415574785e-08,16,0.06000000238418568,volta,-7.6125037269622755
1780.549,-1.0,1.692754025839349e-08,-0.239999994635582,4.561699640248663e-08,16,0.06000001728534701,volta,-7.771406144656377
1781.548,-1.0,1.2468635901541352e-08,-0.1800000071525574,4.5933450820712096e-08,16,0.0599999874830246,volta,-7.904181056773124
1782.617,-1.0,8.008968599426679e-09,-0.119999997317791,3.916488822142128e-08,16,0.0600000098347664,volta,-8.096423409061687
1784.799,-1.0,8.658934014249553e-09,-0.059999998658895486,4.350401283659266e-08,16,0.05999999865889551,volta,-8.062535569902355
1785.548,-1.0,9.195018080276895e-09,0.0,4.495372962765032e-08,16,0.059999998658895486,volta,-8.036447412466494
1786.549,-1.0,9.820783297698199e-09,0.059999998658895486,4.613763238126012e-08,16,0.059999998658895486,volta,-8.007853871856499
1787.548,-1.0,1.067864907611238e-08,0.119999997317791,4.692433108743899e-08,16,0.05999999865889551,volta,-7.971483685125726
1788.549,-1.0,1.157242035532136e-08,0.1800000071525574,4.710979339961341e-08,16,0.0600000098347664,volta,-7.93657579947265
1789.566,-1.0,1.283386996675517e-08,0.239999994635582,4.730262759267134e-08,16,0.0599999874830246,volta,-7.891642365310278
1790.546,-1.0,1.397600168928648e-08,0.300000011920929,4.703370493075454e-08,16,0.06000001728534701,volta,-7.854617055531726
1791.546,-1.0,1.554088591149139e-08,0.3600000143051147,4.677504250594211e-08,16,0.06000000238418568,volta,-7.808524227780556
1792.546,-1.0,1.748034961224221e-08,0.4199999868869781,4.7042345130421375e-08,16,0.0599999725818634,volta,-7.757449885594681
1793.546,-1.0,1.992152931507007e-08,0.47999998927116394,4.800388708758874e-08,16,0.060000002384185847,volta,-7.700677325169242
1794.546,-1.0,2.297062984268905e-08,0.5400000214576721,4.96596470611621e-08,16,0.06000003218650818,volta,-7.638827096513543
1848.547,-1.0,1.43342249430134e-05,-2.4600000381469727,-9.579758852851229e-08,17,0.05999994277954146,volta,-4.843625784550242
1849.565,-1.0,1.399184475303628e-05,-2.400000095367432,-8.611675639258465e-08,17,0.05999994277954057,volta,-4.854125022231047
1850.549,-1.0,1.359943144052522e-05,-2.339999914169312,-7.591670936335504e-08,17,0.06000018119812012,volta,-4.866479248056552
1851.548,-1.0,1.3151478015061e-05,-2.2799999713897714,-6.67824906486203e-08,17,0.05999994277954057,volta,-4.881025436701635
1852.547,-1.0,1.26670593090239e-05,-2.2200000286102286,-5.829080507169238e-08,17,0.05999994277954279,volta,-4.8973241960160445
1853.548,-1.0,1.212345341627952e-05,-2.160000085830688,-5.041531281335665e-08,17,0.05999994277954057,volta,-4.916373651951784
1854.548,-1.0,1.1527836250024848e-05,-2.099999904632568,-4.301725553546021e-08,17,0.06000018119812012,volta,-4.938252201192654
1855.548,-1.0,1.091473041014979e-05,-2.039999961853027,-3.612904464489475e-08,17,0.059999942779541016,volta,-4.961986986737274
1856.547,-1.0,1.025940127874492e-05,-1.980000019073486,-2.964285705786551e-08,17,0.059999942779540794,volta,-4.988877983173943
1857.548,-1.0,9.53310609475011e-06,-1.919999957084656,-2.385578135033484e-08,17,0.06000006198883012,volta,-5.020765573650651
1858.564,-1.0,8.828761565382592e-06,-1.8600000143051152,-1.810082217446052e-08,17,0.059999942779540794,volta,-5.054100211829146
1859.548,-1.0,8.054516001720913e-06,-1.799999952316284,-1.312265407449331e-08,17,0.06000006198883123,volta,-5.0939605513462105
1860.548,-1.0,7.257047855091513e-06,-1.7400000095367427,-8.613229240950204e-09,17,0.05999994277954124,volta,-5.1392400130444535
1861.546,-1.0,6.483683591795852e-06,-1.679999947547913,-6.117546469397438e-09,17,0.06000006198882968,volta,-5.188178187174848
1863.272,-1.0,5.692637842003023e-06,-1.620000004768372,-4.3952466666219436e-10,17,0.059999942779541016,volta,-5.244686444543034
1863.565,-1.0,4.864030870521674e-06,-1.559999942779541,1.861524601132203e-09,17,0.06000006198883101,volta,-5.313003677391845
1864.548,-1.0,4.1127345866698315e-06,-1.5,4.244375073625406e-09,17,0.059999942779541016,volta,-5.385869316570087
1865.547,-1.0,3.427214551265934e-06,-1.440000057220459,6.360316273656962e-09,17,0.059999942779541016,volta,-5.4650587069170165
1866.547,-1.0,2.8173672035336486e-06,-1.379999995231628,8.213329572015482e-09,17,0.06000006198883101,volta,-5.550156545248753
1867.549,-1.0,2.289124722665292e-06,-1.320000052452087,9.981047988105727e-09,17,0.059999942779541016,volta,-5.640330544201974
1868.548,-1.0,1.841379344114102e-06,-1.2599999904632573,1.175085362348227e-08,17,0.06000006198882968,volta,-5.734856732905821
1869.547,-1.0,1.4713251630382733e-06,-1.200000047683716,1.357072587637731e-08,17,0.05999994277954124,volta,-5.832291337532389
1870.547,-1.0,1.170937935057736e-06,-1.139999985694885,1.556546713743501e-08,17,0.06000006198883101,volta,-5.931466123865541
1871.547,-1.0,9.265433504879185e-07,-1.080000042915344,1.756608547509586e-08,17,0.059999942779541016,volta,-6.033134256391221
1872.564,-1.0,7.399059427370958e-07,-1.019999980926514,2.020292377835631e-08,17,0.06000006198883012,volta,-6.130823484521048
1873.547,-1.0,5.878766842215555e-07,-0.959999978542328,2.285236178067862e-08,17,0.0600000023841859,volta,-6.230713764023742
1874.547,-1.0,4.668683857289579e-07,-0.8999999761581422,2.5486778909566968e-08,17,0.06000000238418579,volta,-6.330805533583259
1875.547,-1.0,3.6887001897412125e-07,-0.8399999737739563,2.811366428545625e-08,17,0.0600000023841859,volta,-6.4331266419356545
1876.548,-1.0,2.893426369610097e-07,-0.7799999713897705,3.06206580091839e-08,17,0.06000000238418579,volta,-6.538587564856993
1877.548,-1.0,2.2474468153177443e-07,-0.7200000286102295,3.267737724854669e-08,17,0.059999942779541016,volta,-6.648310576830472
1878.613,-1.0,1.726455707284913e-07,-0.6600000262260437,3.523087599432984e-08,17,0.06000000238418579,volta,-6.762844559120784
1879.546,-1.0,1.30826705913023e-07,-0.6000000238418579,3.730611908281389e-08,17,0.06000000238418579,volta,-6.8833035935744835
1880.546,-1.0,8.147277696934907e-08,-0.5400000214576721,3.511825852342554e-08,17,0.06000000238418579,volta,-7.088987480670933
1882.776,-1.0,6.306179756165875e-08,-0.47999998927116394,3.8432585114378526e-08,17,0.06000003218650818,volta,-7.200233653949948
1883.548,-1.0,4.4749011607336804e-08,-0.4199999868869781,4.017169530357023e-08,17,0.060000002384185847,volta,-7.34921655271053
1884.549,-1.0,3.102276480149158e-08,-0.3600000143051147,4.156271415922674e-08,17,0.0599999725818634,volta,-7.5083194997357
1885.549,-1.0,2.127236164994883e-08,-0.300000011920929,4.2685890377924807e-08,17,0.06000000238418568,volta,-7.6721842922032835
1886.548,-1.0,1.490287715455452e-08,-0.239999994635582,4.367563732898816e-08,17,0.06000001728534701,volta,-7.82672987845207
1887.548,-1.0,1.123833648364325e-08,-0.1800000071525574,4.4620037442655296e-08,17,0.0599999874830246,volta,-7.949297968966352
1888.548,-1.0,9.559750324683591e-09,-0.119999997317791,4.554665267164637e-08,17,0.0600000098347664,volta,-8.019553450195465
1889.548,-1.0,9.152818059021682e-09,-0.059999998658895486,4.6420957744430786e-08,17,0.05999999865889551,volta,-8.03844517051767
1890.548,-1.0,9.409654389003206e-09,0.0,4.729496438926617e-08,17,0.059999998658895486,volta,-8.026426327657253
1891.547,-1.0,1.008120786849531e-08,0.059999998658895486,4.799900210628039e-08,17,0.059999998658895486,volta,-7.996487430271872
1892.548,-1.0,1.089135448495426e-08,0.119999997317791,4.853185586739528e-08,17,0.05999999865889551,volta,-7.962918106583815
1893.547,-1.0,1.176633812605132e-08,0.1800000071525574,4.825346522352447e-08,17,0.0600000098347664,volta,-7.929358675567108
1894.614,-1.0,1.280369765765954e-08,0.239999994635582,4.848570966942134e-08,17,0.0599999874830246,volta,-7.892664589695071
1895.547,-1.0,1.41051170743367e-08,0.300000011920929,4.799746378125747e-08,17,0.06000001728534701,volta,-7.850623304792033
1896.546,-1.0,1.56083697078202e-08,0.3600000143051147,4.7525812618687275e-08,17,0.06000000238418568,volta,-7.806642456570699
1897.547,-1.0,1.755882550469323e-08,0.4199999868869781,4.7653831103389166e-08,17,0.0599999725818634,volta,-7.755504537056892
1898.546,-1.0,2.001200982704177e-08,0.47999998927116394,4.850028645364546e-08,17,0.060000002384185847,volta,-7.698709292525138
1899.547,-1.0,2.309627511465351e-08,0.5400000214576721,5.012576664853441e-08,17,0.06000003218650818,volta,-7.636458055934389
1953.548,-1.0,1.44306177389808e-05,-2.4600000381469727,-9.654625898747327e-08,18,0.05999994277954146,volta,-4.840715077438154
1954.565,-1.0,1.410083768860204e-05,-2.400000095367432,-8.651637983803084e-08,18,0.05999994277954057,volta,-4.850755086441715
1955.547,-1.0,1.373264785797801e-05,-2.339999914169312,-7.619333075581379e-08,18,0.06000018119812012,volta,-4.862245716278331
1956.548,-1.0,1.3306557775649708e-05,-2.2799999713897714,-6.68250237367829e-08,18,0.05999994277954057,volta,-4.875934276034285
1957.547,-1.0,1.282803987123771e-05,-2.2200000286102286,-5.869976504868646e-08,18,0.05999994277954279,volta,-4.891839698897042
1958.615,-1.0,1.229395820701029e-05,-2.160000085830688,-5.0241649063309524e-08,18,0.05999994277954057,volta,-4.910308267585396
1959.548,-1.0,1.17944118755986e-05,-2.099999904632568,-4.317028512446087e-08,18,0.06000018119812012,volta,-4.928323710187482
1961.08,-1.0,1.109666754928185e-05,-2.039999961853027,-3.539271276054023e-08,18,0.059999942779541016,volta,-4.954807425019749
1961.548,-1.0,1.040196366375312e-05,-1.980000019073486,-2.932869236360602e-08,18,0.059999942779540794,volta,-4.982884667640506
1962.549,-1.0,9.661263902671635e-06,-1.919999957084656,-2.365062279352514e-08,18,0.06000006198883012,volta,-5.014966054738752
1963.564,-1.0,8.942628483055158e-06,-1.8600000143051152,-1.799675253266741e-08,18,0.059999942779540794,volta,-5.048534811415949
1964.548,-1.0,8.159391654771753e-06,-1.799999952316284,-1.303080310322002e-08,18,0.06000006198883123,volta,-5.0883422200236605
1965.546,-1.0,7.345970516325908e-06,-1.7400000095367427,-8.597409895116924e-09,18,0.05999994277954124,volta,-5.133950819064869
1966.546,-1.0,6.521552677440923e-06,-1.679999947547913,-4.723155644370536e-09,18,0.06000006198882968,volta,-5.185648993383712
1967.546,-1.0,5.701086593035143e-06,-1.620000004768372,-1.2765765111666379e-09,18,0.059999942779541016,volta,-5.244042362505475
1968.546,-1.0,4.904595698462799e-06,-1.559999942779541,1.577651564943494e-09,18,0.06000006198883101,volta,-5.309396787094122
1969.547,-1.0,4.150894710619468e-06,-1.5,4.115963125883582e-09,18,0.059999942779541016,volta,-5.38185828256388
1970.547,-1.0,3.4601330298755775e-06,-1.440000057220459,6.259727403090664e-09,18,0.059999942779541016,volta,-5.46090720379963
1971.548,-1.0,2.845489916580846e-06,-1.379999995231628,8.19236056770478e-09,18,0.06000006198883101,volta,-5.545842949040389
1972.548,-1.0,2.3115264866646608e-06,-1.320000052452087,9.975517301086255e-09,18,0.059999942779541016,volta,-5.63610112582685
1973.548,-1.0,1.858607447502436e-06,-1.2599999904632573,1.12553717457331e-08,18,0.06000006198882968,volta,-5.7308123269499935
1974.613,-1.0,1.484551376051968e-06,-1.200000047683716,1.3569903423160672e-08,18,0.05999994277954124,volta,-5.82840476812534
1975.548,-1.0,1.180676235890132e-06,-1.139999985694885,1.558576911975251e-08,18,0.06000006198883101,volta,-5.9278691779524735
1976.547,-1.0,9.340161000181981e-07,-1.080000042915344,1.757779166666751e-08,18,0.059999942779541016,volta,-6.029645637593463
1977.565,-1.0,7.454403885276407e-07,-1.019999980926514,2.024521883470243e-08,18,0.06000006198883012,volta,-6.127587080539117
1978.547,-1.0,5.59879538286623e-07,-0.959999978542328,2.032988177802508e-08,18,0.0600000023841859,volta,-6.251905404217093
1980.661,-1.0,4.4860814796265913e-07,-0.8999999761581422,2.3868453880027122e-08,18,0.06000000238418579,volta,-6.348132842694455
1981.548,-1.0,3.550912026639708e-07,-0.8399999737739563,2.6806748820717985e-08,18,0.0600000023841859,volta,-6.449660087151554
1982.549,-1.0,2.7916658495996677e-07,-0.7799999713897705,2.957785127932766e-08,18,0.06000000238418579,volta,-6.554136566120418
1983.546,-1.0,2.1714603803957289e-07,-0.7200000286102295,3.211170351846704e-08,18,0.059999942779541016,volta,-6.663248090194214
1984.546,-1.0,1.6674243852321522e-07,-0.6600000262260437,3.446366747539287e-08,18,0.06000000238418579,volta,-6.777953851456998
1985.546,-1.0,1.2634754398277442e-07,-0.6000000238418579,3.666846737360174e-08,18,0.06000000238418579,volta,-6.898433195731367
1986.546,-1.0,9.107383647233293e-08,-0.5400000214576721,3.8553107373218154e-08,18,0.06000000238418579,volta,-7.040606368445895
1987.564,-1.0,6.851355038861584e-08,-0.47999998927116394,4.0468883355515566e-08,18,0.06000003218650818,volta,-7.164223526653254
1988.548,-1.0,4.876739012615872e-08,-0.4199999868869781,4.199740999411006e-08,18,0.060000002384185847,volta,-7.3118704858301395
1989.547,-1.0,3.386674052308081e-08,-0.3600000143051147,4.282162180402338e-08,18,0.0599999725818634,volta,-7.470226599663549
1990.614,-1.0,2.31615668866425e-08,-0.300000011920929,4.419474564087977e-08,18,0.06000000238418568,volta,-7.635232063804515
1991.547,-1.0,1.610831112941469e-08,-0.239999994635582,4.50262795936851e-08,18,0.06000001728534701,volta,-7.792949990656174
1992.547,-1.0,1.198078436459582e-08,-0.1800000071525574,4.5843066232009726e-08,18,0.0599999874830246,volta,-7.921514748385376
1993.547,-1.0,9.957802582505336e-09,-0.119999997317791,4.662545904920989e-08,18,0.0600000098347664,volta,-8.001836488040318
1994.548,-1.0,9.398722689013539e-09,-0.059999998658895486,4.7405492864527326e-08,18,0.05999999865889551,volta,-8.026931164145616
1995.548,-1.0,9.578788429109864e-09,0.0,4.814269516373315e-08,18,0.059999998658895486,volta,-8.018689419087156
1996.548,-1.0,1.0211587131436772e-08,0.059999998658895486,4.877846393469554e-08,18,0.059999998658895486,volta,-7.990906752638206
1997.548,-1.0,1.0907315939334692e-08,0.119999997317791,4.9281204894668924e-08,18,0.05999999865889551,volta,-7.962282106987096
1998.547,-1.0,1.163207308252368e-08,0.1800000071525574,4.570515343971238e-08,18,0.0600000098347664,volta,-7.934342877871123
2000.225,-1.0,1.311302177953166e-08,0.239999994635582,5.031460759141737e-08,18,0.0599999874830246,volta,-7.882297217466612
2000.546,-1.0,1.419540662794816e-08,0.300000011920929,4.9113666023004043e-08,18,0.06000001728534701,volta,-7.847852162578437
2001.549,-1.0,1.571068786176966e-08,0.3600000143051147,4.845536949460438e-08,18,0.06000000238418568,volta,-7.803804799808465
2002.547,-1.0,1.766562540694849e-08,0.4199999868869781,4.8422812426451856e-08,18,0.0599999725818634,volta,-7.752870982855303
2003.546,-1.0,2.01382039932696e-08,0.47999998927116394,4.916695317547237e-08,18,0.060000002384185847,volta,-7.695979264199136
2004.547,-1.0,2.3249757674648208e-08,0.5400000214576721,5.072033459896375e-08,18,0.06000003218650818,volta,-7.633581569273449
2059.016,-1.0,1.456521749787498e-05,-2.4600000381469727,-9.741417272834953e-08,19,0.05999994277954146,volta,-4.836683025803106
2059.565,-1.0,1.42384524224326e-05,-2.400000095367432,-8.713642785096452e-08,19,0.05999994277954057,volta,-4.846537211606608
2060.549,-1.0,1.3859665159543512e-05,-2.339999914169312,-7.666349688406626e-08,19,0.06000018119812012,volta,-4.858247261868453
2061.548,-1.0,1.341713596048066e-05,-2.2799999713897714,-6.724265944058061e-08,19,0.05999994277954057,volta,-4.8723401793462555
2062.547,-1.0,1.29216068671667e-05,-2.2200000286102286,-5.8602978469934897e-08,19,0.05999994277954279,volta,-4.888683476267325
2063.547,-1.0,1.238608365383698e-05,-2.160000085830688,-5.059534302631619e-08,19,0.05999994277954057,volta,-4.907065991153744
2064.547,-1.0,1.1793576959462372e-05,-2.099999904632568,-4.31519282528825e-08,19,0.06000018119812012,volta,-4.9283544546035065
2065.548,-1.0,1.115901432058308e-05,-2.039999961853027,-3.6202038700139376e-08,19,0.059999942779541016,volta,-4.952374165079188
2066.547,-1.0,1.048445665219333e-05,-1.980000019073486,-2.97511100200154e-08,19,0.059999942779540794,volta,-4.979454071547577
2067.548,-1.0,9.734902960190084e-06,-1.919999957084656,-2.3966146400766768e-08,19,0.06000006198883012,volta,-5.011668373272252
2068.564,-1.0,9.013856470119208e-06,-1.8600000143051152,-1.819694084304047e-08,19,0.059999942779540794,volta,-5.045089361589148
2069.547,-1.0,8.220170457207132e-06,-1.799999952316284,-1.3821125577351268e-08,19,0.06000006198883123,volta,-5.085119176637941
2070.613,-1.0,7.403753897960995e-06,-1.7400000095367427,-8.709931442751893e-09,19,0.05999994277954124,volta,-5.130548025701666
2071.546,-1.0,6.575959559995681e-06,-1.679999947547913,-4.7798991431591276e-09,19,0.06000006198882968,volta,-5.182040866229065
2072.546,-1.0,5.748526746174321e-06,-1.620000004768372,-1.3827681222267068e-09,19,0.059999942779541016,volta,-5.240443443656183
2073.547,-1.0,4.946540684613865e-06,-1.559999942779541,1.556003104141723e-09,19,0.06000006198883101,volta,-5.305698414559758
2074.547,-1.0,4.188500497548375e-06,-1.5,4.066276648728716e-09,19,0.059999942779541016,volta,-5.37794142863211
2075.547,-1.0,3.491746156214504e-06,-1.440000057220459,6.268203289749863e-09,19,0.059999942779541016,volta,-5.456957336261555
2076.547,-1.0,2.826724085025489e-06,-1.379999995231628,6.4618110862113545e-09,19,0.06000006198883101,volta,-5.548716580685897
2078.582,-1.0,2.3153638721851166e-06,-1.320000052452087,8.962715014604326e-09,19,0.059999942779541016,volta,-5.635380747512549
2079.547,-1.0,1.8659532088349808e-06,-1.2599999904632573,1.0958230767244e-08,19,0.06000006198882968,volta,-5.729099250942979
2080.55,-1.0,1.492524120294547e-06,-1.200000047683716,1.2996888010263772e-08,19,0.05999994277954124,volta,-5.8260786416215895
2081.547,-1.0,1.188465375889791e-06,-1.139999985694885,1.508793801008323e-08,19,0.06000006198883101,volta,-5.925013466253044
2082.548,-1.0,9.40756422096456e-07,-1.080000042915344,1.719510578368499e-08,19,0.059999942779541016,volta,-6.0265228082762
2083.564,-1.0,7.515365041399492e-07,-1.019999980926514,1.9899893288766176e-08,19,0.06000006198883012,volta,-6.124049919719101
2084.548,-1.0,5.97552286762948e-07,-0.959999978542328,2.2616852390910935e-08,19,0.0600000023841859,volta,-6.223624087268345
2085.548,-1.0,4.7451365503548004e-07,-0.8999999761581422,2.499712792314313e-08,19,0.06000000238418579,volta,-6.323751285404802
2086.614,-1.0,3.7661303053937445e-07,-0.8399999737739563,2.815407462719577e-08,19,0.0600000023841859,volta,-6.424104657783387
2087.548,-1.0,2.94769279207685e-07,-0.7799999713897705,3.056014818980657e-08,19,0.06000000238418579,volta,-6.530517780534158
2088.546,-1.0,2.293789407303848e-07,-0.7200000286102295,3.294159256483908e-08,19,0.059999942779541016,volta,-6.639446457160197
2089.547,-1.0,1.7654883777140642e-07,-0.6600000262260437,3.519119218253763e-08,19,0.06000000238418579,volta,-6.75313513707073
2090.546,-1.0,1.339484470008756e-07,-0.6000000238418579,3.730293585135769e-08,19,0.06000000238418579,volta,-6.873062317239497
2091.546,-1.0,1.0007417472479571e-07,-0.5400000214576721,3.927083014332311e-08,19,0.06000000238418579,volta,-6.999677982676219
2092.547,-1.0,7.101224497318981e-08,-0.47999998927116394,4.0896498632037044e-08,19,0.06000003218650818,volta,-7.148666757396928
2093.564,-1.0,5.232738331528708e-08,-0.4199999868869781,4.252691354622584e-08,19,0.060000002384185847,volta,-7.281270982060353
2094.548,-1.0,3.65211505481966e-08,-0.3600000143051147,4.3745949085405294e-08,19,0.0599999725818634,volta,-7.437455549076894
2095.548,-1.0,2.5089251565191255e-08,-0.300000011920929,4.469306347232305e-08,19,0.06000000238418568,volta,-7.600512293884894
2096.547,-1.0,1.527479831509027e-08,-0.239999994635582,4.275529263964017e-08,19,0.06000001728534701,volta,-7.816024515371604
2098.153,-1.0,1.304390462308902e-08,-0.1800000071525574,4.7154415483419137e-08,19,0.0599999874830246,volta,-7.8845923854117395
2098.547,-1.0,1.06015685119587e-08,-0.119999997317791,4.745449899701271e-08,19,0.0600000098347664,volta,-7.974629875707477
2099.55,-1.0,9.758818642069398e-09,-0.059999998658895486,4.811924725345307e-08,19,0.05999999865889551,volta,-8.010602752854142
2100.548,-1.0,9.812116452678764e-09,0.0,4.877370685107962e-08,19,0.059999998658895486,volta,-8.008237306118355
2101.547,-1.0,1.03501793802252e-08,0.059999998658895486,4.889102100946729e-08,19,0.059999998658895486,volta,-7.9850521233310365
2102.614,-1.0,1.107183678072943e-08,0.119999997317791,4.9749221631145695e-08,19,0.05999999865889551,volta,-7.955780325140843
2103.547,-1.0,1.1943388500412768e-08,0.1800000071525574,4.9822773462437915e-08,19,0.0600000098347664,volta,-7.922872440522054
2104.547,-1.0,1.29790311831357e-08,0.239999994635582,4.949730580960932e-08,19,0.0599999874830246,volta,-7.886757724139749
2105.546,-1.0,1.422390916161476e-08,0.300000011920929,4.888039839556768e-08,19,0.06000001728534701,volta,-7.846981029907004
2106.546,-1.0,1.580295538872178e-08,0.3600000143051147,4.832492095374619e-08,19,0.06000000238418568,volta,-7.801261685894401
2107.547,-1.0,1.774018976163916e-08,0.4199999868869781,4.838761213932231e-08,19,0.0599999725818634,volta,-7.751041738957957
2108.546,-1.0,2.023294065622849e-08,0.47999998927116394,4.9183000783159514e-08,19,0.060000002384185847,volta,-7.693940992268194
2109.547,-1.0,2.3327292097974354e-08,0.5400000214576721,5.075793296782649e-08,19,0.06000003218650818,volta,-7.632135672486273
2163.547,-1.0,1.4999674931459588e-05,-2.4600000381469727,-1.0200273692362321e-07,20,0.05999994277954146,volta,-4.8239181527445245
2164.548,-1.0,1.46510001286515e-05,-2.400000095367432,-8.82282833458703e-08,20,0.05999994277954057,volta,-4.834132727833485
2165.633,-1.0,1.4241957615013228e-05,-2.339999914169312,-7.852933237018078e-08,20,0.06000018119812012,volta,-4.846430311052757
2166.548,-1.0,1.377617081743665e-05,-2.2799999713897714,-6.878622826889114e-08,20,0.05999994277954057,volta,-4.860871480828703
2167.548,-1.0,1.326937672274653e-05,-2.2200000286102286,-5.977143047175559e-08,20,0.05999994277954279,volta,-4.8771494759470935
2168.547,-1.0,1.2695682016783392e-05,-2.160000085830688,-5.1614417628798044e-08,20,0.05999994277954057,volta,-4.896343963701676
2169.548,-1.0,1.20775812320062e-05,-2.099999904632568,-4.392361674376843e-08,20,0.06000018119812012,volta,-4.918020032831846
2170.55,-1.0,1.141514712799108e-05,-2.039999961853027,-3.6691201188432394e-08,20,0.059999942779541016,volta,-4.942518486586109
2171.547,-1.0,1.0707712135626928e-05,-1.980000019073486,-3.002605453161777e-08,20,0.059999942779540794,volta,-4.970303312829635
2172.548,-1.0,9.933540241036097e-06,-1.919999957084656,-2.406876120630841e-08,20,0.06000006198883012,volta,-5.002895944542294
2173.565,-1.0,9.1848833108088e-06,-1.8600000143051152,-1.809230987248611e-08,20,0.059999942779540794,volta,-5.03692635680986
2174.548,-1.0,8.504062861902638e-06,-1.799999952316284,-1.382094616531049e-08,20,0.06000006198883123,volta,-5.070373538174725
2176.546,-1.0,7.647848178748973e-06,-1.7400000095367427,-8.831953834942396e-09,20,0.05999994277954124,volta,-5.1164607420428885
2177.548,-1.0,6.773855602659752e-06,-1.679999947547913,-4.708957668242418e-09,20,0.06000006198882968,volta,-5.169164065387944
2178.55,-1.0,5.909824267291697e-06,-1.620000004768372,-1.0699630070831739e-09,20,0.059999942779541016,volta,-5.228425432973263
2179.547,-1.0,5.070500264992006e-06,-1.559999942779541,1.835095853053303e-09,20,0.06000006198883101,volta,-5.294949190251001
2180.55,-1.0,4.283472208044258e-06,-1.5,3.799331071974165e-09,20,0.059999942779541016,volta,-5.3682040465364915
2181.614,-1.0,3.564717644621851e-06,-1.440000057220459,6.657302265011821e-09,20,0.059999942779541016,volta,-5.447974864196131
2182.547,-1.0,2.9243683457025327e-06,-1.379999995231628,8.559394082396919e-09,20,0.06000006198883101,volta,-5.533967925684461
2183.549,-1.0,2.3723423510091375e-06,-1.320000052452087,1.040557595644032e-08,20,0.059999942779541016,volta,-5.624822638062585
2184.548,-1.0,1.9051217350352088e-06,-1.2599999904632573,1.218076928211076e-08,20,0.06000006198882968,volta,-5.720077268195774
2185.548,-1.0,1.519261559224105e-06,-1.200000047683716,1.403294813684397e-08,20,0.05999994277954124,volta,-5.818367450660655
2186.548,-1.0,1.207449372486735e-06,-1.139999985694885,1.608270494557473e-08,20,0.06000006198883101,volta,-5.918131069860585
2187.548,-1.0,9.54862343860441e-07,-1.080000042915344,1.813821803864357e-08,20,0.059999942779541016,volta,-6.020059233244404
2188.565,-1.0,7.618042445756148e-07,-1.019999980926514,2.0902085395846367e-08,20,0.06000006198883012,volta,-6.1181566118921475
2189.548,-1.0,6.051650984773005e-07,-0.959999978542328,2.36491555227758e-08,20,0.0600000023841859,volta,-6.218126126874559
2190.547,-1.0,4.798824875251739e-07,-0.8999999761581422,2.6397753316587114e-08,20,0.06000000238418579,volta,-6.3188650985984305
2191.548,-1.0,3.790992479935085e-07,-0.8399999737739563,2.910798890809474e-08,20,0.0600000023841859,volta,-6.4212470770681405
2192.548,-1.0,2.975062045607046e-07,-0.7799999713897705,3.168075224380118e-08,20,0.06000000238418579,volta,-6.5265039725291185
2193.546,-1.0,2.310265330152106e-07,-0.7200000286102295,3.410269044934466e-08,20,0.059999942779541016,volta,-6.636338139240488
2194.546,-1.0,1.6746234621223274e-07,-0.6600000262260437,3.414863414263891e-08,20,0.06000000238418579,volta,-6.776082828451456
2196.199,-1.0,1.360172063868959e-07,-0.6000000238418579,3.943451787336016e-08,20,0.06000000238418579,volta,-6.866406149231163
2196.546,-1.0,1.0134041161791171e-07,-0.5400000214576721,4.056961699916428e-08,20,0.06000000238418579,volta,-6.994217336052603
2197.655,-1.0,7.181215266882646e-08,-0.47999998927116394,4.243626605671125e-08,20,0.06000003218650818,volta,-7.143802054498562
2198.565,-1.0,5.2899505220693754e-08,-0.4199999868869781,4.397668718070236e-08,20,0.060000002384185847,volta,-7.276548389986125
2199.551,-1.0,3.696799311114773e-08,-0.3600000143051147,4.518522089824728e-08,20,0.0599999725818634,volta,-7.432174125418555
2200.551,-1.0,2.5487947752367287e-08,-0.300000011920929,4.6161687805579283e-08,20,0.06000000238418568,volta,-7.593665131800392
2201.549,-1.0,1.780737690637579e-08,-0.239999994635582,4.6996952107747354e-08,20,0.06000001728534701,volta,-7.749400049036827
2202.549,-1.0,1.317899211983331e-08,-0.1800000071525574,4.779973039603647e-08,20,0.0599999874830246,volta,-7.88011780169435
2203.55,-1.0,1.0822642337871e-08,-0.119999997317791,4.863492364393096e-08,20,0.0600000098347664,volta,-7.965666693697256
2204.548,-1.0,9.987723537108194e-09,-0.059999998658895486,4.943332854168148e-08,20,0.05999999865889551,volta,-8.000533487543166
2205.548,-1.0,1.000264937545126e-08,0.0,5.016686799308445e-08,20,0.059999998658895486,volta,-7.999884954325389
2206.548,-1.0,1.050640374700151e-08,0.059999998658895486,5.0810694318670364e-08,20,0.059999998658895486,volta,-7.9785459138579
2207.548,-1.0,1.1233675323296672e-08,0.119999997317791,5.124433144487738e-08,20,0.05999999865889551,volta,-7.949478132297006
2208.547,-1.0,1.212705402764414e-08,0.1800000071525574,5.13640188160025e-08,20,0.0600000098347664,volta,-7.916244687585802
2209.548,-1.0,1.317609577000667e-08,0.239999994635582,5.1077641671781755e-08,20,0.0599999874830246,volta,-7.88021325717207
2210.547,-1.0,1.4475655341072981e-08,0.300000011920929,5.046570450417676e-08,20,0.06000001728534701,volta,-7.839361765799544
2211.546,-1.0,1.607811483950172e-08,0.3600000143051147,4.981450985042102e-08,20,0.06000000238418568,volta,-7.793764873671972
2212.546,-1.0,1.8134320711737928e-08,0.4199999868869781,4.926725694076595e-08,20,0.0599999725818634,volta,-7.741498707889951
2213.613,-1.0,2.087354644686457e-08,0.47999998927116394,4.533547226515111e-08,20,0.060000002384185847,volta,-7.680403757381365
2215.788,-1.0,2.427685252825995e-08,0.5400000214576721,4.935300523811748e-08,20,0.06000003218650818,volta,-7.614807619829705
2268.548,-1.0,1.5135287867451552e-05,-2.4600000381469727,-1.030749103847484e-07,21,0.05999994277954146,volta,-4.8200093145120455
2269.548,-1.0,1.477762452850584e-05,-2.400000095367432,-8.86570319380553e-08,21,0.05999994277954057,volta,-4.830395372238588
2270.564,-1.0,1.435258309356868e-05,-2.339999914169312,-7.955640768386729e-08,21,0.06000018119812012,volta,-4.84306993012668
2271.548,-1.0,1.386965504934778e-05,-2.2799999713897714,-6.974160982053945e-08,21,0.05999994277954057,volta,-4.857934340082283
2272.547,-1.0,1.347383204119978e-05,-2.2200000286102286,-6.121540252479463e-08,21,0.05999994277954279,volta,-4.870508870671538
2274.491,-1.0,1.2884806892543572e-05,-2.160000085830688,-5.254752721839395e-08,21,0.05999994277954057,volta,-4.889922085931951
2275.547,-1.0,1.225134110427462e-05,-2.099999904632568,-4.454168234246936e-08,21,0.06000018119812012,volta,-4.91181636825401
2276.548,-1.0,1.157849965238711e-05,-2.039999961853027,-3.77456430555867e-08,21,0.059999942779541016,volta,-4.936347713052817
2277.614,-1.0,1.086741667677416e-05,-1.980000019073486,-3.021686012516511e-08,21,0.059999942779540794,volta,-4.963873680969739
2278.547,-1.0,1.011561107588932e-05,-1.919999957084656,-2.3825812434097322e-08,21,0.06000006198883012,volta,-4.995007876722075
2279.547,-1.0,9.296319149143528e-06,-1.8600000143051152,-1.8270958079824602e-08,21,0.059999942779540794,volta,-5.031688975064253
2280.564,-1.0,8.506541234964969e-06,-1.799999952316284,-1.273154026648626e-08,21,0.06000006198883123,volta,-5.070246988435921
2281.546,-1.0,7.652244676137343e-06,-1.7400000095367427,-8.14429501616587e-09,21,0.05999994277954124,volta,-5.116211152105607
2282.546,-1.0,6.785363893868634e-06,-1.679999947547913,-4.149580234980021e-09,21,0.06000006198882968,volta,-5.168426856499253
2283.546,-1.0,5.9205922298133365e-06,-1.620000004768372,-5.897521915265712e-10,21,0.059999942779541016,volta,-5.22763484914267
2284.546,-1.0,5.0792382353392895e-06,-1.559999942779541,2.1716117792891505e-09,21,0.06000006198883101,volta,-5.29420141665225
2285.548,-1.0,4.291696313885041e-06,-1.5,4.711222523212655e-09,21,0.059999942779541016,volta,-5.367371016871552
2286.547,-1.0,3.568745796656003e-06,-1.440000057220459,6.844556477147988e-09,21,0.059999942779541016,volta,-5.447484385930967
2287.548,-1.0,2.928844651250984e-06,-1.379999995231628,8.781230853571742e-09,21,0.06000006198883101,volta,-5.53330366310628
2288.548,-1.0,2.375872099946719e-06,-1.320000052452087,1.057355447642294e-08,21,0.059999942779541016,volta,-5.624176942387164
2289.547,-1.0,1.908777903736336e-06,-1.2599999904632573,1.23434782395293e-08,21,0.06000006198882968,volta,-5.719244601094586
2290.548,-1.0,1.522617253613134e-06,-1.200000047683716,1.422438611342614e-08,21,0.05999994277954124,volta,-5.8174092532853034
2291.548,-1.0,1.210384311889356e-06,-1.139999985694885,1.62860995800429e-08,21,0.06000006198883101,volta,-5.917076713953837
2292.548,-1.0,9.290769185099634e-07,-1.080000042915344,1.675428151770575e-08,21,0.059999942779541016,volta,-6.031948329169351
2294.161,-1.0,7.699065349697775e-07,-1.019999980926514,2.183901059993332e-08,21,0.06000006198883012,volta,-6.113561994062101
2294.548,-1.0,6.09276867180597e-07,-0.959999978542328,2.425720779797302e-08,21,0.0600000023841859,volta,-6.215185310709496
2295.55,-1.0,4.830019406654174e-07,-0.8999999761581422,2.691982992075737e-08,21,0.06000000238418579,volta,-6.316051124282465
2296.548,-1.0,3.8125813262013253e-07,-0.8399999737739563,2.956467959336351e-08,21,0.0600000023841859,volta,-6.4187808836074485
2297.548,-1.0,2.986825791140291e-07,-0.7799999713897705,3.211146548665056e-08,21,0.06000000238418579,volta,-6.52479010720934
2298.546,-1.0,2.3175549301868162e-07,-0.7200000286102295,3.449860841442387e-08,21,0.059999942779541016,volta,-6.634969963507388
2299.546,-1.0,1.777666795987898e-07,-0.6600000262260437,3.672928983178281e-08,21,0.06000000238418579,volta,-6.750149639442845
2300.546,-1.0,1.345403148889091e-07,-0.6000000238418579,3.882912480435152e-08,21,0.06000000238418579,volta,-6.871147560194501
2301.546,-1.0,1.001013529844386e-07,-0.5400000214576721,4.0777504040079287e-08,21,0.06000000238418579,volta,-6.999560052493661
2302.547,-1.0,7.077706243308057e-08,-0.47999998927116394,4.238766493358526e-08,21,0.06000003218650818,volta,-7.150107466501811
2303.564,-1.0,5.196156394049467e-08,-0.4199999868869781,4.405690390285599e-08,21,0.060000002384185847,volta,-7.284317785995752
2304.548,-1.0,3.6134682801503e-08,-0.3600000143051147,4.528204300413563e-08,21,0.0599999725818634,volta,-7.442075753265376
2305.548,-1.0,2.478052429921718e-08,-0.300000011920929,4.627345973062802e-08,21,0.06000000238418568,volta,-7.605889509184812
2306.548,-1.0,1.730877130512454e-08,-0.239999994635582,4.713890433549751e-08,21,0.06000001728534701,volta,-7.761733760220721
2307.547,-1.0,1.2785362990541668e-08,-0.1800000071525574,4.800357800149868e-08,21,0.0599999874830246,volta,-7.893286937363782
2308.548,-1.0,1.0560608387777388e-08,-0.119999997317791,4.839086642505208e-08,21,0.0600000098347664,volta,-7.97631106174125
2309.614,-1.0,9.807622269875081e-09,-0.059999998658895486,4.9625636933114954e-08,21,0.05999999865889551,volta,-8.008436268892941
2310.548,-1.0,9.90178605775327e-09,0.0,5.035233385797255e-08,21,0.059999998658895486,volta,-8.00428646145646
2311.548,-1.0,9.943664558420549e-09,0.059999998658895486,4.5615387023190124e-08,21,0.059999998658895486,volta,-8.002453534696675
2313.658,-1.0,1.0981500153661732e-08,0.119999997317791,4.742050307982026e-08,21,0.05999999865889551,volta,-7.9593383280139
2314.548,-1.0,1.197776811068252e-08,0.1800000071525574,4.787314011878152e-08,21,0.0600000098347664,volta,-7.921624099101688
2315.55,-1.0,1.312897257577106e-08,0.239999994635582,4.790879515326196e-08,21,0.0599999874830246,volta,-7.881769258840597
2316.546,-1.0,1.449865116853744e-08,0.300000011920929,4.7600497765643006e-08,21,0.06000001728534701,volta,-7.838672398958738
2317.546,-1.0,1.619551248666085e-08,0.3600000143051147,4.750750193238673e-08,21,0.06000000238418568,volta,-7.790605304732696
2318.546,-1.0,1.83205965953448e-08,0.4199999868869781,4.800510566838057e-08,21,0.0599999725818634,volta,-7.737060387990905
2319.547,-1.0,2.101144858102089e-08,0.47999998927116394,4.92601408552673e-08,21,0.060000002384185847,volta,-7.677544005230542
2320.547,-1.0,2.434748402890818e-08,0.5400000214576721,5.124474711237781e-08,21,0.06000003218650818,volta,-7.613545910376084
2373.614,-1.0,1.528917528048623e-05,-2.4600000381469727,-1.0361313940165931e-07,22,0.05999994277954146,volta,-4.815615940408079
2374.547,-1.0,1.494649586675223e-05,-2.400000095367432,-8.88660096620697e-08,22,0.05999994277954057,volta,-4.825460613634651
2375.566,-1.0,1.45439862535568e-05,-2.339999914169312,-7.931851087050745e-08,22,0.06000018119812012,volta,-4.837316544601154
2376.547,-1.0,1.4079975699132772e-05,-2.2799999713897714,-6.932381779733987e-08,22,0.05999994277954057,volta,-4.851398094749421
2377.547,-1.0,1.354985215584747e-05,-2.2200000286102286,-6.031955734897565e-08,22,0.05999994277954279,volta,-4.868065443405805
2378.548,-1.0,1.295962283620611e-05,-2.160000085830688,-5.201852459890688e-08,22,0.05999994277954057,volta,-4.887407637550146
2379.547,-1.0,1.232696740771644e-05,-2.099999904632568,-4.423995036972883e-08,22,0.06000018119812012,volta,-4.909143752283868
2380.548,-1.0,1.164729565061862e-05,-2.039999961853027,-3.698831818610415e-08,22,0.059999942779541016,volta,-4.93377490041932
2381.548,-1.0,1.09284874270088e-05,-1.980000019073486,-3.023482619823881e-08,22,0.059999942779540794,volta,-4.961439943042173
2382.548,-1.0,1.013528071780456e-05,-1.919999957084656,-2.4306702428589233e-08,22,0.06000006198883012,volta,-4.99416421811008
2383.566,-1.0,9.341462828160728e-06,-1.8600000143051152,-1.849532083042504e-08,22,0.059999942779540794,volta,-5.029585110016881
2384.565,-1.0,8.544275260646828e-06,-1.799999952316284,-1.2977290353433092e-08,22,0.06000006198883123,volta,-5.068324768946795
2385.546,-1.0,7.681445822527166e-06,-1.7400000095367427,-8.394241746145779e-09,22,0.05999994277954124,volta,-5.114557028191413
2386.546,-1.0,6.810240392951528e-06,-1.679999947547913,-4.386877971995772e-09,22,0.06000006198882968,volta,-5.166837557765674
2387.546,-1.0,5.9418389355414555e-06,-1.620000004768372,-8.304357757005219e-10,22,0.059999942779541016,volta,-5.226079124722463
2388.546,-1.0,5.097560915601207e-06,-1.559999942779541,1.3548017152587018e-09,22,0.06000006198883101,volta,-5.292637575721201
2389.614,-1.0,4.307617018639576e-06,-1.5,4.561686584025892e-09,22,0.059999942779541016,volta,-5.3657629158859335
2390.547,-1.0,3.566597570170416e-06,-1.440000057220459,5.930066215853457e-09,22,0.059999942779541016,volta,-5.447745890637551
2391.964,-1.0,2.971860112666036e-06,-1.379999995231628,9.339022888354975e-09,22,0.06000006198883101,volta,-5.526971636946129
2392.548,-1.0,2.394835973973386e-06,-1.320000052452087,1.068284483096704e-08,22,0.059999942779541016,volta,-5.620724226732804
2393.55,-1.0,1.9211936432839134e-06,-1.2599999904632573,1.244117076026896e-08,22,0.06000006198882968,volta,-5.71642885899502
2394.547,-1.0,1.531071575300302e-06,-1.200000047683716,1.428648221946105e-08,22,0.05999994277954124,volta,-5.815004506211362
2395.547,-1.0,1.2156366437920947e-06,-1.139999985694885,1.633042145954278e-08,22,0.06000006198883101,volta,-5.915196217150137
2396.547,-1.0,9.603961643733783e-07,-1.080000042915344,1.838979812873731e-08,22,0.059999942779541016,volta,-6.01754958309523
2397.565,-1.0,7.654375053789408e-07,-1.019999980926514,2.116435737775646e-08,22,0.06000006198883012,volta,-6.116090261761304
2398.548,-1.0,6.073895519875805e-07,-0.959999978542328,2.39270452340179e-08,22,0.0600000023841859,volta,-6.216532682870777
2399.548,-1.0,4.81081485759205e-07,-0.8999999761581422,2.669336751637275e-08,22,0.06000000238418579,volta,-6.31778135643631
2400.547,-1.0,3.7917124018349574e-07,-0.8399999737739563,2.9380942123680136e-08,22,0.0600000023841859,volta,-6.421164610952334
2401.548,-1.0,2.966804402149137e-07,-0.7799999713897705,3.1940494693571964e-08,22,0.06000000238418579,volta,-6.527711085252915
2402.548,-1.0,2.299823762541564e-07,-0.7200000286102295,3.436154116798207e-08,22,0.059999942779541016,volta,-6.638305443064255
2403.546,-1.0,1.762113583936298e-07,-0.6600000262260437,3.660608527411569e-08,22,0.06000000238418579,volta,-6.753966100868983
2404.546,-1.0,1.331983838781525e-07,-0.6000000238418579,3.836077411278893e-08,22,0.06000000238418579,volta,-6.875501044513003
2405.612,-1.0,9.595329686362673e-08,-0.5400000214576721,4.05588878038543e-08,22,0.06000000238418579,volta,-7.0179400987285865
2406.563,-1.0,7.212909736153961e-08,-0.47999998927116394,4.242693307787704e-08,22,0.06000003218650818,volta,-7.141889502627005
2407.547,-1.0,5.1320409255595216e-08,-0.4199999868869781,4.390754781979922e-08,22,0.060000002384185847,volta,-7.2897098889935625
2408.547,-1.0,3.561767414339556e-08,-0.3600000143051147,4.507681339305236e-08,22,0.0599999725818634,volta,-7.448334443650669
2409.548,-1.0,1.978081520803698e-08,-0.300000011920929,4.160735755931455e-08,22,0.06000000238418568,volta,-7.703755814202105
2411.549,-1.0,1.413624328705509e-08,-0.239999994635582,4.324454039306147e-08,22,0.06000001728534701,volta,-7.849665989158031
2412.547,-1.0,1.100150370803021e-08,-0.1800000071525574,4.4557321388083444e-08,22,0.0599999874830246,volta,-7.958547950526536
2413.549,-1.0,9.64362634192639e-09,-0.119999997317791,4.579454682129835e-08,22,0.0600000098347664,volta,-8.015759625418527
2414.547,-1.0,9.441709636348604e-09,-0.059999998658895486,4.6876060366685124e-08,22,0.05999999865889551,volta,-8.02494935968432
2415.548,-1.0,9.822762159217291e-09,0.0,4.788780216813393e-08,22,0.059999998658895486,volta,-8.007766371497361
2416.547,-1.0,1.050227904642043e-08,0.059999998658895486,4.867952085874094e-08,22,0.059999998658895486,volta,-7.978716446655458
2417.548,-1.0,1.1335730576433892e-08,0.119999997317791,4.920214635717457e-08,22,0.05999999865889551,volta,-7.945550484792932
2418.547,-1.0,1.228404045150455e-08,0.1800000071525574,4.926621954837174e-08,22,0.0600000098347664,volta,-7.910658762089252
2419.548,-1.0,1.339917155007697e-08,0.239999994635582,4.891597171763351e-08,22,0.0599999874830246,volta,-7.872922052557024
2420.548,-1.0,1.4756703414775528e-08,0.300000011920929,4.788129359667437e-08,22,0.06000001728534701,volta,-7.831010651230919
2421.613,-1.0,1.643488367619739e-08,0.3600000143051147,4.809830400631654e-08,22,0.06000000238418568,volta,-7.784233365446937
2422.547,-1.0,1.859213050181552e-08,0.4199999868869781,4.852421398027218e-08,22,0.0599999725818634,volta,-7.7306708408808
2423.546,-1.0,2.130479792583628e-08,0.47999998927116394,4.970655353986331e-08,22,0.060000002384185847,volta,-7.671522580689552
2424.547,-1.0,2.4670827158956847e-08,0.5400000214576721,5.168501360230948e-08,22,0.06000003218650818,volta,-7.607816289320623
2477.547,-1.0,1.532944406790193e-05,-2.4600000381469727,-1.03937388473696e-07,23,0.05999994277954146,volta,-4.814473594827321
2478.548,-1.0,1.4994048797234432e-05,-2.400000095367432,-8.938276607750595e-08,23,0.05999994277954057,volta,-4.824081080102207
2479.564,-1.0,1.4577757610823028e-05,-2.339999914169312,-8.012849406213718e-08,23,0.06000018119812012,volta,-4.8363092752047825
2480.549,-1.0,1.410851473337971e-05,-2.2799999713897714,-7.01339502029441e-08,23,0.05999994277954057,volta,-4.850518703967087
2481.549,-1.0,1.358405279461294e-05,-2.2200000286102286,-6.098039051494197e-08,23,0.05999994277954279,volta,-4.866970639205208
2482.547,-1.0,1.3004851098230568e-05,-2.160000085830688,-5.2531493821561526e-08,23,0.05999994277954057,volta,-4.8858946159853724
2483.547,-1.0,1.236759362654993e-05,-2.099999904632568,-4.465488245841698e-08,23,0.06000018119812012,volta,-4.907714793206345
2484.548,-1.0,1.169610004581045e-05,-2.039999961853027,-3.7960731447128644e-08,23,0.059999942779541016,volta,-4.93195892551296
2485.614,-1.0,1.098167831514729e-05,-1.980000019073486,-3.046868002343217e-08,23,0.059999942779540794,volta,-4.959331282171226
2486.547,-1.0,1.0222112905466932e-05,-1.919999957084656,-2.415109889852829e-08,23,0.06000006198883012,volta,-4.990459326476999
2487.548,-1.0,9.387819773110095e-06,-1.8600000143051152,-1.861356579979656e-08,23,0.059999942779540794,volta,-5.027435256556945
2488.564,-1.0,8.645046364108566e-06,-1.799999952316284,-1.365870261338387e-08,23,0.06000006198883123,volta,-5.063232673226089
2490.04,-1.0,7.761734195810277e-06,-1.7400000095367427,-7.792532841222053e-09,23,0.05999994277954124,volta,-5.110041233957437
2490.547,-1.0,6.841904905741103e-06,-1.679999947547913,-4.28745750014059e-09,23,0.06000006198882968,volta,-5.164822966280582
2491.549,-1.0,5.9672856878023595e-06,-1.620000004768372,-7.238030730327693e-10,23,0.059999942779541016,volta,-5.224223169518726
2492.547,-1.0,5.125422376295319e-06,-1.559999942779541,2.141487653872787e-09,23,0.06000006198883101,volta,-5.290270339416434
2493.546,-1.0,4.325667305238312e-06,-1.5,4.632318084674124e-09,23,0.059999942779541016,volta,-5.363946885973074
2494.548,-1.0,3.599151341404649e-06,-1.440000057220459,6.8331003078014865e-09,23,0.059999942779541016,volta,-5.443799891231216
2495.547,-1.0,2.9515015285142e-06,-1.379999995231628,8.760631331483635e-09,23,0.06000006198883101,volta,-5.529956987531687
2496.548,-1.0,2.393391014265944e-06,-1.320000052452087,1.057966958484258e-08,23,0.059999942779541016,volta,-5.62098634381627
2497.547,-1.0,1.921591774589615e-06,-1.2599999904632573,1.236581859132002e-08,23,0.06000006198882968,volta,-5.716338868943036
2498.548,-1.0,1.531550879008137e-06,-1.200000047683716,1.425938656041126e-08,23,0.05999994277954124,volta,-5.814868571103282
2499.548,-1.0,1.216433020090335e-06,-1.139999985694885,1.635713609005052e-08,23,0.06000006198883101,volta,-5.914911799438472
2500.548,-1.0,9.547391073283507e-07,-1.080000042915344,1.808810168313357e-08,23,0.059999942779541016,volta,-6.020115287816312
2501.633,-1.0,7.661735708097696e-07,-1.019999980926514,2.127679543661998e-08,23,0.06000006198883012,volta,-6.115672833101367
2502.548,-1.0,6.080579737499647e-07,-0.959999978542328,2.4056207692524367e-08,23,0.0600000023841859,volta,-6.2160550120440154
2503.547,-1.0,4.81641791338916e-07,-0.8999999761581422,2.682842037415867e-08,23,0.06000000238418579,volta,-6.317275837031697
2504.548,-1.0,3.798117518272193e-07,-0.8399999737739563,2.953981237396874e-08,23,0.0600000023841859,volta,-6.420431601803439
2505.548,-1.0,2.9730463779742427e-07,-0.7799999713897705,3.211160759519771e-08,23,0.06000000238418579,volta,-6.526798315974613
2506.548,-1.0,2.3035799756598863e-07,-0.7200000286102295,3.452160513006675e-08,23,0.059999942779541016,volta,-6.637596705319337
2507.548,-1.0,1.601460013489486e-07,-0.6600000262260437,3.319825125913667e-08,23,0.06000000238418579,volta,-6.795483900670261
2509.653,-1.0,1.2240374758221153e-07,-0.6000000238418579,3.641660129005687e-08,23,0.06000000238418579,volta,-6.9122052853819635
2510.546,-1.0,8.802788187267652e-08,-0.5400000214576721,3.858519903587876e-08,23,0.06000000238418579,volta,-7.055379748013944
2511.565,-1.0,6.60713936895263e-08,-0.47999998927116394,4.070921022503171e-08,23,0.06000003218650818,volta,-7.179986532221696
2512.548,-1.0,4.6852601798264e-08,-0.4199999868869781,4.231850070368637e-08,23,0.060000002384185847,volta,-7.3292662870546526
2513.548,-1.0,3.218628208401242e-08,-0.3600000143051147,4.36123848146508e-08,23,0.0599999725818634,volta,-7.492329186832599
2514.548,-1.0,2.190513548327999e-08,-0.300000011920929,4.45819630101596e-08,23,0.06000000238418568,volta,-7.6594540563657905
2515.548,-1.0,1.523873827125044e-08,-0.239999994635582,4.559582578167465e-08,23,0.06000001728534701,volta,-7.817050989985781
2516.547,-1.0,1.155818729614566e-08,-0.1800000071525574,4.604103764904721e-08,23,0.0599999874830246,volta,-7.937110272231335
2517.617,-1.0,9.954225888009203e-09,-0.119999997317791,4.746092585605766e-08,23,0.0600000098347664,volta,-8.001992508176803
2518.547,-1.0,9.623956742643712e-09,-0.059999998658895486,4.832123678966127e-08,23,0.05999999865889551,volta,-8.016646337712409
2519.549,-1.0,9.953391888473105e-09,0.0,4.915071727396025e-08,23,0.059999998658895486,volta,-8.002028896397707
2520.548,-1.0,1.061507504118708e-08,0.059999998658895486,4.9851191619154633e-08,23,0.059999998658895486,volta,-7.974076931327632
2521.547,-1.0,1.143871575237654e-08,0.119999997317791,5.024222105021181e-08,23,0.05999999865889551,volta,-7.941622731921009
2522.548,-1.0,1.238957647586858e-08,0.1800000071525574,5.02890458164984e-08,23,0.0600000098347664,volta,-7.906943539252426
2523.547,-1.0,1.348882960883202e-08,0.239999994635582,4.980193324399806e-08,23,0.0599999874830246,volta,-7.870025731312305
2524.548,-1.0,1.4869332431999281e-08,0.300000011920929,4.927446894953391e-08,23,0.06000001728534701,volta,-7.827708528963385
2525.547,-1.0,1.659693715794219e-08,0.3600000143051147,4.888335425334844e-08,23,0.06000000238418568,volta,-7.779972050401759
2526.546,-1.0,1.876687960589152e-08,0.4199999868869781,4.916204332516827e-08,23,0.0599999725818634,volta,-7.726607932098919
2527.547,-1.0,2.154662581688171e-08,0.47999998927116394,4.729663061198153e-08,23,0.060000002384185847,volta,-7.666620730321929
2529.235,-1.0,2.5019692984074033e-08,0.5400000214576721,5.355023091624389e-08,23,0.06000003218650818,volta,-7.601718023824876
2582.547,-1.0,1.54979461512994e-05,-2.4600000381469727,-1.041868955553582e-07,24,0.05999994277954146,volta,-4.809725852427047
2583.547,-1.0,1.514674386271508e-05,-2.400000095367432,-8.949287177983933e-08,24,0.05999994277954057,volta,-4.81968071861007
2584.565,-1.0,1.473714110034052e-05,-2.339999914169312,-8.00796868816178e-08,24,0.06000018119812012,volta,-4.831586758320238
2585.548,-1.0,1.426992366759805e-05,-2.2799999713897714,-7.000367929776985e-08,24,0.05999994277954057,volta,-4.845578349998852
2586.548,-1.0,1.384929419145919e-05,-2.2200000286102286,-6.116764694752419e-08,24,0.05999994277954279,volta,-4.858572359203526
2588.232,-1.0,1.316697580477921e-05,-2.160000085830688,-5.161673044540294e-08,24,0.05999994277954057,volta,-4.880513962480517
2588.547,-1.0,1.248933040187694e-05,-2.099999904632568,-4.4522561637450047e-08,24,0.06000018119812012,volta,-4.903460845097865
2589.549,-1.0,1.180442541226512e-05,-2.039999961853027,-3.724827735140934e-08,24,0.059999942779541016,volta,-4.927955147624288
2590.548,-1.0,1.10832570499042e-05,-1.980000019073486,-3.0438840781243925e-08,24,0.059999942779540794,volta,-4.955332594216149
2591.548,-1.0,1.032670752465492e-05,-1.919999957084656,-2.405370480573765e-08,24,0.06000006198883012,volta,-4.986038122991401
2592.548,-1.0,9.495315680396745e-06,-1.8600000143051152,-1.8593157236068688e-08,24,0.059999942779540794,volta,-5.0224905921723195
2593.564,-1.0,8.68565166456392e-06,-1.799999952316284,-1.2989270992136432e-08,24,0.06000006198883123,volta,-5.0611975918735395
2594.548,-1.0,7.811699106241576e-06,-1.7400000095367427,-8.251261895964035e-09,24,0.05999994277954124,volta,-5.107254493368773
2595.548,-1.0,6.9242082645359915e-06,-1.679999947547913,-5.057895435811587e-09,24,0.06000006198882968,volta,-5.159629878003677
2596.614,-1.0,6.040213975211373e-06,-1.620000004768372,-6.463169999193497e-10,24,0.059999942779541016,volta,-5.218947676178943
2597.547,-1.0,5.185481313674245e-06,-1.559999942779541,2.1809816175277766e-09,24,0.06000006198883101,volta,-5.28521092641643
2598.546,-1.0,4.377137429401046e-06,-1.5,4.738986536523271e-09,24,0.059999942779541016,volta,-5.3588098175875825
2599.547,-1.0,3.6402868772711368e-06,-1.440000057220459,6.964206988868681e-09,24,0.059999942779541016,volta,-5.438864389893113
2600.547,-1.0,2.984141019624076e-06,-1.379999995231628,8.864379452688807e-09,24,0.06000006198883101,volta,-5.5251806575407
2601.548,-1.0,2.417203177174088e-06,-1.320000052452087,1.06344577588402e-08,24,0.059999942779541016,volta,-5.616686843586138
2602.552,-1.0,1.941689106388367e-06,-1.2599999904632573,1.250555570209144e-08,24,0.06000006198882968,volta,-5.711820305936114
2603.548,-1.0,1.547331748952274e-06,-1.200000047683716,1.411733663303494e-08,24,0.05999994277954124,volta,-5.8104165632927645
2604.566,-1.0,1.228829546562338e-06,-1.139999985694885,1.652276537811304e-08,24,0.06000006198883101,volta,-5.910508354803845
2605.548,-1.0,9.704232297735873e-07,-1.080000042915344,1.863262610868333e-08,24,0.059999942779541016,volta,-6.013038815973166
2606.566,-1.0,7.579675980196043e-07,-1.019999980926514,2.0329965266796528e-08,24,0.06000006198883012,volta,-6.120349359410246
2607.975,-1.0,6.169812536427345e-07,-0.959999978542328,2.478826033325277e-08,24,0.0600000023841859,volta,-6.209728031369027
2608.549,-1.0,4.881381983068422e-07,-0.8999999761581422,2.735415804977492e-08,24,0.06000000238418579,volta,-6.311457206142331
2609.549,-1.0,3.848523988381203e-07,-0.8399999737739563,3.000795700813796e-08,24,0.0600000023841859,volta,-6.4147058020786165
2610.549,-1.0,3.014143601376418e-07,-0.7799999713897705,3.251758684541528e-08,24,0.06000000238418579,volta,-6.520836060647887
2611.549,-1.0,2.335320772317573e-07,-0.7200000286102295,3.460560904500198e-08,24,0.059999942779541016,volta,-6.631653457676257
2612.616,-1.0,1.7929482964973434e-07,-0.6600000262260437,3.725643082930218e-08,24,0.06000000238418579,volta,-6.746432234068413
2613.547,-1.0,1.3580859103967674e-07,-0.6000000238418579,3.935510051178426e-08,24,0.06000000238418579,volta,-6.867072756394891
2614.548,-1.0,1.0139822848032051e-07,-0.5400000214576721,4.13557046385904e-08,24,0.06000000238418579,volta,-6.993969632457733
2615.546,-1.0,7.180212691082488e-08,-0.47999998927116394,4.2944218847651434e-08,24,0.06000003218650818,volta,-7.143862690967258
2616.563,-1.0,5.288323379204485e-08,-0.4199999868869781,4.4590759529228314e-08,24,0.060000002384185847,volta,-7.276681995748211
2617.547,-1.0,3.691863881272184e-08,-0.3600000143051147,4.5768285161784654e-08,24,0.0599999725818634,volta,-7.432754319753968
2618.548,-1.0,2.5458431807123816e-08,-0.300000011920929,4.673103148888913e-08,24,0.06000000238418568,volta,-7.5941683516049165
2619.548,-1.0,1.785659797803874e-08,-0.239999994635582,4.756270755024161e-08,24,0.06000001728534701,volta,-7.7482012789357215
2620.55,-1.0,1.318581155373977e-08,-0.1800000071525574,4.844993384267582e-08,24,0.0599999874830246,volta,-7.87989313530821
2621.551,-1.0,1.105285907243569e-08,-0.119999997317791,4.9253582545816244e-08,24,0.0600000098347664,volta,-7.956525367338682
2622.549,-1.0,1.027557861021933e-08,-0.059999998658895486,4.998021196911395e-08,24,0.05999999865889551,volta,-7.988193713962803
2623.553,-1.0,1.030247265276785e-08,0.0,5.073269804256597e-08,24,0.059999998658895486,volta,-7.987058529607818
2624.552,-1.0,1.0872208910939212e-08,0.059999998658895486,5.13928775092154e-08,24,0.059999998658895486,volta,-7.963682211169195
2625.548,-1.0,1.125515680655553e-08,0.119999997317791,4.5796525682817446e-08,24,0.05999999865889551,volta,-7.948648450041746
2627.684,-1.0,1.234819890783001e-08,0.1800000071525574,4.740972414651878e-08,24,0.0600000098347664,volta,-7.908396383411094
2628.548,-1.0,1.361439228020345e-08,0.239999994635582,4.736689263040716e-08,24,0.0599999874830246,volta,-7.866001739946106
2629.55,-1.0,1.4992320274132e-08,0.300000011920929,4.725729141341617e-08,24,0.06000001728534701,volta,-7.824131148721337
2630.548,-1.0,1.700978380370088e-08,0.3600000143051147,4.736395098348112e-08,24,0.06000000238418568,volta,-7.769301206284927
2631.546,-1.0,1.909709013148131e-08,0.4199999868869781,4.818830490194159e-08,24,0.0599999725818634,volta,-7.7190328021823955
2632.546,-1.0,2.185289815770375e-08,0.47999998927116394,4.975210643465289e-08,24,0.060000002384185847,volta,-7.660490958216093
2633.546,-1.0,2.5508796852591328e-08,0.5400000214576721,5.184365647892264e-08,24,0.06000003218650818,volta,-7.593310024832111
2686.547,-1.0,1.569154301250819e-05,-2.4600000381469727,-1.0593723942520233e-07,25,0.05999994277954146,volta,-4.80433434839083
2687.547,-1.0,1.532959868200123e-05,-2.400000095367432,-9.071002438076903e-08,25,0.05999994277954057,volta,-4.814469214517688
2688.565,-1.0,1.49182669701986e-05,-2.339999914169312,-8.112033356155735e-08,25,0.06000018119812012,volta,-4.826281625187398
2689.548,-1.0,1.444448207621463e-05,-2.2799999713897714,-7.082760333787519e-08,25,0.05999994277954057,volta,-4.840298025676799
2690.549,-1.0,1.3907753782405052e-05,-2.2200000286102286,-6.236793126390694e-08,25,0.05999994277954279,volta,-4.856743006505414
2691.614,-1.0,1.332377178187016e-05,-2.160000085830688,-5.316089612961151e-08,25,0.05999994277954057,volta,-4.875372814792276
2692.547,-1.0,1.267000425286824e-05,-2.099999904632568,-4.525713848124724e-08,25,0.06000018119812012,volta,-4.897223239339376
2693.547,-1.0,1.197504934680182e-05,-2.039999961853027,-3.780279200782388e-08,25,0.059999942779541016,volta,-4.921722688268341
2694.548,-1.0,1.124024402088253e-05,-1.980000019073486,-3.084367605765692e-08,25,0.059999942779540794,volta,-4.949224260317457
2695.548,-1.0,1.046379748004256e-05,-1.919999957084656,-2.439643154161786e-08,25,0.06000006198883012,volta,-4.9803106744241585
2696.547,-1.0,9.612087524146773e-06,-1.8600000143051152,-1.8810295543403296e-08,25,0.059999942779540794,volta,-5.017182283323723
2697.565,-1.0,8.789805178821553e-06,-1.799999952316284,-1.323565257393966e-08,25,0.06000006198883123,volta,-5.056020750716947
2698.547,-1.0,7.906510290922597e-06,-1.7400000095367427,-8.479499769009635e-09,25,0.05999994277954124,volta,-5.102015159461798
2699.547,-1.0,7.006017767707816e-06,-1.679999947547913,-4.3999910381842255e-09,25,0.06000006198882968,volta,-5.15452876561843
2700.548,-1.0,6.1149498833401594e-06,-1.620000004768372,-6.856322176673757e-10,25,0.059999942779541016,volta,-5.213607097986324
2701.546,-1.0,5.245380179985659e-06,-1.559999942779541,2.1679043005207177e-09,25,0.06000006198883101,volta,-5.280223029093636
2702.547,-1.0,4.429417913343058e-06,-1.5,4.708349710114135e-09,25,0.059999942779541016,volta,-5.3536533423170845
2703.548,-1.0,3.6848114177701055e-06,-1.440000057220459,6.949115061161136e-09,25,0.059999942779541016,volta,-5.433584733671292
2704.547,-1.0,2.997748879352002e-06,-1.379999995231628,8.054650280087117e-09,25,0.06000006198883101,volta,-5.523204750700404
2705.943,-1.0,2.4713276616239446e-06,-1.320000052452087,1.133848481771338e-08,25,0.059999942779541016,volta,-5.60706966973299
2706.548,-1.0,1.972200834643445e-06,-1.2599999904632573,1.220158374337643e-08,25,0.06000006198882968,volta,-5.705048861739495
2707.618,-1.0,1.57235979258985e-06,-1.200000047683716,1.4587593355486212e-08,25,0.05999994277954124,volta,-5.803448070219297
2708.548,-1.0,1.248042508450453e-06,-1.139999985694885,1.657011594602409e-08,25,0.06000006198883101,volta,-5.903770622288957
2709.547,-1.0,9.851994491327787e-07,-1.080000042915344,1.883060996021868e-08,25,0.059999942779541016,volta,-6.006475839665518
2710.565,-1.0,7.850101155781886e-07,-1.019999980926514,2.157403322655682e-08,25,0.06000006198883012,volta,-6.105124746934386
2711.547,-1.0,6.225932907000242e-07,-0.959999978542328,2.446460811711404e-08,25,0.0600000023841859,volta,-6.205795563749323
2712.547,-1.0,4.932366550747248e-07,-0.8999999761581422,2.720218894580739e-08,25,0.06000000238418579,volta,-6.3069446561128935
2713.547,-1.0,3.8870990692885243e-07,-0.8399999737739563,3.000081960635725e-08,25,0.0600000023841859,volta,-6.4103743904989
2714.547,-1.0,3.0455291266662243e-07,-0.7799999713897705,3.256016967156938e-08,25,0.06000000238418579,volta,-6.516337242660695
2715.548,-1.0,2.360743280860333e-07,-0.7200000286102295,3.500592882232922e-08,25,0.059999942779541016,volta,-6.626951237727551
2716.547,-1.0,1.811176559840533e-07,-0.6600000262260437,3.7283157894307806e-08,25,0.06000000238418579,volta,-6.742039211073639
2717.548,-1.0,1.369644451187924e-07,-0.6000000238418579,3.953472571538441e-08,25,0.06000000238418579,volta,-6.8633921576082475
2718.546,-1.0,1.021323186023437e-07,-0.5400000214576721,4.152655819211759e-08,25,0.06000000238418579,volta,-6.990836808650663
2719.546,-1.0,7.205475327509703e-08,-0.47999998927116394,4.308501644345597e-08,25,0.06000003218650818,volta,-7.142337364564704
2720.564,-1.0,5.313158268904772e-08,-0.4199999868869781,4.470437886539003e-08,25,0.060000002384185847,volta,-7.274647247088899
2721.546,-1.0,3.6934231673058087e-08,-0.3600000143051147,4.591957392108271e-08,25,0.0599999725818634,volta,-7.432570930990412
2722.547,-1.0,2.554053146752722e-08,-0.300000011920929,4.636489236986562e-08,25,0.06000000238418568,volta,-7.59277006983639
2723.613,-1.0,1.459093112998744e-08,-0.239999994635582,4.310200196755432e-08,25,0.06000001728534701,volta,-7.835916992430595
2725.555,-1.0,1.145681149949951e-08,-0.1800000071525574,4.479234405607713e-08,25,0.0599999874830246,volta,-7.940936232355275
2726.547,-1.0,1.007860905843927e-08,-0.119999997317791,4.614374660150133e-08,25,0.0600000098347664,volta,-7.99659940042291
2727.549,-1.0,9.831059522014128e-09,-0.059999998658895486,4.736716974207411e-08,25,0.05999999865889551,volta,-8.007399674460057
2728.548,-1.0,1.018297712818139e-08,0.0,4.845855272606058e-08,25,0.059999998658895486,volta,-7.992125231693062
2729.547,-1.0,1.08556985622954e-08,0.059999998658895486,4.9264528456660634e-08,25,0.059999998658895486,volta,-7.964342224536722
2730.549,-1.0,1.169800789568853e-08,0.119999997317791,4.981515289159688e-08,25,0.05999999865889551,volta,-7.931888089841152
2731.547,-1.0,1.2668144755423332e-08,0.1800000071525574,4.98728986997321e-08,25,0.0600000098347664,volta,-7.897286982707578
2732.548,-1.0,1.382524938975394e-08,0.239999994635582,4.9515428202084883e-08,25,0.0599999874830246,volta,-7.859327025837579
2733.547,-1.0,1.522614923032961e-08,0.300000011920929,4.8955296705344153e-08,25,0.06000001728534701,volta,-7.817409918034689
2734.547,-1.0,1.698280627238091e-08,0.3600000143051147,4.8703267196970046e-08,25,0.06000000238418568,volta,-7.76999054448606
2735.548,-1.0,1.9203781675969367e-08,0.4199999868869781,4.922341290125586e-08,25,0.0599999725818634,volta,-7.716613240083665
2736.546,-1.0,2.203423932201076e-08,0.47999998927116394,5.0498702108825455e-08,25,0.060000002384185847,volta,-7.656901937845488
2737.546,-1.0,2.5469017117529802e-08,0.5400000214576721,5.257041379991279e-08,25,0.06000003218650818,volta,-7.593987814701466
2791.548,-1.0,1.596123001945671e-05,-2.4600000381469727,-1.054421687740614e-07,26,0.05999994277954146,volta,-4.7969336436820935
2792.548,-1.0,1.560288546897937e-05,-2.400000095367432,-9.047479920809565e-08,26,0.05999994277954057,volta,-4.80679507937789
2793.627,-1.0,1.516730753792217e-05,-2.339999914169312,-8.097222092828814e-08,26,0.06000018119812012,volta,-4.819091507229386
2794.548,-1.0,1.454044559068279e-05,-2.2799999713897714,-7.295300008536286e-08,26,0.05999994277954057,volta,-4.837422284356656
2795.765,-1.0,1.413956852047704e-05,-2.2200000286102286,-6.17258706370194e-08,26,0.05999994277954279,volta,-4.849563843158285
2796.548,-1.0,1.353977859253064e-05,-2.160000085830688,-5.3115428499950206e-08,26,0.05999994277954057,volta,-4.86838843733687
2797.549,-1.0,1.289058855036274e-05,-2.099999904632568,-4.508671835878886e-08,26,0.06000018119812012,volta,-4.889727253450347
2798.549,-1.0,1.218687248183414e-05,-2.039999961853027,-3.768057865727314e-08,26,0.059999942779541016,volta,-4.914107733114371
2799.549,-1.0,1.143703411798924e-05,-1.980000019073486,-3.075219368042781e-08,26,0.059999942779540794,volta,-4.941686583339252
2800.549,-1.0,1.058757243299624e-05,-1.919999957084656,-2.527968945287284e-08,26,0.06000006198883012,volta,-4.975203605502514
2801.602,-1.0,9.781773769645952e-06,-1.8600000143051152,-1.867715226921973e-08,26,0.059999942779540794,volta,-5.009582385649939
2802.566,-1.0,9.006495020003058e-06,-1.799999952316284,-1.432756224772902e-08,26,0.06000006198883123,volta,-5.045444186781524
2804.117,-1.0,8.087445166893302e-06,-1.7400000095367427,-7.662105616645931e-09,26,0.05999994277954124,volta,-5.092188650842117
2804.549,-1.0,7.128971446945798e-06,-1.679999947547913,-4.076611936909557e-09,26,0.06000006198882968,volta,-5.146973124725742
2805.549,-1.0,6.217770533112344e-06,-1.620000004768372,-4.759192484549145e-10,26,0.059999942779541016,volta,-5.2063653096395575
2806.548,-1.0,5.334391516953474e-06,-1.559999942779541,2.3579478369839527e-09,26,0.06000006198883101,volta,-5.272915112490816
2807.549,-1.0,4.506441200646805e-06,-1.5,4.957580568287767e-09,26,0.059999942779541016,volta,-5.346166291168284
2808.547,-1.0,3.7459622035385114e-06,-1.440000057220459,7.126403023249849e-09,26,0.059999942779541016,volta,-5.426436608935547
2809.548,-1.0,3.071570290558157e-06,-1.379999995231628,9.115600718700987e-09,26,0.06000006198883101,volta,-5.512639541730632
2810.548,-1.0,2.4895346086850614e-06,-1.320000052452087,1.092327828189354e-08,26,0.059999942779541016,volta,-5.6038818319286
2811.547,-1.0,1.9978701857326087e-06,-1.2599999904632573,1.279264694176163e-08,26,0.06000006198882968,volta,-5.699432734053763
2812.548,-1.0,1.592146077200596e-06,-1.200000047683716,1.466712973297035e-08,26,0.05999994277954124,volta,-5.798017088852262
2813.548,-1.0,1.2647794846998293e-06,-1.139999985694885,1.681355321636602e-08,26,0.06000006198883101,volta,-5.897985187473315
2814.547,-1.0,1.0034310662376813e-06,-1.080000042915344,1.917405079154832e-08,26,0.059999942779541016,volta,-5.998512457337825
2815.549,-1.0,7.934950758681226e-07,-1.019999980926514,2.1618188128513793e-08,26,0.06000006198883012,volta,-6.100455763968916
2816.566,-1.0,6.320332204268199e-07,-0.959999978542328,2.46895801581104e-08,26,0.0600000023841859,volta,-6.199260094076973
2817.548,-1.0,5.005513230571523e-07,-0.8999999761581422,2.753286310053227e-08,26,0.06000000238418579,volta,-6.300551386360925
2818.549,-1.0,3.9461565393139613e-07,-0.8399999737739563,2.994642400722114e-08,26,0.0600000023841859,volta,-6.40382569079903
2819.617,-1.0,3.0908060466572357e-07,-0.7799999713897705,3.295003381253991e-08,26,0.06000000238418579,volta,-6.509928246799953
2820.547,-1.0,2.39580629113334e-07,-0.7200000286102295,3.541727267020178e-08,26,0.059999942779541016,volta,-6.6205482990092515
2821.548,-1.0,1.6553950388242813e-07,-0.6600000262260437,3.387946989619195e-08,26,0.06000000238418579,volta,-6.781098350704446
2823.733,-1.0,1.27447961517646e-07,-0.6000000238418579,3.746432142293088e-08,26,0.06000000238418579,volta,-6.894667106516548
2824.547,-1.0,9.168075365550976e-08,-0.5400000214576721,3.966567518887132e-08,26,0.06000000238418579,volta,-7.03772182527324
2825.565,-1.0,6.889440840041061e-08,-0.47999998927116394,4.184490620673387e-08,26,0.06000003218650818,volta,-7.16181602481793
2826.546,-1.0,4.885708193569371e-08,-0.4199999868869781,4.350432192268272e-08,26,0.060000002384185847,volta,-7.3110724754933845
2827.547,-1.0,3.393092029568834e-08,-0.3600000143051147,4.483423410306386e-08,26,0.0599999725818634,volta,-7.469404360987982
2828.547,-1.0,2.329522352795266e-08,-0.300000011920929,4.597195513156294e-08,26,0.06000000238418568,volta,-7.632733117948508
2829.548,-1.0,1.645348035594907e-08,-0.239999994635582,4.69835867988877e-08,26,0.06000001728534701,volta,-7.783742222971698
2830.55,-1.0,1.2491095269240301e-08,-0.1800000071525574,4.798900121727456e-08,26,0.0599999874830246,volta,-7.903399479277398
2831.55,-1.0,1.06410267264323e-08,-0.119999997317791,4.898296523947465e-08,26,0.0600000098347664,volta,-7.973016466015472
2832.549,-1.0,1.0155498664232708e-08,-0.059999998658895486,4.995733604573616e-08,26,0.05999999865889551,volta,-7.993298746625746
2833.547,-1.0,1.035046626185476e-08,0.0,5.078132048197402e-08,26,0.059999998658895486,volta,-7.985040085918209
2834.549,-1.0,1.094777601906571e-08,0.059999998658895486,5.102922884248073e-08,26,0.059999998658895486,volta,-7.96067409641709
2835.614,-1.0,1.175189012769806e-08,0.119999997317791,5.1921155375111994e-08,26,0.05999999865889551,volta,-7.929892277561359
2836.549,-1.0,1.269564631201092e-08,0.1800000071525574,5.198352326374334e-08,26,0.0600000098347664,volta,-7.896345185093913
2837.548,-1.0,1.3809573928824648e-08,0.239999994635582,5.161032845535374e-08,26,0.0599999874830246,volta,-7.859819720640404
2838.548,-1.0,1.519476278133425e-08,0.300000011920929,5.0883329549833434e-08,26,0.06000001728534701,volta,-7.818306075680236
2839.55,-1.0,1.69446821018937e-08,0.3600000143051147,5.0385331462621246e-08,26,0.06000000238418568,volta,-7.770966574521406
2840.549,-1.0,1.9172919252241634e-08,0.4199999868869781,5.060121921474092e-08,26,0.0599999725818634,volta,-7.717311756781995
2841.548,-1.0,2.205642424257803e-08,0.47999998927116394,4.750325643954056e-08,26,0.060000002384185847,volta,-7.656464893418483
2843.5,-1.0,2.5721645258158794e-08,0.5400000214576721,5.0412751306794235e-08,26,0.06000003218650818,volta,-7.5897012556666645
2896.548,-1.0,1.601248914084863e-05,-2.4600000381469727,-1.0675108086388721e-07,27,0.05999994277954146,volta,-4.795541151771605
2897.548,-1.0,1.564540798426606e-05,-2.400000095367432,-9.22866831842839e-08,27,0.05999994277954057,volta,-4.805613107301731
2898.632,-1.0,1.521394187875558e-05,-2.339999914169312,-8.202967904935576e-08,27,0.06000018119812012,volta,-4.817758247196547
2899.548,-1.0,1.471977157052606e-05,-2.2799999713897714,-7.189979811528248e-08,27,0.05999994277954057,volta,-4.8320989295657615
2900.549,-1.0,1.4306235243566327e-05,-2.2200000286102286,-6.282537157176193e-08,27,0.05999994277954279,volta,-4.84447463794231
2902.419,-1.0,1.370103291264968e-05,-2.160000085830688,-5.405290082194369e-08,27,0.05999994277954057,volta,-4.863246690408979
2903.55,-1.0,1.3031625712756068e-05,-2.099999904632568,-4.57528592789913e-08,27,0.06000018119812012,volta,-4.885001402089588
2904.549,-1.0,1.232326030731201e-05,-2.039999961853027,-3.8044536410097856e-08,27,0.059999942779541016,volta,-4.909274377710965
2905.548,-1.0,1.157412498287158e-05,-1.980000019073486,-3.097079925851176e-08,27,0.059999942779540794,volta,-4.936511832230084
2906.548,-1.0,1.077555407391628e-05,-1.919999957084656,-2.441823454546466e-08,27,0.06000006198883012,volta,-4.96756038937533
2907.548,-1.0,9.904319085762836e-06,-1.8600000143051152,-1.874628097198183e-08,27,0.059999942779540794,volta,-5.004175376507138
2908.565,-1.0,9.061229320650455e-06,-1.799999952316284,-1.306011654378381e-08,27,0.06000006198883123,volta,-5.042812878376433
2909.548,-1.0,8.149227141984738e-06,-1.7400000095367427,-8.335089951572172e-09,27,0.05999994277954124,volta,-5.088883577013022
2910.549,-1.0,7.22779486750369e-06,-1.679999947547913,-4.163229316844763e-09,27,0.06000006198882968,volta,-5.140994181674941
2911.548,-1.0,6.304435373749584e-06,-1.620000004768372,-4.785537521811989e-10,27,0.059999942779541016,volta,-5.20035380283321
2912.548,-1.0,5.41403642273508e-06,-1.559999942779541,2.424693112956788e-09,27,0.06000006198883101,volta,-5.266478826855196
2913.548,-1.0,4.570412329485407e-06,-1.5,4.332244341043178e-09,27,0.059999942779541016,volta,-5.34004461736072
2914.614,-1.0,3.800748572757584e-06,-1.440000057220459,7.183063033266989e-09,27,0.059999942779541016,volta,-5.4201308589092845
2915.549,-1.0,3.116952029813547e-06,-1.379999995231628,9.17675535561102e-09,27,0.06000006198883101,volta,-5.506269881504868
2916.548,-1.0,2.524880073906388e-06,-1.320000052452087,1.096540724887518e-08,27,0.059999942779541016,volta,-5.597759245061197
2917.55,-1.0,2.0260940800653766e-06,-1.2599999904632573,1.280754791110894e-08,27,0.06000006198882968,volta,-5.693340392389055
2918.55,-1.0,1.614470420463476e-06,-1.200000047683716,1.475844424447814e-08,27,0.05999994277954124,volta,-5.791969907504775
2919.55,-1.0,1.283068627344619e-06,-1.139999985694885,1.693370421662621e-08,27,0.06000006198883101,volta,-5.891750113944645
2920.549,-1.0,9.892513617160148e-07,-1.080000042915344,1.773134528093578e-08,27,0.059999942779541016,volta,-6.004693343250113
2922.101,-1.0,8.147235917022045e-07,-1.019999980926514,2.272942012382373e-08,27,0.06000006198883012,volta,-6.088989707774612
2922.548,-1.0,6.443257234423072e-07,-0.959999978542328,2.523580810986914e-08,27,0.0600000023841859,volta,-6.190894529951115
2923.549,-1.0,5.104153046886496e-07,-0.8999999761581422,2.799668408215439e-08,27,0.06000000238418579,volta,-6.292076311868837
2924.548,-1.0,4.02475592409246e-07,-0.8399999737739563,3.073440879575173e-08,27,0.0600000023841859,volta,-6.395260451702047
2925.549,-1.0,3.151479859297979e-07,-0.7799999713897705,3.33621272829987e-08,27,0.06000000238418579,volta,-6.5014854640496145
2926.549,-1.0,2.444115807520575e-07,-0.7200000286102295,3.582407259727916e-08,27,0.059999942779541016,volta,-6.611878220125229
2927.55,-1.0,1.8767225640203833e-07,-0.6600000262260437,3.8158287196665697e-08,27,0.06000000238418579,volta,-6.726599924406107
2928.547,-1.0,1.421124977696309e-07,-0.6000000238418579,4.036030887277775e-08,27,0.06000000238418579,volta,-6.847367727324355
2929.546,-1.0,1.059726457697252e-07,-0.5400000214576721,4.199517888991977e-08,27,0.06000000238418579,volta,-6.974806222700994
2930.612,-1.0,7.502909937784352e-08,-0.47999998927116394,4.397987041215856e-08,27,0.06000003218650818,volta,-7.12477026663234
2931.566,-1.0,5.511032341587452e-08,-0.4199999868869781,4.575266743245265e-08,27,0.060000002384185847,volta,-7.258767040302464
2932.547,-1.0,3.863853237362491e-08,-0.3600000143051147,4.699814226682975e-08,27,0.0599999725818634,volta,-7.412979377964128
2933.547,-1.0,2.662763698424442e-08,-0.300000011920929,4.7996543628414656e-08,27,0.06000000238418568,volta,-7.574667372435935
2934.548,-1.0,1.863523735323724e-08,-0.239999994635582,4.893862026733586e-08,27,0.06000001728534701,volta,-7.729665071354213
2935.547,-1.0,1.3757229133659621e-08,-0.1800000071525574,4.9830102710757274e-08,27,0.0599999874830246,volta,-7.861469029264763
2936.549,-1.0,1.1314631009895488e-08,-0.119999997317791,5.069886555020275e-08,27,0.0600000098347664,volta,-7.946359604588551
2937.549,-1.0,1.039317876205814e-08,-0.059999998658895486,5.157648530484948e-08,27,0.05999999865889551,volta,-7.983251602810174
2938.549,-1.0,1.034238383823549e-08,0.0,5.141430037269856e-08,27,0.059999998658895486,volta,-7.985379348237299
2939.72,-1.0,9.644186782509223e-09,0.059999998658895486,4.383866780699464e-08,27,0.059999998658895486,volta,-8.015734387072317
2941.792,-1.0,1.134852212203441e-08,0.119999997317791,4.815607113073384e-08,27,0.05999999865889551,volta,-7.9450606914255255
2942.549,-1.0,1.248264336339844e-08,0.1800000071525574,4.893871619060519e-08,27,0.0600000098347664,volta,-7.9036934373637555
2943.561,-1.0,1.374204217086117e-08,0.239999994635582,4.904649486547896e-08,27,0.0599999874830246,volta,-7.861948723052846
2944.547,-1.0,1.521543246951751e-08,0.300000011920929,4.880410386931544e-08,27,0.06000001728534701,volta,-7.817715699141777
2945.547,-1.0,1.703797636309901e-08,0.3600000143051147,4.828882183005589e-08,27,0.06000000238418568,volta,-7.768581988590981
2946.612,-1.0,1.9338227019716208e-08,0.4199999868869781,4.942686615549974e-08,27,0.0599999725818634,volta,-7.713583345705464
2947.547,-1.0,2.2191084525502447e-08,0.47999998927116394,5.089622945320116e-08,27,0.060000002384185847,volta,-7.653821472354222
2948.546,-1.0,2.574386570586285e-08,0.5400000214576721,5.305805217403758e-08,27,0.06000003218650818,volta,-7.589326238757586
3001.548,-1.0,1.613119820831344e-05,-2.4600000381469727,-1.0791194426929001e-07,28,0.05999994277954146,volta,-4.792333372478877
3002.548,-1.0,1.576081558596343e-05,-2.400000095367432,-9.265809097769306e-08,28,0.05999994277954057,volta,-4.802421312524214
3003.565,-1.0,1.533764589112252e-05,-2.339999914169312,-8.289328690125329e-08,28,0.06000018119812012,volta,-4.814241293252184
3004.548,-1.0,1.48443932630471e-05,-2.2799999713897714,-7.263744095098446e-08,28,0.05999994277954057,volta,-4.828437548684011
3005.549,-1.0,1.428976065653842e-05,-2.2200000286102286,-6.302106214661762e-08,28,0.05999994277954279,volta,-4.84497504527587
3006.549,-1.0,1.368803987134015e-05,-2.160000085830688,-5.4432021556749526e-08,28,0.05999994277954057,volta,-4.8636587384262056
3007.548,-1.0,1.302152850257698e-05,-2.099999904632568,-4.632176242580499e-08,28,0.06000018119812012,volta,-4.885338034103255
3008.548,-1.0,1.232223439728841e-05,-2.039999961853027,-3.93291017530828e-08,28,0.059999942779541016,volta,-4.909310534182382
3009.615,-1.0,1.156783037004061e-05,-1.980000019073486,-3.157678918341844e-08,28,0.059999942779540794,volta,-4.93674808847066
3010.548,-1.0,1.077150045603048e-05,-1.919999957084656,-2.496240192328969e-08,28,0.06000006198883012,volta,-4.967723795830525
3011.548,-1.0,9.9011203928967e-06,-1.8600000143051152,-1.9228828307404914e-08,28,0.059999942779540794,volta,-5.004315658642724
3012.566,-1.0,9.058141586137936e-06,-1.799999952316284,-1.349427680708004e-08,28,0.06000006198883123,volta,-5.042960895223183
3013.548,-1.0,8.148169399646576e-06,-1.7400000095367427,-8.686196650842247e-09,28,0.05999994277954124,volta,-5.0889399506381245
3014.548,-1.0,7.225504759844625e-06,-1.679999947547913,-4.476917059292872e-09,28,0.06000006198882968,volta,-5.141131808535694
3015.548,-1.0,6.308418505795998e-06,-1.620000004768372,-7.333636475870263e-10,28,0.059999942779541016,volta,-5.200079502925755
3016.546,-1.0,5.413392500486225e-06,-1.559999942779541,2.2389889942076016e-09,28,0.06000006198883101,volta,-5.266530483048326
3017.547,-1.0,4.573820660880301e-06,-1.5,4.871690162389086e-09,28,0.059999942779541016,volta,-5.3397208680451875
3018.546,-1.0,3.7729537325503766e-06,-1.440000057220459,5.225503585393199e-09,28,0.059999942779541016,volta,-5.423318520487122
3020.699,-1.0,3.1212555313686607e-06,-1.379999995231628,8.063518741607822e-09,28,0.06000006198883101,volta,-5.505670674999984
3021.55,-1.0,2.529753373892163e-06,-1.320000052452087,1.025892526484995e-08,28,0.059999942779541016,volta,-5.596921816207013
3022.557,-1.0,2.0299160041759015e-06,-1.2599999904632573,1.2216425204769621e-08,28,0.06000006198882968,volta,-5.692521932371333
3023.55,-1.0,1.617786892893491e-06,-1.200000047683716,1.4301050121900968e-08,28,0.05999994277954124,volta,-5.791078687504907
3024.549,-1.0,1.2847364132539947e-06,-1.139999985694885,1.604958832501779e-08,28,0.06000006198883101,volta,-5.891185966505228
3025.617,-1.0,1.0184228358411933e-06,-1.080000042915344,1.897785750770709e-08,28,0.059999942779541016,volta,-5.992071871168394
3026.549,-1.0,8.045329877859331e-07,-1.019999980926514,2.146532551705604e-08,28,0.06000006198883012,volta,-6.0944561440824305
3027.566,-1.0,6.402080998668681e-07,-0.959999978542328,2.4601673587199e-08,28,0.0600000023841859,volta,-6.193678835494555
3028.549,-1.0,5.066981429990848e-07,-0.8999999761581422,2.7513813449786536e-08,28,0.06000000238418579,volta,-6.295250687354737
3029.549,-1.0,3.9998661804929725e-07,-0.8399999737739563,3.023616201858204e-08,28,0.0600000023841859,volta,-6.397954538183448
3030.548,-1.0,3.126509113826614e-07,-0.7799999713897705,3.303483708805288e-08,28,0.06000000238418579,volta,-6.504940301005753
3031.548,-1.0,2.422941918212019e-07,-0.7200000286102295,3.55570684007489e-08,28,0.059999942779541016,volta,-6.615656996470151
3032.548,-1.0,1.858180809222176e-07,-0.6600000262260437,3.7933695296032965e-08,28,0.06000000238418579,volta,-6.730912029509785
3033.546,-1.0,1.4048647756226273e-07,-0.6000000238418579,4.013011434267355e-08,28,0.06000000238418579,volta,-6.852365476490002
3034.547,-1.0,1.0462736810268321e-07,-0.5400000214576721,4.214872006969017e-08,28,0.06000000238418579,volta,-6.980354699203807
3035.548,-1.0,7.400502965992928e-08,-0.47999998927116394,4.382730622864983e-08,28,0.06000003218650818,volta,-7.130738762980875
3036.563,-1.0,5.4416265271584046e-08,-0.4199999868869781,4.55184938630282e-08,28,0.060000002384185847,volta,-7.26427126828212
3037.547,-1.0,3.72073429844022e-08,-0.3600000143051147,4.693686861401147e-08,28,0.0599999725818634,volta,-7.429371342298086
3038.548,-1.0,2.316160241377929e-08,-0.300000011920929,4.475074888432573e-08,28,0.06000000238418568,volta,-7.635231397648045
3040.138,-1.0,1.858208165117503e-08,-0.239999994635582,4.951835919086989e-08,28,0.06000001728534701,volta,-7.730905635930173
3040.548,-1.0,1.374284064326048e-08,-0.1800000071525574,4.944367404391414e-08,28,0.0599999874830246,volta,-7.861923489388259
3041.615,-1.0,1.1357534468459112e-08,-0.119999997317791,5.0675225793384016e-08,28,0.0600000098347664,volta,-7.944715936490983
3042.547,-1.0,1.053841103271225e-08,-0.059999998658895486,5.1385654842306394e-08,28,0.05999999865889551,volta,-7.977224866518825
3043.548,-1.0,1.0616528989260132e-08,0.0,5.209754760926444e-08,28,0.059999998658895486,volta,-7.97401745003501
3044.548,-1.0,1.1150145695637548e-08,0.059999998658895486,5.267974145795051e-08,28,0.059999998658895486,volta,-7.9527194577819165
3045.548,-1.0,1.192756915457949e-08,0.119999997317791,5.299824579196866e-08,28,0.05999999865889551,volta,-7.923448056775726
3046.547,-1.0,1.284172590487742e-08,0.1800000071525574,5.286829463102549e-08,28,0.0600000098347664,volta,-7.891376603946827
3047.549,-1.0,1.397804005875969e-08,0.239999994635582,5.237222922005458e-08,28,0.0599999874830246,volta,-7.854553719243983
3048.547,-1.0,1.5312540568857e-08,0.300000011920929,5.126745605821271e-08,28,0.06000001728534701,volta,-7.8149527476754
3049.566,-1.0,1.716102460136426e-08,0.3600000143051147,5.101021471887179e-08,28,0.06000000238418568,volta,-7.76545678610068
3050.547,-1.0,1.9412530249951487e-08,0.4199999868869781,5.120405077718714e-08,28,0.0599999725818634,volta,-7.711917854515065
3051.546,-1.0,2.227536377574779e-08,0.47999998927116394,5.2274788941986123e-08,28,0.060000002384185847,volta,-7.652175194832731
3052.547,-1.0,2.58593804147722e-08,0.5400000214576721,5.4242910607626975e-08,28,0.06000003218650818,volta,-7.587381884933933
3107.547,-1.0,1.631164559512399e-05,-2.4600000381469727,-1.0822820684097681e-07,29,0.05999994277954146,volta,-4.787502223090269
3108.548,-1.0,1.593106935615651e-05,-2.400000095367432,-9.299925807226829e-08,29,0.05999994277954057,volta,-4.797755071663343
3109.566,-1.0,1.548207910673227e-05,-2.339999914169312,-8.334335177551112e-08,29,0.06000018119812012,volta,-4.810170717816585
3110.548,-1.0,1.498892288509523e-05,-2.2799999713897714,-7.297741433376359e-08,29,0.05999994277954057,volta,-4.824229574747905
3111.548,-1.0,1.4434349395742167e-05,-2.2200000286102286,-6.34238404018106e-08,29,0.05999994277954279,volta,-4.840602786442547
3112.547,-1.0,1.382069513056194e-05,-2.160000085830688,-5.4663562565338004e-08,29,0.05999994277954057,volta,-4.859470112983882
3113.548,-1.0,1.3153719919500872e-05,-2.099999904632568,-4.649844242976542e-08,29,0.06000018119812012,volta,-4.880951409755936
3114.549,-1.0,1.2435901226126592e-05,-2.039999961853027,-3.8845563210543326e-08,29,0.059999942779541016,volta,-4.905322736059413
3115.548,-1.0,1.16844767035218e-05,-1.980000019073486,-3.1645608800090486e-08,29,0.059999942779540794,volta,-4.932390732981801
3116.548,-1.0,1.0886692507483532e-05,-1.919999957084656,-2.5008333182086056e-08,29,0.06000006198883012,volta,-4.963104043469884
3117.549,-1.0,1.0137295248568988e-05,-1.8600000143051152,-1.9819939467424768e-08,29,0.059999942779540794,volta,-4.9940779045011
3119.175,-1.0,9.18504247238161e-06,-1.799999952316284,-1.282062545016061e-08,29,0.06000006198883123,volta,-5.03691883114061
3119.567,-1.0,8.243454431067221e-06,-1.7400000095367427,-9.20524634295816e-09,29,0.05999994277954124,volta,-5.083890758452425
3120.648,-1.0,7.307835858227919e-06,-1.679999947547913,-4.937732445142728e-09,29,0.06000006198882968,volta,-5.136211215926292
3121.615,-1.0,6.3812994994805194e-06,-1.620000004768372,-4.2366982144770294e-10,29,0.059999942779541016,volta,-5.195090871751327
3122.546,-1.0,5.479537321662065e-06,-1.559999942779541,2.478098837244147e-09,29,0.06000006198883101,volta,-5.261256110700339
3123.546,-1.0,4.599385192705086e-06,-1.5,4.641175443964585e-09,29,0.059999942779541016,volta,-5.337300217288095
3124.566,-1.0,3.846616436931072e-06,-1.440000057220459,7.290518411195988e-09,29,0.059999942779541016,volta,-5.41492111695006
3125.547,-1.0,3.152878207401955e-06,-1.379999995231628,9.24665943813352e-09,29,0.06000006198883101,volta,-5.501292805298678
3126.548,-1.0,2.55382883551647e-06,-1.320000052452087,1.1056399351616621e-08,29,0.059999942779541016,volta,-5.592808213682522
3127.55,-1.0,2.048921487585176e-06,-1.2599999904632573,1.293420837100712e-08,29,0.06000006198882968,volta,-5.688474682966204
3128.549,-1.0,1.6331159713445227e-06,-1.200000047683716,1.491838652611932e-08,29,0.05999994277954124,volta,-5.786982973912046
3129.549,-1.0,1.2961947959411193e-06,-1.139999985694885,1.708174934833551e-08,29,0.06000006198883101,volta,-5.887329726517024
3130.549,-1.0,1.027622147375951e-06,-1.080000042915344,1.94965963373761e-08,29,0.059999942779541016,volta,-5.988166544363346
3131.551,-1.0,8.129487127916947e-07,-1.019999980926514,2.2015250067397567e-08,29,0.06000006198883012,volta,-6.089936852258511
3132.565,-1.0,6.471901201621222e-07,-0.959999978542328,2.5140547421642616e-08,29,0.0600000023841859,volta,-6.188968121173014
3133.549,-1.0,5.123436608300835e-07,-0.8999999761581422,2.802505605359329e-08,29,0.06000000238418579,volta,-6.290438632900505
3134.549,-1.0,4.038567453790165e-07,-0.8399999737739563,3.086776700911287e-08,29,0.0600000023841859,volta,-6.393772658959648
3135.548,-1.0,3.161505333082459e-07,-0.7799999713897705,3.3535730636913286e-08,29,0.06000000238418579,volta,-6.500106081247147
3136.548,-1.0,2.1702933850065162e-07,-0.7200000286102295,2.963598966232439e-08,29,0.059999942779541016,volta,-6.66348155330499
3138.8,-1.0,1.7219210235452922e-07,-0.6600000262260437,3.488835176312932e-08,29,0.06000000238418579,volta,-6.763986771479946
3139.546,-1.0,1.275881515994115e-07,-0.6000000238418579,3.6668609482148895e-08,29,0.06000000238418579,volta,-6.8941896542505425
3140.677,-1.0,9.357678010246673e-08,-0.5400000214576721,4.0223525843430246e-08,29,0.06000000238418579,volta,-7.028831902591042
3141.564,-1.0,7.024563331015088e-08,-0.47999998927116394,4.243672080406213e-08,29,0.06000003218650818,volta,-7.153380667696882
3142.547,-1.0,4.978580392389631e-08,-0.4199999868869781,4.41155911801161e-08,29,0.060000002384185847,volta,-7.302894475642411
3143.548,-1.0,3.460500153096291e-08,-0.3600000143051147,4.5474077836615834e-08,29,0.0599999725818634,volta,-7.460861127209564
3144.548,-1.0,2.3978232732702047e-08,-0.300000011920929,4.649783491572634e-08,29,0.06000000238418568,volta,-7.620182828856808
3145.547,-1.0,1.68051847992956e-08,-0.239999994635582,4.765397321193632e-08,29,0.06000001728534701,volta,-7.7745567074210395
3146.547,-1.0,1.275352268237384e-08,-0.1800000071525574,4.876245185414518e-08,29,0.0599999874830246,volta,-7.894369841095846
3147.548,-1.0,1.090400214565079e-08,-0.119999997317791,4.977513512471887e-08,29,0.0600000098347664,volta,-7.962414071714449
3148.548,-1.0,1.040864017198828e-08,-0.059999998658895486,5.066845432111222e-08,29,0.05999999865889551,volta,-7.98260600481964
3149.549,-1.0,1.062049914679619e-08,0.0,5.152293525156892e-08,29,0.059999998658895486,volta,-7.973855071615653
3150.549,-1.0,1.121335024834025e-08,0.059999998658895486,5.223821375466287e-08,29,0.059999998658895486,volta,-7.950264612472924
3151.547,-1.0,1.203247279590869e-08,0.119999997317791,5.258501900584633e-08,29,0.05999999865889551,volta,-7.919645111541325
3152.549,-1.0,1.2967980467237792e-08,0.1800000071525574,5.259736823859384e-08,29,0.0600000098347664,volta,-7.887127652306459
3153.548,-1.0,1.414029604518419e-08,0.239999994635582,5.157619753504151e-08,29,0.0599999874830246,volta,-7.849541497933463
3154.616,-1.0,1.558308682092502e-08,0.300000011920929,5.141583869772148e-08,29,0.06000001728534701,volta,-7.807346509660352
3155.548,-1.0,1.736350085934646e-08,0.3600000143051147,5.0942958296218415e-08,29,0.06000000238418568,volta,-7.760362707119634
3156.548,-1.0,1.971952912072084e-08,0.4199999868869781,4.681085385982442e-08,29,0.0599999725818634,volta,-7.705103459714999
3158.451,-1.0,2.283485045495581e-08,0.47999998927116394,4.851763435453904e-08,29,0.060000002384185847,volta,-7.641401828234785
3159.585,-1.0,2.656296516079237e-08,0.5400000214576721,5.187211016277615e-08,29,0.06000003218650818,volta,-7.575723447335157
3212.547,-1.0,1.644330041017383e-05,-2.4600000381469727,-1.093660557671683e-07,30,0.05999994277954146,volta,-4.78401100881119
3213.548,-1.0,1.606081605132204e-05,-2.400000095367432,-9.402822342963191e-08,30,0.05999994277954057,volta,-4.794232391960062
3214.566,-1.0,1.56153673742665e-05,-2.339999914169312,-8.423245390076771e-08,30,0.06000018119812012,volta,-4.806447793903208
3215.548,-1.0,1.523367154732114e-05,-2.2799999713897714,-7.386908862372366e-08,30,0.05999994277954057,volta,-4.817195412450378
3217.281,-1.0,1.456087829865282e-05,-2.2200000286102286,-6.319766043816344e-08,30,0.05999994277954279,volta,-4.836812427993168
3217.549,-1.0,1.388970576954307e-05,-2.160000085830688,-5.5923415231973195e-08,30,0.05999994277954057,volta,-4.857306953975651
3218.652,-1.0,1.323631931882119e-05,-2.099999904632568,-4.693672650546432e-08,30,0.06000018119812012,volta,-4.878232764273651
3219.547,-1.0,1.253050504601561e-05,-2.039999961853027,-3.9158095432867406e-08,30,0.059999942779541016,volta,-4.902031424275014
3220.548,-1.0,1.177521880890708e-05,-1.980000019073486,-3.188971220424719e-08,30,0.059999942779540794,volta,-4.92903101399796
3221.547,-1.0,1.096897085517412e-05,-1.919999957084656,-2.5195360464636e-08,30,0.06000006198883012,volta,-4.9598341174467615
3222.548,-1.0,1.01211426226655e-05,-1.8600000143051152,-1.9019950059373514e-08,30,0.059999942779540794,volta,-4.994770455212984
3223.547,-1.0,9.194452104566151e-06,-1.799999952316284,-1.3840008250554092e-08,30,0.06000006198883123,volta,-5.0364741451701205
3224.565,-1.0,8.305482879222835e-06,-1.7400000095367427,-8.62371951626528e-09,30,0.05999994277954124,volta,-5.080635112678513
3225.548,-1.0,7.367430953308941e-06,-1.679999947547913,-4.338777337409283e-09,30,0.06000006198882968,volta,-5.132683925615456
3226.546,-1.0,6.4274654505425124e-06,-1.620000004768372,-5.880355646858959e-10,30,0.059999942779541016,volta,-5.191960249135365
3227.547,-1.0,5.5188143051054794e-06,-1.559999942779541,2.407789301273056e-09,30,0.06000006198883101,volta,-5.2581542186589205
3228.546,-1.0,4.657133558794158e-06,-1.5,5.00555064064656e-09,30,0.059999942779541016,volta,-5.331881307049966
3229.547,-1.0,3.869732609018683e-06,-1.440000057220459,7.2457195798847335e-09,30,0.059999942779541016,volta,-5.412319042846634
3230.548,-1.0,3.172776587234694e-06,-1.379999995231628,9.24751741848695e-09,30,0.06000006198883101,volta,-5.498560507901851
3231.548,-1.0,2.5694941996334815e-06,-1.320000052452087,1.108837111019056e-08,30,0.059999942779541016,volta,-5.5901523583524275
3232.549,-1.0,2.061030727418256e-06,-1.2599999904632573,1.29791617453634e-08,30,0.06000006198882968,volta,-5.685915533379101
3233.548,-1.0,1.641708536226361e-06,-1.200000047683716,1.445510378061954e-08,30,0.05999994277954124,volta,-5.784703943650383
3234.614,-1.0,1.302759642385354e-06,-1.139999985694885,1.1420333123624e-08,30,0.06000006198883101,volta,-5.88513570371541
3236.801,-1.0,9.881997584670899e-07,-1.080000042915344,1.703641494543717e-08,30,0.059999942779541016,volta,-6.005155256595583
3237.565,-1.0,7.90555816365668e-07,-1.019999980926514,2.0570444903000855e-08,30,0.06000006198883012,volta,-6.102067461742091
3238.549,-1.0,6.290614464887768e-07,-0.959999978542328,2.389997355578544e-08,30,0.0600000023841859,volta,-6.201306930758813
3239.548,-1.0,4.991075002180879e-07,-0.8999999761581422,2.707173862859236e-08,30,0.06000000238418579,volta,-6.30180590382882
3240.548,-1.0,3.9407004237546067e-07,-0.8399999737739563,3.009368043649374e-08,30,0.0600000023841859,volta,-6.404426579408818
3241.548,-1.0,3.085792172896618e-07,-0.7799999713897705,3.290538685973843e-08,30,0.06000000238418579,volta,-6.510633326880631
3242.549,-1.0,2.3942624238770804e-07,-0.7200000286102295,3.5570870693391043e-08,30,0.059999942779541016,volta,-6.620828250339094
3243.546,-1.0,1.8358254294525983e-07,-0.6600000262260437,3.7985564915743446e-08,30,0.06000000238418579,volta,-6.7361686186848795
3244.546,-1.0,1.389907566817783e-07,-0.6000000238418579,4.0245772936486894e-08,30,0.06000000238418579,volta,-6.857014080721283
3245.547,-1.0,1.03401184503582e-07,-0.5400000214576721,4.233254102814499e-08,30,0.06000000238418579,volta,-6.98547448618963
3246.548,-1.0,7.30046423313979e-08,-0.47999998927116394,4.40266028078895e-08,30,0.06000003218650818,volta,-7.136649522416459
3247.564,-1.0,5.36832232000961e-08,-0.4199999868869781,4.572639511479792e-08,30,0.060000002384185847,volta,-7.2701614165351955
3248.548,-1.0,3.725298824974743e-08,-0.3600000143051147,4.691555588465234e-08,30,0.0599999725818634,volta,-7.4288388845714275
3249.551,-1.0,2.5612688858700488e-08,-0.300000011920929,4.749828619310392e-08,30,0.06000000238418568,volta,-7.591544826248569
3250.616,-1.0,1.799708648775322e-08,-0.239999994635582,4.893362515190347e-08,30,0.06000001728534701,volta,-7.744797796269275
3251.548,-1.0,1.34960060904632e-08,-0.1800000071525574,4.9826311965261993e-08,30,0.0599999874830246,volta,-7.869794734430937
3252.549,-1.0,1.129853721693053e-08,-0.119999997317791,5.074473818922343e-08,30,0.0600000098347664,volta,-7.9469777795021725
3253.547,-1.0,1.055396836591171e-08,-0.059999998658895486,5.155832738523713e-08,30,0.05999999865889551,volta,-7.976584211895732
3254.549,-1.0,1.005998839787026e-08,0.0,4.736611813882519e-08,30,0.059999998658895486,volta,-7.99740252014926
3256.543,-1.0,1.09272120241144e-08,0.059999998658895486,4.874739545357443e-08,30,0.059999998658895486,volta,-7.961490630089833
3257.548,-1.0,1.1883973805026928e-08,0.119999997317791,4.959364119372367e-08,30,0.05999999865889551,volta,-7.925038314150837
3258.548,-1.0,1.295244711485566e-08,0.1800000071525574,4.9871349716568154e-08,30,0.0600000098347664,volta,-7.887648172271742
3259.548,-1.0,1.423826212487711e-08,0.239999994635582,4.963889210785055e-08,30,0.0599999874830246,volta,-7.846543016010633
3260.547,-1.0,1.57451029991762e-08,0.300000011920929,4.92451093236923e-08,30,0.06000001728534701,volta,-7.802854494009492
3261.546,-1.0,1.760517420734686e-08,0.3600000143051147,4.921309937344631e-08,30,0.06000000238418568,volta,-7.754359673126309
3262.547,-1.0,1.996716214591743e-08,0.4199999868869781,4.997072267087788e-08,30,0.0599999725818634,volta,-7.699683655306915
3263.546,-1.0,2.297353773883515e-08,0.47999998927116394,5.1498677322570074e-08,30,0.060000002384185847,volta,-7.638772121820634
3264.547,-1.0,2.665176346283715e-08,0.5400000214576721,5.38557536344797e-08,30,0.06000003218650818,volta,-7.574274049795333
3317.548,-1.0,1.653273102419917e-05,-2.4600000381469727,-1.095188864042029e-07,31,0.05999994277954146,volta,-4.7816553998604014
3318.548,-1.0,1.615848486835603e-05,-2.400000095367432,-9.404970313653392e-08,31,0.05999994277954057,volta,-4.791599364115969
3319.565,-1.0,1.570647873450071e-05,-2.339999914169312,-8.43306295905677e-08,31,0.06000018119812012,volta,-4.803921169357697
3320.55,-1.0,1.5190779777185533e-05,-2.2799999713897714,-7.394522327786035e-08,31,0.05999994277954057,volta,-4.818419932244078
3321.55,-1.0,1.4623617971665228e-05,-2.2200000286102286,-6.435328714360368e-08,31,0.05999994277954279,volta,-4.8349451669989785
3322.548,-1.0,1.3997864698467312e-05,-2.160000085830688,-5.5501999440821244e-08,31,0.05999994277954057,volta,-4.8539382086360785
3323.55,-1.0,1.333009004156338e-05,-2.099999904632568,-4.716689616657277e-08,31,0.06000018119812012,volta,-4.875166917021096
3324.549,-1.0,1.260929093405139e-05,-2.039999961853027,-3.9346815583485295e-08,31,0.059999942779541016,volta,-4.899309334686793
3325.547,-1.0,1.183613494504243e-05,-1.980000019073486,-3.218989519382376e-08,31,0.059999942779540794,volta,-4.926790092045267
3326.549,-1.0,1.102859914681176e-05,-1.919999957084656,-2.5422739469149753e-08,31,0.06000006198883012,volta,-4.957479648162383
3327.549,-1.0,1.017532304103952e-05,-1.8600000143051152,-1.9223023173253754e-08,31,0.059999942779540794,volta,-4.992451794121036
3328.548,-1.0,9.085109923034906e-06,-1.799999952316284,-1.600980858995626e-08,31,0.06000006198883123,volta,-5.041669813685755
3329.712,-1.0,8.354922101716511e-06,-1.7400000095367427,-9.474492301819737e-09,31,0.05999994277954124,volta,-5.078057594956991
3330.615,-1.0,7.408588771795621e-06,-1.679999947547913,-4.46765424655382e-09,31,0.06000006198882968,volta,-5.13026451091289
3331.548,-1.0,6.467547336796997e-06,-1.620000004768372,-6.397843366201528e-10,31,0.059999942779541016,volta,-5.189260383943542
3332.547,-1.0,5.232980129221687e-06,-1.559999942779541,-4.110491502729019e-09,31,0.06000006198883101,volta,-5.281250914369021
3334.806,-1.0,4.682678081735503e-06,-1.5,3.4685849747972944e-09,31,0.059999942779541016,volta,-5.329505697466996
3335.547,-1.0,3.909571205440443e-06,-1.440000057220459,6.276977160268871e-09,31,0.059999942779541016,volta,-5.40787087261002
3336.55,-1.0,3.205407665518578e-06,-1.379999995231628,8.381641158905493e-09,31,0.06000006198883101,volta,-5.494116728820283
3337.646,-1.0,2.607416945465957e-06,-1.320000052452087,1.073832489595361e-08,31,0.059999942779541016,volta,-5.583789516343541
3338.549,-1.0,2.087366510750144e-06,-1.2599999904632573,1.258505566426038e-08,31,0.06000006198882968,volta,-5.6804012885381585
3339.552,-1.0,1.663547664065845e-06,-1.200000047683716,1.465492260876999e-08,31,0.05999994277954124,volta,-5.778964751185765
3340.549,-1.0,1.319495368079515e-06,-1.139999985694885,1.690299455958666e-08,31,0.06000006198883101,volta,-5.8795921299767375
3341.549,-1.0,1.045467797666788e-06,-1.080000042915344,1.937878124635972e-08,31,0.059999942779541016,volta,-5.980689339710013
3342.549,-1.0,8.260670938398108e-07,-1.019999980926514,2.186909853207908e-08,31,0.06000006198883012,volta,-6.082984677496759
3343.565,-1.0,6.573260975528684e-07,-0.959999978542328,2.503217544358449e-08,31,0.0600000023841859,volta,-6.182219124758726
3344.548,-1.0,5.201609383220784e-07,-0.8999999761581422,2.797104237117765e-08,31,0.06000000238418579,volta,-6.283862264420285
3345.548,-1.0,4.098076828995545e-07,-0.8399999737739563,3.044012686359565e-08,31,0.0600000023841859,volta,-6.38741990389089
3346.617,-1.0,3.205797725058801e-07,-0.7799999713897705,3.352592159444612e-08,31,0.06000000238418579,volta,-6.494063883623219
3347.55,-1.0,2.455822141200771e-07,-0.7200000286102295,3.5587930824476643e-08,31,0.059999942779541016,volta,-6.609803089441333
3348.724,-1.0,1.8751894970137073e-07,-0.6600000262260437,3.792866465346378e-08,31,0.06000000238418579,volta,-6.726954838150146
3349.736,-1.0,1.448602660047982e-07,-0.6000000238418579,4.108309781258868e-08,31,0.06000000238418579,volta,-6.839050721645934
3350.546,-1.0,1.0793268501174681e-07,-0.5400000214576721,4.3001485039440006e-08,31,0.06000000238418579,volta,-6.966847018980502
3351.548,-1.0,7.633080656432867e-08,-0.47999998927116394,4.460095226477279e-08,31,0.06000003218650818,volta,-7.11730014853696
3352.565,-1.0,4.742306458638268e-08,-0.4199999868869781,4.190792068925475e-08,31,0.060000002384185847,volta,-7.324010384352971
3354.569,-1.0,3.298242035043586e-08,-0.3600000143051147,4.391587893337601e-08,31,0.0599999725818634,volta,-7.481717477670593
3355.55,-1.0,2.269873711213677e-08,-0.300000011920929,4.471743153544594e-08,31,0.06000000238418568,volta,-7.643998304942888
3356.601,-1.0,1.618524869684279e-08,-0.239999994635582,4.671307962667015e-08,31,0.06000001728534701,volta,-7.790880622993773
3357.549,-1.0,1.2419843820055121e-08,-0.1800000071525574,4.789116303527408e-08,31,0.0599999874830246,volta,-7.905883865392507
3358.548,-1.0,1.037931429692662e-08,-0.119999997317791,4.7920870827056206e-08,31,0.0600000098347664,volta,-7.98383133694013
3359.753,-1.0,1.03273034568474e-08,-0.059999998658895486,5.0317609634475964e-08,31,0.05999999865889551,volta,-7.98601306150934
3360.548,-1.0,1.061725640738587e-08,0.0,5.114928569582844e-08,31,0.059999998658895486,volta,-7.97398769427811
3361.549,-1.0,1.126883031332682e-08,0.059999998658895486,5.1361169539632094e-08,31,0.059999998658895486,volta,-7.948121160691338
3362.615,-1.0,1.207402977598804e-08,0.119999997317791,5.2337934874913123e-08,31,0.05999999865889551,volta,-7.918147757459574
3363.547,-1.0,1.3134014764659701e-08,0.1800000071525574,5.230518596022193e-08,31,0.0600000098347664,volta,-7.881602499834123
3364.547,-1.0,1.420438344723607e-08,0.239999994635582,5.178214479428789e-08,31,0.0599999874830246,volta,-7.847577612435546
3365.55,-1.0,1.574600894116429e-08,0.300000011920929,5.11114350842945e-08,31,0.06000001728534701,volta,-7.802829506285514
3366.546,-1.0,1.757924650291898e-08,0.3600000143051147,5.070409869745163e-08,31,0.06000000238418568,volta,-7.754999743974279
3367.546,-1.0,1.9892668845500335e-08,0.4199999868869781,5.106101141905128e-08,31,0.0599999725818634,volta,-7.701306947035495
3368.547,-1.0,2.282558675403834e-08,0.47999998927116394,5.2343644085794956e-08,31,0.060000002384185847,volta,-7.6415780496856325
3369.547,-1.0,2.645757213315392e-08,0.5400000214576721,5.442364425789492e-08,31,0.06000003218650818,volta,-7.577450011151966
3422.547,-1.0,1.667330252530519e-05,-2.4600000381469727,-1.0951220730248681e-07,32,0.05999994277954146,volta,-4.777978369790332
3423.548,-1.0,1.628673089726362e-05,-2.400000095367432,-9.409924928149849e-08,32,0.05999994277954057,volta,-4.7881660793352845
3424.566,-1.0,1.584585879754741e-05,-2.339999914169312,-8.475223722825832e-08,32,0.06000018119812012,volta,-4.800084218390451
3425.616,-1.0,1.534391594759654e-05,-2.2799999713897714,-7.374023169859357e-08,32,0.05999994277954057,volta,-4.814063789187684
3426.548,-1.0,1.477228397561703e-05,-2.2200000286102286,-6.420871301315856e-08,32,0.05999994277954279,volta,-4.830552352262728
3427.548,-1.0,1.414189318893477e-05,-2.160000085830688,-5.527213886580284e-08,32,0.05999994277954057,volta,-4.849492447224363
3428.547,-1.0,1.346319913864136e-05,-2.099999904632568,-4.69999079655281e-08,32,0.06000018119812012,volta,-4.87085173036656
3429.548,-1.0,1.2731158676615452e-05,-2.039999961853027,-3.925071823118743e-08,32,0.059999942779541016,volta,-4.895132068933854
3430.552,-1.0,1.1957085007452408e-05,-1.980000019073486,-3.19138422355536e-08,32,0.059999942779540794,volta,-4.922374683180314
3431.548,-1.0,1.123148194892565e-05,-1.919999957084656,-2.5591837982119607e-08,32,0.06000006198883012,volta,-4.949562936545431
3433.057,-1.0,1.03024840427679e-05,-1.8600000143051152,-1.8533897971906296e-08,32,0.059999942779540794,volta,-4.987058049469544
3433.573,-1.0,9.32516559259966e-06,-1.799999952316284,-1.367174373712032e-08,32,0.06000006198883123,volta,-5.030343447421286
3434.566,-1.0,8.420775884587782e-06,-1.7400000095367427,-8.536052753527201e-09,32,0.05999994277954124,volta,-5.074647891057257
3435.548,-1.0,7.468689545930831e-06,-1.679999947547913,-4.282522336751526e-09,32,0.06000006198882968,volta,-5.126755592682216
3436.546,-1.0,6.514508640975691e-06,-1.620000004768372,-5.288958715432557e-10,32,0.059999942779541016,volta,-5.186118335524745
3437.547,-1.0,5.590146429312881e-06,-1.559999942779541,2.4158954836650537e-09,32,0.06000006198883101,volta,-5.252576815975889
3438.547,-1.0,4.721184723166516e-06,-1.5,5.0707220644596865e-09,32,0.059999942779541016,volta,-5.3259490068378765
3439.546,-1.0,3.922376436094055e-06,-1.440000057220459,7.307136229428578e-09,32,0.059999942779541016,volta,-5.406450728803552
3440.547,-1.0,3.215184051441611e-06,-1.379999995231628,8.674061469093884e-09,32,0.06000006198883101,volta,-5.492794161079545
3441.613,-1.0,2.603661869216012e-06,-1.320000052452087,1.117798120731095e-08,32,0.059999942779541016,volta,-5.584415417134814
3442.547,-1.0,2.086683480229112e-06,-1.2599999904632573,1.302284058368741e-08,32,0.06000006198882968,volta,-5.68054342214439
3443.549,-1.0,1.662008685343608e-06,-1.200000047683716,1.504787228157056e-08,32,0.05999994277954124,volta,-5.779366711005008
3444.547,-1.0,1.3196932968639887e-06,-1.139999985694885,1.724546017101147e-08,32,0.06000006198883101,volta,-5.879526989215708
3445.547,-1.0,1.046112743097183e-06,-1.080000042915344,1.9710803655925705e-08,32,0.059999942779541016,volta,-5.980421507565883
3446.547,-1.0,8.262195478891956e-07,-1.019999980926514,2.220378014783364e-08,32,0.06000006198883012,volta,-6.082904534075021
3447.565,-1.0,6.578372904186837e-07,-0.959999978542328,2.535991683316752e-08,32,0.0600000023841859,volta,-6.181881511570855
3448.548,-1.0,5.20530704761768e-07,-0.8999999761581422,2.827765932522652e-08,32,0.06000000238418579,volta,-6.283553647488122
3449.548,-1.0,4.104311415176198e-07,-0.8399999737739563,3.112372226610205e-08,32,0.0600000023841859,volta,-6.386759694494297
3450.548,-1.0,2.9774750487376883e-07,-0.7799999713897705,3.037340690070778e-08,32,0.06000000238418579,volta,-6.526151869220816
3452.656,-1.0,2.328661707906576e-07,-0.7200000286102295,3.402180581701941e-08,32,0.059999942779541016,volta,-6.632893598223833
3453.546,-1.0,1.7831409593327413e-07,-0.6600000262260437,3.6732473063239006e-08,32,0.06000000238418579,volta,-6.748814323991977
3454.549,-1.0,1.348599170114539e-07,-0.6000000238418579,3.927853242657874e-08,32,0.06000000238418579,volta,-6.870117111910444
3455.546,-1.0,1.0018825236102201e-07,-0.5400000214576721,4.151755561565551e-08,32,0.06000000238418579,volta,-6.999183198966649
3456.546,-1.0,6.987861667084873e-08,-0.47999998927116394,4.286928145802449e-08,32,0.06000003218650818,volta,-7.1556557009725
3457.631,-1.0,5.168850591985574e-08,-0.4199999868869781,4.504064321508849e-08,32,0.060000002384185847,volta,-7.286606021133529
3458.547,-1.0,3.585162033914457e-08,-0.3600000143051147,4.629916006138046e-08,32,0.0599999725818634,volta,-7.445491211308681
3459.548,-1.0,2.462537374015028e-08,-0.300000011920929,4.736888570278097e-08,32,0.06000000238418568,volta,-7.608617169477936
3460.548,-1.0,1.733248211621685e-08,-0.239999994635582,4.836391198637102e-08,32,0.06000001728534701,volta,-7.761139239237216
3461.548,-1.0,1.3128876652501728e-08,-0.1800000071525574,4.934144115509298e-08,32,0.0599999874830246,volta,-7.881772431906768
3462.547,-1.0,1.11190798790517e-08,-0.119999997317791,5.02566344096067e-08,32,0.0600000098347664,volta,-7.95393114980288
3463.548,-1.0,1.055526777093974e-08,-0.059999998658895486,5.114755552426686e-08,32,0.05999999865889551,volta,-7.976530744832264
3464.548,-1.0,1.0720384580054088e-08,0.0,5.198482355694978e-08,32,0.059999998658895486,volta,-7.969789634605984
3465.548,-1.0,1.13289955194773e-08,0.059999998658895486,5.259199298279782e-08,32,0.059999998658895486,volta,-7.945808594963359
3466.548,-1.0,1.215105083218759e-08,0.119999997317791,5.295958516171594e-08,32,0.05999999865889551,volta,-7.915386162321943
3467.548,-1.0,1.312143815823674e-08,0.1800000071525574,5.2889575385961514e-08,32,0.0600000098347664,volta,-7.8820185620673175
3468.547,-1.0,1.431204132984476e-08,0.239999994635582,5.234871025550092e-08,32,0.0599999874830246,volta,-7.844298418297475
3469.548,-1.0,1.578161779036691e-08,0.300000011920929,5.1578499693505364e-08,32,0.06000001728534701,volta,-7.801848478856891
3470.548,-1.0,1.754002632026186e-08,0.3600000143051147,4.738647874091839e-08,32,0.06000000238418568,volta,-7.755969759274659
3472.207,-1.0,2.016593292353264e-08,0.4199999868869781,5.281115988964302e-08,32,0.0599999725818634,volta,-7.695381681706439
3472.546,-1.0,2.300585499881436e-08,0.47999998927116394,5.284102044811335e-08,32,0.060000002384185847,volta,-7.638161621805094
3473.614,-1.0,2.6673626862816487e-08,0.5400000214576721,5.525041757437066e-08,32,0.06000003218650818,volta,-7.5739179284639855
3527.546,-1.0,1.677087493590079e-05,-2.4600000381469727,-1.0940384953528341e-07,33,0.05999994277954146,volta,-4.775444279676455
3528.548,-1.0,1.640487789700273e-05,-2.400000095367432,-9.383268206875073e-08,33,0.05999994277954057,volta,-4.785026997759207
3529.564,-1.0,1.6081523426692e-05,-2.339999914169312,-8.34712849950847e-08,33,0.06000018119812012,volta,-4.793672812274943
3531.061,-1.0,1.548793261463288e-05,-2.2799999713897714,-7.263543722046961e-08,33,0.05999994277954057,volta,-4.810006549573179
3531.548,-1.0,1.4928519703971688e-05,-2.2200000286102286,-6.338155600360551e-08,33,0.05999994277954279,volta,-4.825983254315798
3532.549,-1.0,1.4312922758108472e-05,-2.160000085830688,-5.463232000124663e-08,33,0.05999994277954057,volta,-4.84427167245213
3533.551,-1.0,1.363596857117955e-05,-2.099999904632568,-4.633542260989998e-08,33,0.06000018119812012,volta,-4.865314008424301
3534.548,-1.0,1.289275860472117e-05,-2.039999961853027,-3.8718557249239887e-08,33,0.059999942779541016,volta,-4.8896541486955725
3535.548,-1.0,1.211128164868569e-05,-1.980000019073486,-3.153678207468147e-08,33,0.059999942779540794,volta,-4.916809896204615
3536.548,-1.0,1.127809264289681e-05,-1.919999957084656,-2.558635436855639e-08,33,0.06000006198883012,volta,-4.9477643422593145
3537.614,-1.0,1.039686139847618e-05,-1.8600000143051152,-1.877299560248957e-08,33,0.059999942779540794,volta,-4.983097745609363
3538.547,-1.0,9.437990229343997e-06,-1.799999952316284,-1.365757018589875e-08,33,0.06000006198883123,volta,-5.025120476595124
3539.565,-1.0,8.517525202478282e-06,-1.7400000095367427,-8.486759739412264e-09,33,0.05999994277954124,volta,-5.06968657272562
3540.548,-1.0,7.549170277343364e-06,-1.679999947547913,-4.2216421469731805e-09,33,0.06000006198882968,volta,-5.122100778671886
3541.546,-1.0,6.586098606931046e-06,-1.620000004768372,-4.52876097734034e-10,33,0.059999942779541016,volta,-5.181371771327505
3542.546,-1.0,5.650379534927197e-06,-1.559999942779541,2.5190234342886697e-09,33,0.06000006198883101,volta,-5.247922379722393
3543.546,-1.0,4.769445695274044e-06,-1.5,5.154705107202062e-09,33,0.059999942779541016,volta,-5.321532091708761
3544.546,-1.0,3.961714355682489e-06,-1.440000057220459,7.366788512541687e-09,33,0.059999942779541016,volta,-5.402116840817408
3545.548,-1.0,3.245685093133943e-06,-1.379999995231628,9.377038701074978e-09,33,0.06000006198883101,volta,-5.488693619121182
3546.548,-1.0,2.628176162033924e-06,-1.320000052452087,1.12441185251555e-08,33,0.059999942779541016,volta,-5.580345528139974
3547.548,-1.0,2.108002945533372e-06,-1.2599999904632573,1.312196307168279e-08,33,0.06000006198882968,volta,-5.676128786615091
3548.548,-1.0,1.619999352442392e-06,-1.200000047683716,1.272507876848294e-08,33,0.05999994277954124,volta,-5.790485159056598
3550.651,-1.0,1.298817323913681e-06,-1.139999985694885,1.589422282677333e-08,33,0.06000006198883101,volta,-5.8864519272912315
3551.547,-1.0,1.032150976243429e-06,-1.080000042915344,1.861879894704543e-08,33,0.059999942779541016,volta,-5.986256772327269
3552.549,-1.0,8.098563171188289e-07,-1.019999980926514,2.1134782812737282e-08,33,0.06000006198883012,volta,-6.091592025834441
3553.632,-1.0,6.503379381683773e-07,-0.959999978542328,2.463057136026237e-08,33,0.0600000023841859,volta,-6.186860910213864
3554.548,-1.0,5.159012061994872e-07,-0.8999999761581422,2.7840089344977056e-08,33,0.06000000238418579,volta,-6.2874334567260926
3555.548,-1.0,4.0608347262605093e-07,-0.8399999737739563,3.071577481250642e-08,33,0.0600000023841859,volta,-6.391384685696788
3556.548,-1.0,3.182092882525467e-07,-0.7799999713897705,3.347633992234478e-08,33,0.06000000238418579,volta,-6.497287147825971
3557.548,-1.0,2.4725352432142245e-07,-0.7200000286102295,3.608924359355115e-08,33,0.059999942779541016,volta,-6.606857509306363
3558.546,-1.0,1.8988382066709161e-07,-0.6600000262260437,3.849744700801239e-08,33,0.06000000238418579,volta,-6.721512038392789
3559.546,-1.0,1.4394414904472802e-07,-0.6000000238418579,4.0751753971335354e-08,33,0.06000000238418579,volta,-6.841805983368261
3560.546,-1.0,1.0742282796627481e-07,-0.5400000214576721,4.2835377911387695e-08,33,0.06000000238418579,volta,-6.96890341876389
3561.546,-1.0,7.598995921398455e-08,-0.47999998927116394,4.452830637546867e-08,33,0.06000003218650818,volta,-7.119243788588173
3562.564,-1.0,5.6033123030374554e-08,-0.4199999868869781,4.624998695135218e-08,33,0.060000002384185847,volta,-7.251555171266853
3563.548,-1.0,3.917196877978313e-08,-0.3600000143051147,4.752758897552666e-08,33,0.0599999725818634,volta,-7.407024600300266
3564.547,-1.0,2.7074646524738448e-08,-0.300000011920929,4.851167290098601e-08,33,0.06000000238418568,volta,-7.56743720463275
3565.549,-1.0,1.902191648639473e-08,-0.239999994635582,4.945987441828947e-08,33,0.06000001728534701,volta,-7.720745729378849
3566.548,-1.0,1.4214170285242741e-08,-0.1800000071525574,5.038723926986677e-08,33,0.0599999874830246,volta,-7.847278486030338
3567.547,-1.0,1.1762070428744661e-08,-0.119999997317791,5.1279474888588084e-08,33,0.0600000098347664,volta,-7.9295162244643675
3568.547,-1.0,1.016077977311625e-08,-0.059999998658895486,4.810875608995957e-08,33,0.05999999865889551,volta,-7.993072961523894
3570.305,-1.0,1.1225080420729228e-08,0.0,5.415520831775211e-08,33,0.059999998658895486,volta,-7.949810538863274
3570.548,-1.0,1.152249584635001e-08,0.059999998658895486,5.415710191414291e-08,33,0.059999998658895486,volta,-7.938453439758669
3571.549,-1.0,1.2248206004983332e-08,0.119999997317791,5.435634875539108e-08,33,0.05999999865889551,volta,-7.911927517764146
3572.548,-1.0,1.316426967434836e-08,0.1800000071525574,5.422747051397891e-08,33,0.0600000098347664,volta,-7.880603229622742
3573.547,-1.0,1.4313733309734292e-08,0.239999994635582,5.367625988128566e-08,33,0.0599999874830246,volta,-7.8442470787239875
3574.547,-1.0,1.574658092806658e-08,0.300000011920929,5.283849446868771e-08,33,0.06000001728534701,volta,-7.802813730462919
3575.546,-1.0,1.754678535803578e-08,0.3600000143051147,5.2166154063115755e-08,33,0.06000000238418568,volta,-7.755802436414354
3576.546,-1.0,1.9842387288804282e-08,0.4199999868869781,5.225093602234665e-08,33,0.0599999725818634,volta,-7.702406077948842
3577.547,-1.0,2.276961907909936e-08,0.47999998927116394,5.332266184154832e-08,33,0.060000002384185847,volta,-7.642644234787974
3578.546,-1.0,2.641757745891482e-08,0.5400000214576721,5.527421365059126e-08,33,0.06000003218650818,volta,-7.57810701050891
3631.546,-1.0,1.679085471550934e-05,-2.4600000381469727,-1.090891359467605e-07,34,0.05999994277954146,volta,-4.774927196132262
3632.547,-1.0,1.642523966438603e-05,-2.400000095367432,-9.41722646530252e-08,34,0.05999994277954057,volta,-4.784488284832961
3633.632,-1.0,1.599719507794362e-05,-2.339999914169312,-8.365412185185049e-08,34,0.06000018119812012,volta,-4.795956159154094
3634.548,-1.0,1.550089109514374e-05,-2.2799999713897714,-7.315023253795518e-08,34,0.05999994277954057,volta,-4.8096433349535825
3635.549,-1.0,1.49451971083181e-05,-2.2200000286102286,-6.34596020177014e-08,34,0.05999994277954279,volta,-4.825498352789947
3636.548,-1.0,1.432377030141652e-05,-2.160000085830688,-5.454453244624347e-08,34,0.05999994277954057,volta,-4.843942652029526
3637.547,-1.0,1.3645993931277188e-05,-2.099999904632568,-4.628630989600424e-08,34,0.06000018119812012,volta,-4.864994826197943
3638.548,-1.0,1.290796990360832e-05,-2.039999961853027,-3.8655390000030814e-08,34,0.059999942779541016,volta,-4.889142055873654
3639.548,-1.0,1.212079496326623e-05,-1.980000019073486,-3.152935690309278e-08,34,0.059999942779540794,volta,-4.91646889528213
3640.548,-1.0,1.12837315100478e-05,-1.919999957084656,-2.488975603398558e-08,34,0.06000006198883012,volta,-4.947547256183096
3641.547,-1.0,1.040240476868348e-05,-1.8600000143051152,-1.8862676753883527e-08,34,0.059999942779540794,volta,-4.982866251370111
3642.548,-1.0,9.41335929383058e-06,-1.799999952316284,-1.406674421389198e-08,34,0.06000006198883123,volta,-5.0262553646254675
3643.583,-1.0,8.529174010618588e-06,-1.7400000095367427,-8.523034722429655e-09,34,0.05999994277954124,volta,-5.069093025104429
3644.547,-1.0,7.560463927802631e-06,-1.679999947547913,-4.336047076947124e-09,34,0.06000006198882968,volta,-5.121451554352911
3645.548,-1.0,6.599938842555275e-06,-1.620000004768372,-5.296230121132339e-10,34,0.059999942779541016,volta,-5.1804600887708325
3646.546,-1.0,5.68303812542581e-06,-1.559999942779541,1.0783910431300108e-09,34,0.06000006198883101,volta,-5.2454194304225386
3648.527,-1.0,4.820257345272694e-06,-1.5,3.5720943980521716e-09,34,0.059999942779541016,volta,-5.316929774904638
3649.613,-1.0,4.012535555375507e-06,-1.440000057220459,6.783103856378148e-09,34,0.059999942779541016,volta,-5.396581106254368
3650.547,-1.0,3.290438598924084e-06,-1.379999995231628,8.927107053580128e-09,34,0.06000006198883101,volta,-5.482746208920284
3651.547,-1.0,2.665724650796619e-06,-1.320000052452087,1.08568434242784e-08,34,0.059999942779541016,volta,-5.574184711942191
3652.548,-1.0,2.137164983651019e-06,-1.2599999904632573,1.27655628290313e-08,34,0.06000006198882968,volta,-5.67016195012254
3653.549,-1.0,1.703152634036087e-06,-1.200000047683716,1.481429379168731e-08,34,0.05999994277954124,volta,-5.768746429460058
3654.547,-1.0,1.351599621557398e-06,-1.139999985694885,1.702498231281879e-08,34,0.06000006198883101,volta,-5.869151938497879
3655.547,-1.0,1.0718416660893133e-06,-1.080000042915344,1.948479422253513e-08,34,0.059999942779541016,volta,-5.96986936447756
3656.547,-1.0,8.471798764730921e-07,-1.019999980926514,2.197121418134884e-08,34,0.06000006198883012,volta,-6.072024368812386
3657.565,-1.0,6.749141334694287e-07,-0.959999978542328,2.512557450984332e-08,34,0.0600000023841859,volta,-6.170751477143078
3658.548,-1.0,5.348484251044283e-07,-0.8999999761581422,2.8039730537443568e-08,34,0.06000000238418579,volta,-6.2717692786659445
3659.548,-1.0,4.2206525563415203e-07,-0.8399999737739563,3.090361389013196e-08,34,0.0600000023841859,volta,-6.374620397448582
3660.548,-1.0,3.307485485493089e-07,-0.7799999713897705,3.361346756491912e-08,34,0.06000000238418579,volta,-6.480502052985991
3661.548,-1.0,2.56922731978193e-07,-0.7200000286102295,3.6143124049203834e-08,34,0.059999942779541016,volta,-6.590197468579369
3662.548,-1.0,1.975471946025209e-07,-0.6600000262260437,3.853032737310969e-08,34,0.06000000238418579,volta,-6.704329133420124
3663.546,-1.0,1.4996469133166102e-07,-0.6000000238418579,4.075674908676775e-08,34,0.06000000238418579,volta,-6.824010982043601
3664.546,-1.0,1.1224126694742151e-07,-0.5400000214576721,4.241385553882537e-08,34,0.06000000238418579,volta,-6.949847439759734
3665.613,-1.0,7.979588900752788e-08,-0.47999998927116394,4.447807100405043e-08,34,0.06000003218650818,volta,-7.0980194824254035
3666.563,-1.0,5.413754067262744e-08,-0.4199999868869781,4.371194961549918e-08,34,0.060000002384185847,volta,-7.26650147698381
3668.097,-1.0,4.201840297923809e-08,-0.3600000143051147,4.828298116876795e-08,34,0.0599999725818634,volta,-7.376560458129134
3668.547,-1.0,2.899583684268237e-08,-0.300000011920929,4.888028115601628e-08,34,0.06000000238418568,volta,-7.537664352654183
3669.548,-1.0,2.030829193699901e-08,-0.239999994635582,4.9645674238263375e-08,34,0.06000001728534701,volta,-7.6923266021259895
3670.549,-1.0,1.502331592462269e-08,-0.1800000071525574,5.048651630090717e-08,34,0.0599999874830246,volta,-7.8232341998999395
3671.549,-1.0,1.224316381609469e-08,-0.119999997317791,5.13469089469254e-08,34,0.0600000098347664,volta,-7.912106339517113
3672.547,-1.0,1.113285996723334e-08,-0.059999998658895486,5.2138435790993753e-08,34,0.05999999865889551,volta,-7.953393253595735
3673.547,-1.0,1.102128077690168e-08,0.0,5.287665061359803e-08,34,0.059999998658895486,volta,-7.957767933431615
3674.547,-1.0,1.144304295763732e-08,0.059999998658895486,5.3453170778539054e-08,34,0.059999998658895486,volta,-7.941458471698441
3675.548,-1.0,1.216608325194102e-08,0.119999997317791,5.380687895240044e-08,34,0.05999999865889551,volta,-7.914849216006016
3676.547,-1.0,1.307232366798416e-08,0.1800000071525574,5.3728260951402256e-08,34,0.0600000098347664,volta,-7.883647207638521
3677.548,-1.0,1.4195382647130828e-08,0.239999994635582,5.322462470758182e-08,34,0.0599999874830246,volta,-7.84785289624854
3678.547,-1.0,1.560561635471913e-08,0.300000011920929,5.241761158458758e-08,34,0.06000001728534701,volta,-7.806719073895973
3679.547,-1.0,1.739797639288554e-08,0.3600000143051147,5.1786567922817994e-08,34,0.06000000238418568,volta,-7.759501262781286
3680.548,-1.0,1.967593377116827e-08,0.4199999868869781,5.142899794918776e-08,34,0.0599999725818634,volta,-7.706064647937496
3681.613,-1.0,2.257193365551302e-08,0.47999998927116394,5.299606442576987e-08,34,0.060000002384185847,volta,-7.646431234898849
3682.547,-1.0,2.6184178381072336e-08,0.5400000214576721,5.4974414354092e-08,34,0.06000003218650818,volta,-7.581961049036307
3736.546,-1.0,1.699385575193446e-05,-2.4600000381469727,-1.0741603517772091e-07,35,0.05999994277954146,volta,-4.769708072466663
3737.547,-1.0,1.661297028476838e-05,-2.400000095367432,-9.213488283421613e-08,35,0.05999994277954057,volta,-4.779552711741375
3738.564,-1.0,1.618182614038233e-05,-2.339999914169312,-8.22043801917971e-08,35,0.06000018119812012,volta,-4.790972469254072
3739.548,-1.0,1.56901114678476e-05,-2.2799999713897714,-7.220362618909347e-08,35,0.05999994277954057,volta,-4.804373971027521
3740.55,-1.0,1.513861388957594e-05,-2.2200000286102286,-6.236994209984914e-08,35,0.05999994277954279,volta,-4.819913887561618
3741.548,-1.0,1.4515101611323192e-05,-2.160000085830688,-5.362349853044179e-08,35,0.05999994277954057,volta,-4.838179919592383
3742.549,-1.0,1.3872408089810048e-05,-2.099999904632568,-4.569275446897336e-08,35,0.06000018119812012,volta,-4.857848143876965
3743.749,-1.0,1.308438731939532e-05,-2.039999961853027,-3.77938391693533e-08,35,0.059999942779541016,volta,-4.883246608525469
3744.549,-1.0,1.242579219251638e-05,-1.980000019073486,-3.238413270878482e-08,35,0.059999942779540794,volta,-4.905675913751883
3746.567,-1.0,1.157458973466419e-05,-1.919999957084656,-2.4751127369881936e-08,35,0.06000006198883012,volta,-4.936494393755295
3747.549,-1.0,1.064436401065905e-05,-1.8600000143051152,-1.8735539342173976e-08,35,0.059999942779540794,volta,-4.972880282080302
3748.556,-1.0,9.662102456786668e-06,-1.799999952316284,-1.34337305723875e-08,35,0.06000006198883123,volta,-5.0149283615730385
3749.567,-1.0,8.71333213581238e-06,-1.7400000095367427,-8.305407028785794e-09,35,0.05999994277954124,volta,-5.059815731162602
3750.553,-1.0,7.727779120614287e-06,-1.679999947547913,-4.008960718948629e-09,35,0.06000006198882968,volta,-5.111945299645006
3751.546,-1.0,6.738165666320128e-06,-1.620000004768372,-3.41343869836308e-10,35,0.059999942779541016,volta,-5.171458315544837
3752.548,-1.0,5.7823845054372205e-06,-1.559999942779541,2.6140452025202876e-09,35,0.06000006198883101,volta,-5.237893032859501
3753.549,-1.0,4.885500402451726e-06,-1.5,5.263769864427559e-09,35,0.059999942779541016,volta,-5.311090946603669
3754.547,-1.0,4.0614199861011e-06,-1.440000057220459,7.488715425552071e-09,35,0.059999942779541016,volta,-5.391322098366375
3755.548,-1.0,3.3314488518954026e-06,-1.379999995231628,9.468877237850391e-09,35,0.06000006198883101,volta,-5.477366850116123
3756.548,-1.0,2.692837597351172e-06,-1.320000052452087,1.106215741231154e-08,35,0.059999942779541016,volta,-5.569789837714003
3757.633,-1.0,2.172228050767444e-06,-1.2599999904632573,1.3271212573329192e-08,35,0.06000006198882968,volta,-5.663094582402341
3758.548,-1.0,1.73141472714633e-06,-1.200000047683716,1.518825243351785e-08,35,0.05999994277954124,volta,-5.761598892761213
3759.549,-1.0,1.368875473417575e-06,-1.139999985694885,1.700484730804419e-08,35,0.06000006198883101,volta,-5.863636057831975
3760.661,-1.0,1.09500047074107e-06,-1.080000042915344,1.991648623800302e-08,35,0.059999942779541016,volta,-5.960585694120479
3761.548,-1.0,8.615747901785653e-07,-1.019999980926514,2.198693849209121e-08,35,0.06000006198883012,volta,-6.064707017052826
3762.631,-1.0,6.917273935869163e-07,-0.959999978542328,2.540539512096984e-08,35,0.0600000023841859,volta,-6.1600650251770865
3763.549,-1.0,5.495036816682841e-07,-0.8999999761581422,2.832676138098122e-08,35,0.06000000238418579,volta,-6.260029393462759
3764.549,-1.0,4.1334629941047757e-07,-0.8399999737739563,2.872027238254304e-08,35,0.0600000023841859,volta,-6.383685946152342
3766.366,-1.0,3.4612978083714557e-07,-0.7799999713897705,3.524865022086487e-08,35,0.06000000238418579,volta,-6.460761032613355
3766.55,-1.0,2.63831964275596e-07,-0.7200000286102295,3.626036715331793e-08,35,0.059999942779541016,volta,-6.578672589124939
3767.739,-1.0,2.0702374570191753e-07,-0.6600000262260437,3.941588389011486e-08,35,0.06000000238418579,volta,-6.683979837944735
3768.55,-1.0,1.577677721797954e-07,-0.6000000238418579,4.1427732355714404e-08,35,0.06000000238418579,volta,-6.801981707045018
3769.549,-1.0,1.185246674140217e-07,-0.5400000214576721,4.341459458601094e-08,35,0.06000000238418579,volta,-6.926191254658724
3770.547,-1.0,8.467035428338932e-08,-0.47999998927116394,4.505970707668894e-08,35,0.06000003218650818,volta,-7.072268623020372
3771.563,-1.0,6.295032761727272e-08,-0.4199999868869781,4.675028364431455e-08,35,0.060000002384185847,volta,-7.201002005317779
3772.548,-1.0,4.444855505880696e-08,-0.3600000143051147,4.7987519735670496e-08,35,0.0599999725818634,volta,-7.352142352583231
3773.548,-1.0,3.092846867502885e-08,-0.300000011920929,4.903748163087585e-08,35,0.06000000238418568,volta,-7.509641582177504
3774.548,-1.0,2.169486279512967e-08,-0.239999994635582,4.998134528477749e-08,35,0.06000001728534701,volta,-7.663643092135668
3775.549,-1.0,1.567392438062143e-08,-0.1800000071525574,5.096097055456994e-08,35,0.0599999874830246,volta,-7.804822252831467
3776.548,-1.0,1.183166542517711e-08,-0.119999997317791,5.225192367674936e-08,35,0.0600000098347664,volta,-7.92695411977974
3777.547,-1.0,1.110082870070528e-08,-0.059999998658895486,5.2221547974795606e-08,35,0.05999999865889551,volta,-7.954644598987265
3778.613,-1.0,1.099888091715684e-08,0.0,5.343490983023003e-08,35,0.059999998658895486,volta,-7.958651499953357
3779.548,-1.0,1.1400342003753388e-08,0.059999998658895486,5.409164316461101e-08,35,0.059999998658895486,volta,-7.943082119881514
3780.548,-1.0,1.208978872568878e-08,0.119999997317791,5.451791196264821e-08,35,0.05999999865889551,volta,-7.917581288557694
3781.548,-1.0,1.298027019203118e-08,0.1800000071525574,5.4578745078970314e-08,35,0.0600000098347664,volta,-7.886716267344054
3782.548,-1.0,1.4076519505579201e-08,0.239999994635582,5.42047153828662e-08,35,0.0599999874830246,volta,-7.851504713544505
3783.548,-1.0,1.54410955133244e-08,0.300000011920929,5.344281106545168e-08,35,0.06000001728534701,volta,-7.811321890625049
3784.548,-1.0,1.714246344874937e-08,0.3600000143051147,4.964630662129821e-08,35,0.06000000238418568,volta,-7.765926767866576
3786.04,-1.0,1.954079920096774e-08,0.4199999868869781,5.350042542318079e-08,35,0.0599999725818634,volta,-7.709057678003514
3786.546,-1.0,2.2307634850449176e-08,0.47999998927116394,5.386462120782198e-08,35,0.060000002384185847,volta,-7.651546473008381
3787.549,-1.0,2.5852251894775687e-08,0.5400000214576721,5.557650339937936e-08,35,0.06000003218650818,volta,-7.587501621124031
3840.546,-1.0,1.70012117450824e-05,-2.4600000381469727,-1.0780024695122851e-07,36,0.05999994277954146,volta,-4.769520123595362
3841.546,-1.0,1.662203067098744e-05,-2.400000095367432,-9.315574089896472e-08,36,0.05999994277954057,volta,-4.779315920664308
3842.631,-1.0,1.639283800614066e-05,-2.339999914169312,-8.202910350973981e-08,36,0.06000018119812012,volta,-4.785345852792553
3844.757,-1.0,1.581698597874492e-05,-2.2799999713897714,-7.164032211903759e-08,36,0.05999994277954057,volta,-4.800876270364752
3845.548,-1.0,1.522993989055976e-05,-2.2200000286102286,-6.23530738153022e-08,36,0.05999994277954279,volta,-4.817301810731569
3846.55,-1.0,1.459376744605834e-05,-2.160000085830688,-5.359325427889416e-08,36,0.05999994277954057,volta,-4.835832578577959
3847.547,-1.0,1.3899635632697032e-05,-2.099999904632568,-4.54871553756675e-08,36,0.06000018119812012,volta,-4.856996584262678
3848.548,-1.0,1.314902237936622e-05,-2.039999961853027,-3.7905920180492096e-08,36,0.059999942779541016,volta,-4.881106535465454
3849.547,-1.0,1.23411055028555e-05,-1.980000019073486,-3.092919698133301e-08,36,0.059999942779540794,volta,-4.908645934931205
3850.548,-1.0,1.149002309830394e-05,-1.919999957084656,-2.436320833965055e-08,36,0.06000006198883012,volta,-4.939679098252023
3851.547,-1.0,1.0592233593342827e-05,-1.8600000143051152,-1.8403708779146648e-08,36,0.059999942779540794,volta,-4.975012450187121
3852.548,-1.0,9.622855031921063e-06,-1.799999952316284,-1.329214605050311e-08,36,0.06000006198883123,volta,-5.0166960567924965
3853.564,-1.0,8.689354217494838e-06,-1.7400000095367427,-8.18954681847117e-09,36,0.05999994277954124,volta,-5.061012498603112
3854.548,-1.0,7.708279554208275e-06,-1.679999947547913,-3.985237917447647e-09,36,0.06000006198882968,volta,-5.113042543283779
3855.548,-1.0,6.732953806931619e-06,-1.620000004768372,-2.4546384369550367e-10,36,0.059999942779541016,volta,-5.171794365104833
3856.546,-1.0,5.78326580580324e-06,-1.559999942779541,2.749908079024976e-09,36,0.06000006198883101,volta,-5.237826846544627
3857.546,-1.0,4.8857259571377645e-06,-1.5,4.645550166770817e-09,36,0.059999942779541016,volta,-5.311070896478551
3858.614,-1.0,4.064685981575167e-06,-1.440000057220459,7.593405015882126e-09,36,0.059999942779541016,volta,-5.390973000312689
3859.546,-1.0,3.33407160724164e-06,-1.379999995231628,9.548914547963246e-09,36,0.06000006198883101,volta,-5.477025076884754
3860.547,-1.0,2.703485506572179e-06,-1.320000052452087,1.138160232727614e-08,36,0.059999942779541016,volta,-5.568075954341583
3861.548,-1.0,2.172570248148986e-06,-1.2599999904632573,1.326298715298435e-08,36,0.06000006198882968,volta,-5.663026172121997
3862.547,-1.0,1.688444626779528e-06,-1.200000047683716,1.3212251737115821e-08,36,0.05999994277954124,volta,-5.772513177657192
3864.341,-1.0,1.409630726811884e-06,-1.139999985694885,1.894438206306859e-08,36,0.06000006198883101,volta,-5.850894642175922
3864.547,-1.0,1.1064183809139647e-06,-1.080000042915344,2.013164746017537e-08,36,0.059999942779541016,volta,-5.956080617910317
3865.568,-1.0,8.757916702961667e-07,-1.019999980926514,2.2705698654590385e-08,36,0.06000006198883012,volta,-6.0575991897234935
3866.564,-1.0,6.989933467593802e-07,-0.959999978542328,2.576339319659837e-08,36,0.0600000023841859,volta,-6.155526957987422
3867.547,-1.0,5.553257551582648e-07,-0.8999999761581422,2.860984871233541e-08,36,0.06000000238418579,volta,-6.255452184147221
3868.547,-1.0,4.39358956327851e-07,-0.8399999737739563,3.139236071092455e-08,36,0.0600000023841859,volta,-6.357180516083893
3869.548,-1.0,3.451978045632131e-07,-0.7799999713897705,3.405033410786018e-08,36,0.06000000238418579,volta,-6.461931975034215
3870.548,-1.0,2.69034728717088e-07,-0.7200000286102295,3.655867786278577e-08,36,0.059999942779541016,volta,-6.570191654879818
3871.547,-1.0,2.074917517802533e-07,-0.6600000262260437,3.888684574349099e-08,36,0.06000000238418579,volta,-6.68299916269897
3872.548,-1.0,1.5819037457731613e-07,-0.6000000238418579,4.110928841782879e-08,36,0.06000000238418579,volta,-6.800819945586342
3873.546,-1.0,1.1878991301728091e-07,-0.5400000214576721,4.276416376569614e-08,36,0.06000000238418579,volta,-6.925220435675717
3874.612,-1.0,8.475932844476118e-08,-0.47999998927116394,4.484883575628373e-08,36,0.06000003218650818,volta,-7.071812492899066
3875.563,-1.0,6.31297609743342e-08,-0.4199999868869781,4.656510554923443e-08,36,0.060000002384185847,volta,-7.1997658550212
3876.547,-1.0,4.446012979997249e-08,-0.3600000143051147,4.784359930454229e-08,36,0.0599999725818634,volta,-7.352029273725883
3877.547,-1.0,3.08828944639572e-08,-0.300000011920929,4.890358340503553e-08,36,0.06000000238418568,volta,-7.510282002675192
3878.548,-1.0,2.1637212910263767e-08,-0.239999994635582,4.989047042158745e-08,36,0.06000001728534701,volta,-7.66479868144193
3879.548,-1.0,1.59035451474665e-08,-0.1800000071525574,5.084251242237769e-08,36,0.0599999874830246,volta,-7.798506053895595
3880.548,-1.0,1.2766170343070368e-08,-0.119999997317791,5.172989503421377e-08,36,0.0600000098347664,volta,-7.893939364938179
3881.55,-1.0,9.295332503711505e-09,-0.059999998658895486,4.374569684273411e-08,36,0.05999999865889551,volta,-8.031735070448905
3883.778,-1.0,1.036194596792939e-08,0.0,4.844131495929105e-08,36,0.059999998658895486,volta,-7.9845586766591365
3884.547,-1.0,1.106172842213482e-08,0.059999998658895486,4.987064627925974e-08,36,0.059999998658895486,volta,-7.956177008153608
3885.549,-1.0,1.193243281960576e-08,0.119999997317791,5.079110820815913e-08,36,0.05999999865889551,volta,-7.923271002061793
3886.547,-1.0,1.293072759978031e-08,0.1800000071525574,5.11063227293107e-08,36,0.0600000098347664,volta,-7.888377037093376
3887.548,-1.0,1.4113462398768208e-08,0.239999994635582,5.092380206406233e-08,36,0.0599999874830246,volta,-7.850366429462117
3888.547,-1.0,1.556646900269243e-08,0.300000011920929,5.0437783727375056e-08,36,0.06000001728534701,volta,-7.807809888816397
3889.548,-1.0,1.736347776670755e-08,0.3600000143051147,4.971056100089299e-08,36,0.06000000238418568,volta,-7.7603632847112385
3890.614,-1.0,1.965950779947434e-08,0.4199999868869781,5.076804043824268e-08,36,0.0599999725818634,volta,-7.70642735947683
3891.546,-1.0,2.2565949109321082e-08,0.47999998927116394,5.212357123696165e-08,36,0.060000002384185847,volta,-7.646546395612815
3892.546,-1.0,2.616820360401562e-08,0.5400000214576721,5.4290353546093684e-08,36,0.06000003218650818,volta,-7.5822260898034175
3946.548,-1.0,1.726672599033918e-05,-2.4600000381469727,-1.066249595282898e-07,37,0.05999994277954146,volta,-4.762790002856706
3947.549,-1.0,1.687536132521927e-05,-2.400000095367432,-9.150115687361904e-08,37,0.05999994277954057,volta,-4.772746919541741
3948.565,-1.0,1.64301509357756e-05,-2.339999914169312,-8.187964084527266e-08,37,0.06000018119812012,volta,-4.784358446895226
3949.548,-1.0,1.591582258697599e-05,-2.2799999713897714,-7.165192528191257e-08,37,0.05999994277954057,volta,-4.798170910561511
3950.55,-1.0,1.533665636088699e-05,-2.2200000286102286,-6.227804760783329e-08,37,0.05999994277954279,volta,-4.814269313287821
3951.55,-1.0,1.469939888920635e-05,-2.160000085830688,-5.3541327815764816e-08,37,0.05999994277954057,volta,-4.832700424737432
3952.548,-1.0,1.399140364810592e-05,-2.099999904632568,-4.5470631704347404e-08,37,0.06000018119812012,volta,-4.854138713953642
3953.548,-1.0,1.323522337770555e-05,-2.039999961853027,-3.85968554894589e-08,37,0.059999942779541016,volta,-4.8782687244883425
3954.615,-1.0,1.2448143934307147e-05,-1.980000019073486,-3.110495683245063e-08,37,0.059999942779540794,volta,-4.904895398703201
3955.693,-1.0,1.156932103185682e-05,-1.919999957084656,-2.4247896135420888e-08,37,0.06000006198883012,volta,-4.936692127718119
3956.548,-1.0,1.066150616679806e-05,-1.8600000143051152,-1.8350029051816815e-08,37,0.059999942779540794,volta,-4.972181437549334
3957.549,-1.0,9.683423741080333e-06,-1.799999952316284,-1.327784104887542e-08,37,0.06000006198883123,volta,-5.013971063252967
3958.566,-1.0,8.742061254451983e-06,-1.7400000095367427,-8.135688567278976e-09,37,0.05999994277954124,volta,-5.058386154792456
3959.55,-1.0,7.751773409836462e-06,-1.679999947547913,-4.0829899461414235e-09,37,0.06000006198882968,volta,-5.110598930525908
3960.549,-1.0,6.812098035879899e-06,-1.620000004768372,-1.5835285305243468e-09,37,0.059999942779541016,volta,-5.1667191105427746
3962.489,-1.0,5.871838311577449e-06,-1.559999942779541,2.1386028503656007e-09,37,0.06000006198883101,volta,-5.231225911769863
3963.547,-1.0,4.964481377101038e-06,-1.5,4.802811037762921e-09,37,0.059999942779541016,volta,-5.304126114102654
3964.548,-1.0,4.132141839363612e-06,-1.440000057220459,7.109189237297641e-09,37,0.059999942779541016,volta,-5.3838247793606255
3965.547,-1.0,3.3862290820252375e-06,-1.379999995231628,9.191131411512288e-09,37,0.06000006198883101,volta,-5.470283664746246
3966.548,-1.0,2.744589892245131e-06,-1.320000052452087,1.111716052548672e-08,37,0.059999942779541016,volta,-5.561522540409167
3967.55,-1.0,2.2037183953216295e-06,-1.2599999904632573,1.303881447256572e-08,37,0.06000006198882968,volta,-5.656843903092323
3968.549,-1.0,1.759692395353341e-06,-1.200000047683716,1.505705071735974e-08,37,0.05999994277954124,volta,-5.754563242797339
3969.548,-1.0,1.39840835799987e-06,-1.139999985694885,1.676479577383816e-08,37,0.06000006198883101,volta,-5.854365989012893
3970.615,-1.0,1.110962557504536e-06,-1.080000042915344,1.969935858880945e-08,37,0.059999942779541016,volta,-5.954300577731668
3971.55,-1.0,8.805196216599143e-07,-1.019999980926514,2.22272991123873e-08,37,0.06000006198883012,volta,-6.055260961691392
3972.565,-1.0,7.028465347502788e-07,-0.959999978542328,2.539421295466582e-08,37,0.0600000023841859,volta,-6.153139492031305
3973.548,-1.0,5.583926281360618e-07,-0.8999999761581422,2.8323805523200456e-08,37,0.06000000238418579,volta,-6.253060323875158
3974.548,-1.0,4.416396564010938e-07,-0.8399999737739563,3.116542046655013e-08,37,0.0600000023841859,volta,-6.354931936676261
3975.549,-1.0,3.4703708706729236e-07,-0.7799999713897705,3.388311853314008e-08,37,0.06000000238418579,volta,-6.459624110661574
3976.55,-1.0,2.6201010427939764e-07,-0.7200000286102295,3.456958452829895e-08,37,0.059999942779541016,volta,-6.581681960023118
3977.771,-1.0,2.0811378931284713e-07,-0.6600000262260437,3.881078924905523e-08,37,0.06000000238418579,volta,-6.681699143122945
3978.549,-1.0,1.5826117305550722e-07,-0.6000000238418579,4.10365714742511e-08,37,0.06000000238418579,volta,-6.800625619540863
3979.549,-1.0,1.186805960173842e-07,-0.5400000214576721,4.312459367383781e-08,37,0.06000000238418579,volta,-6.925620281310276
3980.548,-1.0,7.722607620053168e-08,-0.47999998927116394,4.231370809293367e-08,37,0.06000003218650818,volta,-7.112236030780534
3982.249,-1.0,6.387752193859342e-08,-0.4199999868869781,4.787811036521816e-08,37,0.060000002384185847,volta,-7.194651940205277
3982.547,-1.0,4.4626297324157356e-08,-0.3600000143051147,4.839953149371468e-08,37,0.0599999725818634,volta,-7.350409145388812
3983.553,-1.0,3.098291045944279e-08,-0.300000011920929,4.922976515331356e-08,37,0.06000000238418568,volta,-7.508877788090513
3984.548,-1.0,2.1667659666491087e-08,-0.239999994635582,5.013524528862945e-08,37,0.06000001728534701,volta,-7.664187994486243
3985.549,-1.0,1.591583576043831e-08,-0.1800000071525574,5.068292807663966e-08,37,0.0599999874830246,volta,-7.798170551097865
3986.613,-1.0,1.272938288110481e-08,-0.119999997317791,5.195317243078534e-08,37,0.0600000098347664,volta,-7.895192650378342
3987.548,-1.0,1.139609828726407e-08,-0.059999998658895486,5.27335544120433e-08,37,0.05999999865889551,volta,-7.943243813782126
3988.549,-1.0,1.113427927634802e-08,0.0,5.3534961352852406e-08,37,0.059999998658895486,volta,-7.953337889670382
3989.548,-1.0,1.146930461715101e-08,0.059999998658895486,5.415419579435365e-08,37,0.059999998658895486,volta,-7.9404629125337
3990.548,-1.0,1.214599620880108e-08,0.119999997317791,5.455602547499439e-08,37,0.05999999865889551,volta,-7.915566858772243
3991.548,-1.0,1.302892016497026e-08,0.1800000071525574,5.456665874703504e-08,37,0.0600000098347664,volta,-7.885091577060107
3992.548,-1.0,1.4119959423908308e-08,0.239999994635582,5.414545611870381e-08,37,0.0599999874830246,volta,-7.850166551301073
3993.548,-1.0,1.550786521420378e-08,0.300000011920929,5.336261921229379e-08,37,0.06000001728534701,volta,-7.80944798229611
3994.549,-1.0,1.722799503056649e-08,0.3600000143051147,5.26549577273272e-08,37,0.06000000238418568,volta,-7.763765262182125
3995.547,-1.0,1.950595418520606e-08,0.4199999868869781,5.26204360085103e-08,37,0.0599999725818634,volta,-7.709832800172294
3996.549,-1.0,2.2386920761618967e-08,0.47999998927116394,5.356929477784433e-08,37,0.060000002384185847,volta,-7.650005637917317
3997.548,-1.0,2.599834303396165e-08,0.5400000214576721,5.545240711057887e-08,37,0.06000003218650818,volta,-7.585054330265272
4051.547,-1.0,1.71279189089546e-05,-2.4600000381469727,-1.0875129419218873e-07,38,0.05999994277954146,volta,-4.766295401848422
4052.547,-1.0,1.674483974056784e-05,-2.400000095367432,-9.335442996416533e-08,38,0.05999994277954057,volta,-4.776119004595904
4053.565,-1.0,1.630760380066931e-05,-2.339999914169312,-8.34724289688893e-08,38,0.06000018119812012,volta,-4.787609848438501
4054.548,-1.0,1.580413481860887e-05,-2.2799999713897714,-7.301071747178865e-08,38,0.05999994277954057,volta,-4.801229274186229
4055.548,-1.0,1.523244372947374e-05,-2.2200000286102286,-6.339077174288832e-08,38,0.05999994277954279,volta,-4.817230417537922
4056.547,-1.0,1.459953728044638e-05,-2.160000085830688,-5.452826101759456e-08,38,0.05999994277954057,volta,-4.83566090858086
4057.547,-1.0,1.391292789776344e-05,-2.099999904632568,-4.627429461834254e-08,38,0.06000018119812012,volta,-4.856581465548178
4058.548,-1.0,1.3069855413050392e-05,-2.039999961853027,-4.3202700084066243e-08,38,0.059999942779541016,volta,-4.883729216831215
4060.75,-1.0,1.256154700968182e-05,-1.980000019073486,-3.204806020562501e-08,38,0.059999942779540794,volta,-4.900956872032306
4061.547,-1.0,1.1690115570672788e-05,-1.919999957084656,-2.52703546976818e-08,38,0.06000006198883012,volta,-4.932181195300319
4062.633,-1.0,1.076618445949862e-05,-1.8600000143051152,-1.883289790782783e-08,38,0.059999942779540794,volta,-4.967938183589984
4063.548,-1.0,9.761526598595081e-06,-1.799999952316284,-1.371313373965677e-08,38,0.06000006198883123,volta,-5.010482257999222
4064.567,-1.0,8.809717655822169e-06,-1.7400000095367427,-9.322536520528498e-09,38,0.05999994277954124,volta,-5.055038010144519
4065.621,-1.0,7.811486284481362e-06,-1.679999947547913,-4.196870406758535e-09,38,0.06000006198882968,volta,-5.10726632543935
4066.547,-1.0,6.592429599550087e-06,-1.620000004768372,-3.5153866484449736e-09,38,0.059999942779541016,volta,-5.180954499333568
4067.766,-1.0,5.8537793847790445e-06,-1.559999942779541,2.610135219072163e-09,38,0.06000006198883101,volta,-5.232563649134637
4068.546,-1.0,4.93970492243534e-06,-1.5,5.2063229283305645e-09,38,0.059999942779541016,volta,-5.306298993259669
4069.548,-1.0,4.108580469619483e-06,-1.440000057220459,7.498717202736316e-09,38,0.059999942779541016,volta,-5.386308202625014
4070.547,-1.0,3.3671401524770768e-06,-1.379999995231628,9.502541864492285e-09,38,0.06000006198883101,volta,-5.472738806338183
4071.547,-1.0,2.728000708884792e-06,-1.320000052452087,1.1350524964370832e-08,38,0.059999942779541016,volta,-5.564155521161925
4072.548,-1.0,2.1883438421355086e-06,-1.2599999904632573,1.3208460991620541e-08,38,0.06000006198882968,volta,-5.6598844387326235
4073.549,-1.0,1.744585006235866e-06,-1.200000047683716,1.523511450329806e-08,38,0.05999994277954124,volta,-5.7583078643702255
4074.547,-1.0,1.386923713653232e-06,-1.139999985694885,1.741713262504163e-08,38,0.06000006198883101,volta,-5.857947426201835
4075.548,-1.0,1.10021233012958e-06,-1.080000042915344,1.9884991431240447e-08,38,0.059999942779541016,volta,-5.958523492200985
4076.547,-1.0,8.70460155510955e-07,-1.019999980926514,2.240203578196542e-08,38,0.06000006198883012,volta,-6.060251103510192
4077.565,-1.0,6.937061698408797e-07,-0.959999978542328,2.5591290864213082e-08,38,0.0600000023841859,volta,-6.158824442856771
4078.548,-1.0,5.219919785304229e-07,-0.8999999761581422,2.582809877083037e-08,38,0.06000000238418579,volta,-6.282336170765441
4080.484,-1.0,4.1101634451479196e-07,-0.8399999737739563,2.883682270748977e-08,38,0.0600000023841859,volta,-6.386140907585134
4081.615,-1.0,3.229423839457013e-07,-0.7799999713897705,3.227588152299177e-08,38,0.06000000238418579,volta,-6.490874953106767
4082.55,-1.0,2.521908299968345e-07,-0.7200000286102295,3.515273405696462e-08,38,0.059999942779541016,volta,-6.598270709016614
4083.546,-1.0,1.9445478471880048e-07,-0.6600000262260437,3.77367257442529e-08,38,0.06000000238418579,volta,-6.711181366214608
4084.547,-1.0,1.4814007442964794e-07,-0.6000000238418579,4.012816035015021e-08,38,0.06000000238418579,volta,-6.829327441482876
4085.546,-1.0,1.1108470232557013e-07,-0.5400000214576721,4.227015892865893e-08,38,0.06000000238418579,volta,-6.954345744416716
4086.547,-1.0,7.896377951510658e-08,-0.47999998927116394,4.4005872723573696e-08,38,0.06000003218650818,volta,-7.102572072809646
4087.563,-1.0,5.8378340384024334e-08,-0.4199999868869781,4.574320300321233e-08,38,0.060000002384185847,volta,-7.233748255567692
4088.547,-1.0,4.094791350439664e-08,-0.3600000143051147,4.6994770741548564e-08,38,0.0599999725818634,volta,-7.387768222758584
4089.548,-1.0,2.829526657421866e-08,-0.300000011920929,4.8073854230779034e-08,38,0.06000000238418568,volta,-7.548286210151808
4090.549,-1.0,1.987847042528301e-08,-0.239999994635582,4.909244921691425e-08,38,0.06000001728534701,volta,-7.701617036005897
4091.548,-1.0,1.478838917989833e-08,-0.1800000071525574,5.006157266507216e-08,38,0.0599999874830246,volta,-7.830079128800967
4092.548,-1.0,1.213920164389037e-08,-0.119999997317791,5.1016510127510635e-08,38,0.0600000098347664,volta,-7.915809874467857
4093.548,-1.0,1.111841196888008e-08,-0.059999998658895486,5.1935650446921506e-08,38,0.05999999865889551,volta,-7.953957238149894
4094.547,-1.0,1.105529090494883e-08,0.0,5.273970415942131e-08,38,0.059999998658895486,volta,-7.956429825066108
4095.548,-1.0,1.1509835751155608e-08,0.059999998658895486,5.341093611832548e-08,38,0.059999998658895486,volta,-7.9389308738398645
4096.548,-1.0,1.224374823749486e-08,0.119999997317791,5.327957808276551e-08,38,0.05999999865889551,volta,-7.912085609178498
4097.614,-1.0,1.3177454682988808e-08,0.1800000071525574,5.375150635700265e-08,38,0.0600000098347664,volta,-7.880168468640741
4098.547,-1.0,1.416686767896636e-08,0.239999994635582,4.980014622901763e-08,38,0.0599999874830246,volta,-7.848726162463712
4100.081,-1.0,1.592813703155116e-08,0.300000011920929,5.346647569126617e-08,38,0.06000001728534701,volta,-7.797835016680388
4100.548,-1.0,1.762625068124635e-08,0.3600000143051147,5.242369383040568e-08,38,0.06000000238418568,volta,-7.753840057616383
4101.549,-1.0,1.998503229572179e-08,0.4199999868869781,5.245837186862445e-08,38,0.0599999725818634,volta,-7.699295145585391
4102.547,-1.0,2.283673339320558e-08,0.47999998927116394,5.355958876407385e-08,38,0.060000002384185847,volta,-7.641366018235516
4103.546,-1.0,2.651797537112088e-08,0.5400000214576721,5.5546212962553916e-08,38,0.06000003218650818,volta,-7.57645963708158
4156.546,-1.0,1.747087117109913e-05,-2.4600000381469727,-1.0911726633366921e-07,39,0.05999994277954146,volta,-4.757685438728113
4158.715,-1.0,1.719620195217431e-05,-2.400000095367432,-9.22406115932972e-08,39,0.05999994277954057,volta,-4.764567463171226
4159.565,-1.0,1.673052247497253e-05,-2.339999914169312,-8.258273709316198e-08,39,0.06000018119812012,volta,-4.77649049630871
4160.549,-1.0,1.618611713638529e-05,-2.2799999713897714,-7.305541060986796e-08,39,0.05999994277954057,volta,-4.790857321011199
4161.614,-1.0,1.557507493998855e-05,-2.2200000286102286,-6.306787980747686e-08,39,0.05999994277954279,volta,-4.807569855041493
4162.547,-1.0,1.490039812779287e-05,-2.160000085830688,-5.427941118796298e-08,39,0.05999994277954057,volta,-4.826802127400238
4163.548,-1.0,1.41888976941118e-05,-2.099999904632568,-4.61182132482918e-08,39,0.06000018119812012,volta,-4.848051342665128
4164.548,-1.0,1.341819734079763e-05,-2.039999961853027,-3.845796570089988e-08,39,0.059999942779541016,volta,-4.872305825264648
4165.548,-1.0,1.259857344848569e-05,-1.980000019073486,-3.12601109442312e-08,39,0.059999942779540794,volta,-4.899678627781271
4166.547,-1.0,1.17344970931299e-05,-1.919999957084656,-2.461128190134332e-08,39,0.06000006198883012,volta,-4.930535518281728
4167.548,-1.0,1.0823226148204412e-05,-1.8600000143051152,-1.845243069453772e-08,39,0.059999942779540794,volta,-4.965643266999777
4168.547,-1.0,9.831018360273449e-06,-1.799999952316284,-1.329387444570784e-08,39,0.06000006198883123,volta,-5.007401492814857
4169.565,-1.0,8.881354006007314e-06,-1.7400000095367427,-8.082961855393478e-09,39,0.05999994277954124,volta,-5.051520818848586
4170.547,-1.0,7.875471965235192e-06,-1.679999947547913,-3.844392360008441e-09,39,0.06000006198882968,volta,-5.103723410140858
4171.546,-1.0,6.873655365779996e-06,-1.620000004768372,-1.359939522105336e-10,39,0.059999942779541016,volta,-5.162812246492092
4172.546,-1.0,5.89943283557659e-06,-1.559999942779541,2.8718234457159038e-09,39,0.06000006198883101,volta,-5.229189738903504
4173.546,-1.0,4.98221152156475e-06,-1.5,5.485785159464739e-09,39,0.059999942779541016,volta,-5.3025778382811835
4174.546,-1.0,4.141268618695904e-06,-1.440000057220459,7.714331395902718e-09,39,0.059999942779541016,volta,-5.382866598564565
4175.547,-1.0,3.395603698663763e-06,-1.379999995231628,9.672319833953223e-09,39,0.06000006198883101,volta,-5.469083002034293
4176.548,-1.0,2.6982188501278874e-06,-1.320000052452087,9.223318109263799e-09,39,0.059999942779541016,volta,-5.568922827996851
4178.438,-1.0,2.168626679122099e-06,-1.2599999904632573,1.1935579635746761e-08,39,0.06000006198882968,volta,-5.663815203703459
4179.548,-1.0,1.73685907611798e-06,-1.200000047683716,1.439917074463892e-08,39,0.05999994277954124,volta,-5.7602354175616295
4180.547,-1.0,1.384227289236151e-06,-1.139999985694885,1.687572037667451e-08,39,0.06000006198883101,volta,-5.858792593147674
4181.547,-1.0,1.10149619558797e-06,-1.080000042915344,1.9530046913018847e-08,39,0.059999942779541016,volta,-5.958016998502323
4182.547,-1.0,8.734186849324033e-07,-1.019999980926514,2.216325967197008e-08,39,0.06000006198883012,volta,-6.058777521509895
4183.565,-1.0,6.97571863383928e-07,-0.959999978542328,2.544074106936023e-08,39,0.0600000023841859,volta,-6.156411045024364
4184.548,-1.0,5.542898406929453e-07,-0.8999999761581422,2.846077684637294e-08,39,0.06000000238418579,volta,-6.256263081305478
4185.548,-1.0,4.384384055811097e-07,-0.8399999737739563,3.138586279760602e-08,39,0.0600000023841859,volta,-6.358091410268657
4186.548,-1.0,3.443590514962125e-07,-0.7799999713897705,3.41568480166643e-08,39,0.06000000238418579,volta,-6.462988497074787
4187.548,-1.0,2.681277919691638e-07,-0.7200000286102295,3.676446880263029e-08,39,0.059999942779541016,volta,-6.571658168212968
4188.546,-1.0,2.0647942733376115e-07,-0.6600000262260437,3.91599073168436e-08,39,0.06000000238418579,volta,-6.685123212968897
4189.546,-1.0,1.571000751710017e-07,-0.6000000238418579,4.143179666016295e-08,39,0.06000000238418579,volta,-6.803823607153894
4190.546,-1.0,1.1775851049833361e-07,-0.5400000214576721,4.354636828907132e-08,39,0.06000000238418579,volta,-6.929007696267833
4191.546,-1.0,8.386489014355902e-08,-0.47999998927116394,4.52671997663856e-08,39,0.06000003218650818,volta,-7.076419817577047
4192.564,-1.0,6.226292725841631e-08,-0.4199999868869781,4.6592901981057366e-08,39,0.060000002384185847,volta,-7.205770465049388
4193.615,-1.0,4.383133855867527e-08,-0.3600000143051147,4.835233724520549e-08,39,0.0599999725818634,volta,-7.358215266289465
4194.547,-1.0,3.05155154478598e-08,-0.300000011920929,4.935318287380142e-08,39,0.06000000238418568,volta,-7.515479289830915
4195.549,-1.0,2.130166265601474e-08,-0.239999994635582,5.045231787903504e-08,39,0.06000001728534701,volta,-7.6715864973053245
4196.548,-1.0,1.453218434477321e-08,-0.1800000071525574,4.938907594009834e-08,39,0.0599999874830246,volta,-7.837669101628895
4197.945,-1.0,1.284282191704733e-08,-0.119999997317791,5.296151783795722e-08,39,0.0600000098347664,volta,-7.891339539479811
4198.548,-1.0,1.151491435535945e-08,-0.059999998658895486,5.3597020155393687e-08,39,0.05999999865889551,volta,-7.938739287845918
4199.549,-1.0,1.12740998758909e-08,0.0,5.435055427938096e-08,39,0.059999998658895486,volta,-7.947918122136359
